StudentID,Subject,July,August,September,October,November,December,SubjectAverage,OverallAverage
0001,CBCA201,85,76,88,75,74,82,80,82
0001,CBCA202,89,86,85,85,81,81,85,82
0001,CBCA203,76,73,78,89,78,88,80,82
0001,CBCA204,84,87,81,88,75,80,83,82
0002,CBCA201,12,7,4,9,13,12,10,11
0002,CBCA202,8,18,17,6,16,3,11,11
0002,CBCA203,3,15,19,5,16,20,13,11
0002,CBCA204,8,9,20,15,12,2,11,11
0003,CBCA201,77,82,88,80,80,86,82,81
0003,CBCA202,86,82,82,79,76,83,81,81
0003,CBCA203,89,74,79,79,82,86,82,81
0003,CBCA204,86,73,79,83,81,80,80,81
0004,CBCA201,64,64,72,76,74,76,71,72
0004,CBCA202,80,68,81,75,76,66,74,72
0004,CBCA203,73,75,66,77,71,64,71,72
0004,CBCA204,67,69,64,78,67,75,70,72
0005,CBCA201,64,49,57,53,53,54,55,59
0005,CBCA202,60,66,57,57,65,61,61,59
0005,CBCA203,58,50,64,59,48,63,57,59
0005,CBCA204,60,59,61,66,62,60,61,59
0006,CBCA201,77,86,85,80,76,77,80,83
0006,CBCA202,83,87,93,85,88,89,88,83
0006,CBCA203,85,84,92,82,77,89,85,83
0006,CBCA204,81,86,73,87,78,83,81,83
0007,CBCA201,79,73,68,79,69,76,74,74
0007,CBCA202,70,62,76,72,70,82,72,74
0007,CBCA203,73,76,71,78,68,70,73,74
0007,CBCA204,72,78,77,83,77,72,77,74
0008,CBCA201,96,100,100,90,100,95,97,96
0008,CBCA202,100,90,100,98,100,89,96,96
0008,CBCA203,88,100,95,98,95,94,95,96
0008,CBCA204,93,99,95,94,100,100,97,96
0009,CBCA201,76,74,73,79,84,78,77,75
0009,CBCA202,77,78,69,73,78,74,75,75
0009,CBCA203,81,77,71,64,71,74,73,75
0009,CBCA204,69,77,78,76,69,73,74,75
0010,CBCA201,68,61,54,56,58,59,59,59
0010,CBCA202,66,53,66,50,65,50,58,59
0010,CBCA203,55,57,59,59,55,52,56,59
0010,CBCA204,59,50,57,68,64,67,61,59
0011,CBCA201,60,61,63,65,61,58,61,56
0011,CBCA202,52,46,51,59,53,52,52,56
0011,CBCA203,53,58,59,51,58,61,57,56
0011,CBCA204,55,47,51,49,53,62,53,56
0012,CBCA201,53,56,46,54,50,55,52,52
0012,CBCA202,53,53,52,49,59,61,55,52
0012,CBCA203,44,53,55,61,54,44,52,52
0012,CBCA204,56,52,46,42,56,45,50,52
0013,CBCA201,86,92,85,86,96,87,89,89
0013,CBCA202,90,87,93,97,86,81,89,89
0013,CBCA203,92,89,94,83,85,95,90,89
0013,CBCA204,87,90,81,91,82,94,88,89
0014,CBCA201,56,65,69,68,68,70,66,64
0014,CBCA202,62,69,63,69,61,59,64,64
0014,CBCA203,63,72,55,63,68,60,64,64
0014,CBCA204,57,58,65,71,73,63,65,64
0015,CBCA201,58,74,59,60,67,64,64,64
0015,CBCA202,56,68,70,62,52,69,63,64
0015,CBCA203,72,71,68,70,60,63,67,64
0015,CBCA204,74,55,60,73,52,67,64,64
0016,CBCA201,74,61,64,73,62,71,68,68
0016,CBCA202,64,62,70,67,75,63,67,68
0016,CBCA203,65,64,77,67,68,74,69,68
0016,CBCA204,72,65,66,71,68,75,70,68
0017,CBCA201,51,51,56,53,46,52,52,52
0017,CBCA202,60,53,57,56,59,46,55,52
0017,CBCA203,50,54,51,51,47,57,52,52
0017,CBCA204,46,58,49,55,44,49,50,52
0018,CBCA201,87,96,93,95,91,88,92,93
0018,CBCA202,97,85,95,97,90,100,94,93
0018,CBCA203,91,91,92,89,92,95,92,93
0018,CBCA204,90,96,91,100,93,99,95,93
0019,CBCA201,68,58,60,70,65,68,65,66
0019,CBCA202,62,64,60,60,72,71,65,66
0019,CBCA203,64,66,59,65,69,66,65,66
0019,CBCA204,74,65,63,66,68,71,68,66
0020,CBCA201,63,58,66,56,58,62,61,64
0020,CBCA202,62,66,63,68,67,67,66,64
0020,CBCA203,72,67,63,69,62,63,66,64
0020,CBCA204,58,67,57,54,69,69,62,64
0021,CBCA201,70,65,59,57,62,62,63,63
0021,CBCA202,66,57,69,58,67,64,64,63
0021,CBCA203,69,64,59,54,58,72,63,63
0021,CBCA204,74,63,57,65,67,59,64,63
0022,CBCA201,69,65,63,56,62,60,63,64
0022,CBCA202,58,70,68,66,66,57,64,64
0022,CBCA203,69,68,64,61,64,59,64,64
0022,CBCA204,59,65,65,53,74,65,64,64
0023,CBCA201,43,36,33,43,40,31,38,39
0023,CBCA202,41,35,47,38,28,33,37,39
0023,CBCA203,41,50,33,38,42,41,41,39
0023,CBCA204,39,40,48,34,38,42,40,39
0024,CBCA201,32,29,26,15,17,23,24,25
0024,CBCA202,30,33,18,20,23,23,25,25
0024,CBCA203,22,23,22,16,27,27,23,25
0024,CBCA204,36,29,30,24,26,31,29,25
0025,CBCA201,97,99,98,100,100,100,99,98
0025,CBCA202,100,100,98,96,100,90,97,98
0025,CBCA203,89,97,94,100,94,91,94,98
0025,CBCA204,100,100,99,100,98,100,100,98
0026,CBCA201,82,82,79,75,75,91,81,80
0026,CBCA202,73,76,72,77,80,86,77,80
0026,CBCA203,77,84,77,80,87,79,81,80
0026,CBCA204,86,82,80,71,82,89,82,80
0027,CBCA201,58,53,51,59,48,50,53,51
0027,CBCA202,49,46,53,50,51,53,50,51
0027,CBCA203,55,53,49,48,50,43,50,51
0027,CBCA204,59,45,52,52,52,46,51,51
0028,CBCA201,39,40,41,29,43,28,37,39
0028,CBCA202,36,38,42,37,34,33,37,39
0028,CBCA203,47,35,44,34,33,44,40,39
0028,CBCA204,39,31,45,46,46,48,43,39
0029,CBCA201,34,27,32,36,36,31,33,32
0029,CBCA202,36,28,28,30,37,35,32,32
0029,CBCA203,31,29,32,30,26,32,30,32
0029,CBCA204,31,33,29,29,38,30,32,32
0030,CBCA201,20,18,12,24,31,26,22,24
0030,CBCA202,34,23,17,19,29,26,25,24
0030,CBCA203,31,26,22,28,24,24,26,24
0030,CBCA204,18,21,23,22,31,25,23,24
0031,CBCA201,54,64,58,63,62,58,60,59
0031,CBCA202,58,51,62,53,53,55,55,59
0031,CBCA203,67,57,67,50,65,58,61,59
0031,CBCA204,66,63,54,60,54,54,59,59
0032,CBCA201,79,70,73,70,72,73,73,78
0032,CBCA202,82,84,81,85,76,82,82,78
0032,CBCA203,73,88,80,88,71,66,78,78
0032,CBCA204,84,82,79,80,78,71,79,78
0033,CBCA201,34,37,39,39,45,45,40,37
0033,CBCA202,39,33,43,40,42,33,38,37
0033,CBCA203,48,35,35,29,34,34,36,37
0033,CBCA204,30,34,33,37,31,37,34,37
0034,CBCA201,77,85,84,81,82,89,83,81
0034,CBCA202,80,76,76,90,83,89,82,81
0034,CBCA203,82,79,83,81,77,84,81,81
0034,CBCA204,73,81,81,82,76,78,79,81
0035,CBCA201,72,82,79,77,73,83,78,82
0035,CBCA202,84,76,89,80,74,86,82,82
0035,CBCA203,78,82,89,81,75,78,81,82
0035,CBCA204,86,86,90,90,81,85,86,82
0036,CBCA201,55,60,61,53,62,61,59,57
0036,CBCA202,59,57,58,53,52,64,57,57
0036,CBCA203,65,53,53,48,49,57,54,57
0036,CBCA204,63,61,54,60,57,53,58,57
0037,CBCA201,67,58,65,75,62,70,66,65
0037,CBCA202,64,61,59,58,57,72,62,65
0037,CBCA203,60,69,62,72,59,63,64,65
0037,CBCA204,62,72,69,73,66,68,68,65
0038,CBCA201,89,89,75,81,82,82,83,81
0038,CBCA202,73,80,88,76,85,78,80,81
0038,CBCA203,78,84,75,83,77,83,80,81
0038,CBCA204,76,89,76,76,86,83,81,81
0039,CBCA201,95,94,93,100,89,100,95,96
0039,CBCA202,95,98,96,100,100,99,98,96
0039,CBCA203,91,92,97,95,93,95,94,96
0039,CBCA204,91,100,89,100,92,100,95,96
0040,CBCA201,64,64,65,70,57,61,64,64
0040,CBCA202,62,57,65,62,59,59,61,64
0040,CBCA203,56,65,61,64,65,63,62,64
0040,CBCA204,70,63,70,70,66,75,69,64
0041,CBCA201,36,27,33,31,34,24,31,32
0041,CBCA202,30,32,28,24,31,25,28,32
0041,CBCA203,34,27,38,35,28,33,33,32
0041,CBCA204,35,37,40,36,27,32,35,32
0042,CBCA201,34,36,35,34,28,35,34,31
0042,CBCA202,21,32,20,36,25,36,28,31
0042,CBCA203,31,35,35,34,33,35,34,31
0042,CBCA204,26,22,26,22,30,37,27,31
0043,CBCA201,78,78,84,80,74,81,79,80
0043,CBCA202,83,80,77,75,84,80,80,80
0043,CBCA203,77,83,75,80,79,91,81,80
0043,CBCA204,72,73,79,81,81,86,79,80
0044,CBCA201,73,83,78,79,78,87,80,81
0044,CBCA202,93,80,78,77,75,80,81,81
0044,CBCA203,82,83,81,79,83,91,83,81
0044,CBCA204,81,79,79,87,74,74,79,81
0045,CBCA201,100,97,100,91,100,98,98,98
0045,CBCA202,97,100,99,99,94,100,98,98
0045,CBCA203,99,96,96,93,96,98,96,98
0045,CBCA204,100,100,100,100,91,99,98,98
0046,CBCA201,62,45,61,55,47,48,53,54
0046,CBCA202,52,57,46,51,58,52,53,54
0046,CBCA203,56,43,62,51,55,58,54,54
0046,CBCA204,58,59,59,48,57,59,57,54
0047,CBCA201,92,89,82,91,88,89,89,86
0047,CBCA202,79,87,87,72,86,85,83,86
0047,CBCA203,84,88,79,82,91,92,86,86
0047,CBCA204,94,90,92,85,78,93,89,86
0048,CBCA201,100,100,97,98,98,100,99,97
0048,CBCA202,93,100,100,94,100,100,98,97
0048,CBCA203,92,90,100,100,95,92,95,97
0048,CBCA204,92,98,100,100,99,100,98,97
0049,CBCA201,73,79,83,84,80,86,81,81
0049,CBCA202,73,75,80,88,86,76,80,81
0049,CBCA203,82,90,91,73,84,86,84,81
0049,CBCA204,74,79,88,81,78,76,79,81
0050,CBCA201,74,88,72,83,79,80,79,81
0050,CBCA202,78,83,84,87,83,84,83,81
0050,CBCA203,77,76,86,78,77,84,80,81
0050,CBCA204,82,83,78,80,83,86,82,81
0051,CBCA201,71,57,60,65,63,69,64,63
0051,CBCA202,59,65,67,64,65,68,65,63
0051,CBCA203,61,61,62,65,56,67,62,63
0051,CBCA204,61,64,58,59,60,60,60,63
0052,CBCA201,13,19,24,24,18,17,19,21
0052,CBCA202,18,30,17,29,19,18,22,21
0052,CBCA203,20,32,27,14,24,11,21,21
0052,CBCA204,19,10,27,25,27,15,21,21
0053,CBCA201,0,10,2,4,1,0,3,4
0053,CBCA202,10,6,0,0,0,9,4,4
0053,CBCA203,13,4,0,2,0,11,5,4
0053,CBCA204,6,0,0,2,7,12,5,4
0054,CBCA201,96,96,95,100,84,100,95,95
0054,CBCA202,92,92,100,85,90,96,93,95
0054,CBCA203,88,88,100,100,97,100,96,95
0054,CBCA204,100,96,99,90,99,94,96,95
0055,CBCA201,25,22,25,31,28,14,24,24
0055,CBCA202,35,27,28,21,35,24,28,24
0055,CBCA203,27,28,17,19,18,20,22,24
0055,CBCA204,28,21,20,25,28,15,23,24
0056,CBCA201,69,68,67,71,63,56,66,62
0056,CBCA202,58,60,58,60,62,66,61,62
0056,CBCA203,67,55,64,54,65,70,63,62
0056,CBCA204,67,58,67,57,56,60,61,62
0057,CBCA201,90,90,92,91,90,92,91,90
0057,CBCA202,97,85,95,85,89,85,89,90
0057,CBCA203,88,97,87,89,87,87,89,90
0057,CBCA204,88,86,97,88,95,91,91,90
0058,CBCA201,80,65,73,69,67,79,72,71
0058,CBCA202,67,71,61,73,68,66,68,71
0058,CBCA203,72,74,79,73,70,75,74,71
0058,CBCA204,72,78,70,68,75,63,71,71
0059,CBCA201,88,83,85,99,95,87,90,90
0059,CBCA202,95,89,81,98,88,76,88,90
0059,CBCA203,90,85,89,84,95,94,90,90
0059,CBCA204,96,89,84,99,89,99,93,90
0060,CBCA201,91,85,93,85,87,91,89,89
0060,CBCA202,98,82,90,89,92,87,90,89
0060,CBCA203,91,92,90,95,89,83,90,89
0060,CBCA204,84,99,82,89,84,86,87,89
0061,CBCA201,57,61,49,48,56,48,53,54
0061,CBCA202,54,54,61,51,53,57,55,54
0061,CBCA203,58,50,48,48,50,55,52,54
0061,CBCA204,60,54,58,61,51,53,56,54
0062,CBCA201,68,59,56,68,64,70,64,65
0062,CBCA202,59,61,69,66,74,65,66,65
0062,CBCA203,55,61,72,72,59,55,62,65
0062,CBCA204,63,76,54,76,66,65,67,65
0063,CBCA201,12,7,8,13,0,0,7,7
0063,CBCA202,15,0,3,5,4,0,5,7
0063,CBCA203,9,13,10,4,7,8,9,7
0063,CBCA204,14,6,11,0,9,11,9,7
0064,CBCA201,66,67,78,76,79,74,73,75
0064,CBCA202,82,71,69,73,67,75,73,75
0064,CBCA203,75,79,74,81,83,71,77,75
0064,CBCA204,80,70,73,66,75,85,75,75
0065,CBCA201,10,16,14,6,20,15,14,12
0065,CBCA202,15,7,10,16,11,13,12,12
0065,CBCA203,3,7,7,2,12,13,7,12
0065,CBCA204,22,16,21,13,5,16,16,12
0066,CBCA201,79,87,75,80,80,84,81,80
0066,CBCA202,85,85,81,87,69,84,82,80
0066,CBCA203,77,76,87,78,77,85,80,80
0066,CBCA204,84,79,81,71,76,78,78,80
0067,CBCA201,51,47,45,42,61,54,50,52
0067,CBCA202,59,52,58,55,52,55,55,52
0067,CBCA203,53,60,41,62,51,43,52,52
0067,CBCA204,42,59,47,54,47,46,49,52
0068,CBCA201,36,29,44,35,36,30,35,37
0068,CBCA202,42,48,41,39,37,30,40,37
0068,CBCA203,32,41,39,31,41,41,38,37
0068,CBCA204,39,40,33,38,46,25,37,37
0069,CBCA201,78,82,77,79,74,73,77,81
0069,CBCA202,79,89,86,90,84,84,85,81
0069,CBCA203,85,80,79,78,82,85,82,81
0069,CBCA204,73,73,82,82,79,85,79,81
0070,CBCA201,69,71,74,73,74,79,73,73
0070,CBCA202,71,81,67,64,64,74,70,73
0070,CBCA203,71,75,77,74,69,75,74,73
0070,CBCA204,67,71,75,73,75,81,74,73
0071,CBCA201,69,62,64,72,55,68,65,66
0071,CBCA202,62,65,66,68,77,62,67,66
0071,CBCA203,73,67,64,71,66,66,68,66
0071,CBCA204,63,68,60,64,61,64,63,66
0072,CBCA201,80,79,79,74,71,70,76,73
0072,CBCA202,68,62,70,77,80,69,71,73
0072,CBCA203,69,71,67,76,64,77,71,73
0072,CBCA204,67,70,80,73,73,78,74,73
0073,CBCA201,0,1,10,0,1,0,2,3
0073,CBCA202,1,1,0,0,3,13,3,3
0073,CBCA203,5,0,2,0,2,0,2,3
0073,CBCA204,9,5,9,6,2,12,7,3
0074,CBCA201,100,95,91,95,94,95,95,94
0074,CBCA202,89,95,96,84,100,95,93,94
0074,CBCA203,92,100,99,85,86,95,93,94
0074,CBCA204,88,100,99,93,87,100,95,94
0075,CBCA201,42,59,58,54,50,57,53,50
0075,CBCA202,50,50,48,50,46,44,48,50
0075,CBCA203,56,49,50,43,52,49,50,50
0075,CBCA204,46,39,54,50,52,49,48,50
0076,CBCA201,78,86,82,75,71,83,79,80
0076,CBCA202,79,77,76,80,79,87,80,80
0076,CBCA203,89,71,84,83,80,91,83,80
0076,CBCA204,80,74,82,74,88,76,79,80
0077,CBCA201,47,35,45,48,40,41,43,43
0077,CBCA202,47,49,42,40,39,45,44,43
0077,CBCA203,37,44,41,33,41,52,41,43
0077,CBCA204,43,45,40,52,35,51,44,43
0078,CBCA201,91,87,80,87,74,84,84,83
0078,CBCA202,79,82,84,74,88,84,82,83
0078,CBCA203,76,89,76,84,79,77,80,83
0078,CBCA204,78,90,92,77,80,92,85,83
0079,CBCA201,94,93,88,89,98,79,90,89
0079,CBCA202,86,89,83,100,84,81,87,89
0079,CBCA203,90,88,98,96,82,86,90,89
0079,CBCA204,88,94,99,81,90,87,90,89
0080,CBCA201,53,58,62,64,61,60,60,60
0080,CBCA202,58,70,51,63,58,62,60,60
0080,CBCA203,61,58,62,58,61,64,61,60
0080,CBCA204,51,58,59,66,70,63,61,60
0081,CBCA201,100,89,92,99,94,92,94,91
0081,CBCA202,84,88,90,93,85,81,87,91
0081,CBCA203,90,96,93,91,96,94,93,91
0081,CBCA204,80,93,86,95,88,95,90,91
0082,CBCA201,85,81,88,86,85,79,84,83
0082,CBCA202,76,86,75,84,88,90,83,83
0082,CBCA203,83,78,90,84,76,86,83,83
0082,CBCA204,83,73,90,82,87,79,82,83
0083,CBCA201,30,36,24,24,37,23,29,28
0083,CBCA202,28,19,26,25,24,21,24,28
0083,CBCA203,33,32,29,35,27,25,30,28
0083,CBCA204,35,24,29,28,31,26,29,28
0084,CBCA201,29,27,27,26,21,19,25,26
0084,CBCA202,19,22,21,26,26,23,23,26
0084,CBCA203,29,31,25,34,28,33,30,26
0084,CBCA204,28,32,23,29,25,29,28,26
0085,CBCA201,77,78,75,82,82,82,79,80
0085,CBCA202,85,79,87,88,84,74,83,80
0085,CBCA203,75,76,84,81,80,80,79,80
0085,CBCA204,85,79,77,80,81,79,80,80
0086,CBCA201,88,82,82,87,73,82,82,83
0086,CBCA202,82,93,88,82,73,82,83,83
0086,CBCA203,82,82,92,79,87,73,83,83
0086,CBCA204,82,77,80,92,81,85,83,83
0087,CBCA201,67,63,67,59,59,59,62,57
0087,CBCA202,65,67,55,52,55,54,58,57
0087,CBCA203,53,55,47,60,54,55,54,57
0087,CBCA204,56,49,55,50,52,63,54,57
0088,CBCA201,31,33,23,37,35,42,34,33
0088,CBCA202,33,42,33,42,32,27,35,33
0088,CBCA203,37,33,30,34,37,25,33,33
0088,CBCA204,32,34,32,37,26,34,33,33
0089,CBCA201,83,80,79,82,78,90,82,86
0089,CBCA202,79,87,94,90,92,87,88,86
0089,CBCA203,79,86,89,91,82,96,87,86
0089,CBCA204,89,87,88,86,73,94,86,86
0090,CBCA201,83,75,85,77,78,73,79,80
0090,CBCA202,87,87,74,71,80,78,80,80
0090,CBCA203,79,84,79,85,77,87,82,80
0090,CBCA204,80,74,83,81,88,86,82,80
0091,CBCA201,74,77,81,71,76,69,75,81
0091,CBCA202,89,90,78,78,86,87,85,81
0091,CBCA203,84,87,83,81,83,76,82,81
0091,CBCA204,80,76,81,82,89,80,81,81
0092,CBCA201,43,51,54,65,57,43,52,56
0092,CBCA202,48,57,65,62,58,52,57,56
0092,CBCA203,54,61,51,62,62,54,57,56
0092,CBCA204,52,65,51,52,57,61,56,56
0093,CBCA201,88,84,88,90,93,92,89,89
0093,CBCA202,98,93,86,92,87,89,91,89
0093,CBCA203,92,85,84,86,88,85,87,89
0093,CBCA204,89,90,81,90,90,90,88,89
0094,CBCA201,69,71,77,69,75,83,74,73
0094,CBCA202,75,78,66,72,70,76,73,73
0094,CBCA203,76,74,76,71,77,78,75,73
0094,CBCA204,80,70,73,65,68,74,72,73
0095,CBCA201,79,82,84,89,90,83,85,86
0095,CBCA202,87,87,78,88,83,85,85,86
0095,CBCA203,83,97,92,86,93,83,89,86
0095,CBCA204,83,89,82,90,79,86,85,86
0096,CBCA201,89,89,97,87,96,88,91,87
0096,CBCA202,88,91,88,83,89,85,87,87
0096,CBCA203,86,94,84,87,85,86,87,87
0096,CBCA204,85,88,87,80,83,83,84,87
0097,CBCA201,49,50,60,39,48,50,49,50
0097,CBCA202,48,53,46,46,61,47,50,50
0097,CBCA203,55,54,45,46,43,49,49,50
0097,CBCA204,48,56,54,48,53,57,53,50
0098,CBCA201,63,60,58,59,57,61,60,61
0098,CBCA202,57,64,58,54,66,61,60,61
0098,CBCA203,63,58,57,65,59,55,60,61
0098,CBCA204,68,73,65,64,57,56,64,61
0099,CBCA201,100,93,100,96,97,98,97,96
0099,CBCA202,89,91,96,94,100,100,95,96
0099,CBCA203,95,96,95,99,100,94,97,96
0099,CBCA204,89,96,100,96,100,97,96,96
0100,CBCA201,41,35,36,47,39,37,39,42
0100,CBCA202,44,43,35,54,44,38,43,42
0100,CBCA203,43,42,53,50,42,47,46,42
0100,CBCA204,33,40,43,38,39,43,39,42
0101,CBCA201,85,84,84,85,73,76,81,78
0101,CBCA202,74,72,79,74,77,81,76,78
0101,CBCA203,77,72,82,81,76,75,77,78
0101,CBCA204,79,84,78,82,75,70,78,78
0102,CBCA201,87,76,79,90,83,81,83,83
0102,CBCA202,82,83,77,81,89,86,83,83
0102,CBCA203,80,77,84,87,85,89,84,83
0102,CBCA204,80,86,71,84,84,86,82,83
0103,CBCA201,41,47,47,43,40,47,44,43
0103,CBCA202,48,43,35,46,46,52,45,43
0103,CBCA203,40,54,38,47,37,41,43,43
0103,CBCA204,39,36,32,41,49,35,39,43
0104,CBCA201,100,100,100,100,98,94,99,99
0104,CBCA202,99,100,100,95,97,100,99,99
0104,CBCA203,100,98,95,100,100,100,99,99
0104,CBCA204,99,98,94,99,98,100,98,99
0105,CBCA201,49,53,49,61,59,51,54,52
0105,CBCA202,48,51,42,48,51,44,47,52
0105,CBCA203,57,56,54,56,55,46,54,52
0105,CBCA204,54,55,51,46,53,47,51,52
0106,CBCA201,24,26,31,31,32,32,29,29
0106,CBCA202,32,30,30,35,27,28,30,29
0106,CBCA203,31,20,34,25,23,22,26,29
0106,CBCA204,33,33,36,23,29,19,29,29
0107,CBCA201,66,64,75,82,71,70,71,70
0107,CBCA202,67,69,63,71,77,68,69,70
0107,CBCA203,61,70,73,61,65,76,68,70
0107,CBCA204,71,81,66,81,73,65,73,70
0108,CBCA201,51,59,54,47,52,41,51,51
0108,CBCA202,53,55,45,52,48,60,52,51
0108,CBCA203,56,51,42,53,52,43,50,51
0108,CBCA204,49,58,49,59,50,47,52,51
0109,CBCA201,53,56,47,58,46,52,52,57
0109,CBCA202,58,67,58,54,65,66,61,57
0109,CBCA203,49,54,60,59,56,53,55,57
0109,CBCA204,63,62,59,54,60,48,58,57
0110,CBCA201,78,87,72,74,82,73,78,77
0110,CBCA202,72,81,79,68,76,76,75,77
0110,CBCA203,81,85,77,73,76,71,77,77
0110,CBCA204,75,79,82,76,75,77,77,77
0111,CBCA201,76,83,84,80,82,76,80,82
0111,CBCA202,83,92,78,83,79,78,82,82
0111,CBCA203,84,87,82,87,91,80,85,82
0111,CBCA204,86,76,75,84,89,84,82,82
0112,CBCA201,64,71,64,64,73,78,69,69
0112,CBCA202,69,72,72,70,66,65,69,69
0112,CBCA203,72,70,66,61,79,63,69,69
0112,CBCA204,69,67,64,78,76,74,71,69
0113,CBCA201,63,66,69,70,57,63,65,64
0113,CBCA202,60,60,65,70,60,59,62,64
0113,CBCA203,69,70,69,71,66,57,67,64
0113,CBCA204,57,55,54,65,63,66,60,64
0114,CBCA201,57,60,57,53,55,46,55,53
0114,CBCA202,55,57,44,52,54,49,52,53
0114,CBCA203,59,51,44,59,53,58,54,53
0114,CBCA204,56,44,43,55,61,57,53,53
0115,CBCA201,92,79,92,81,93,91,88,88
0115,CBCA202,89,85,88,91,84,85,87,88
0115,CBCA203,81,81,88,95,82,90,86,88
0115,CBCA204,96,91,90,81,90,90,90,88
0116,CBCA201,51,47,56,52,57,47,52,52
0116,CBCA202,52,56,44,51,62,46,52,52
0116,CBCA203,44,45,47,60,57,47,50,52
0116,CBCA204,45,59,54,50,51,59,53,52
0117,CBCA201,80,70,68,86,74,73,75,76
0117,CBCA202,68,79,78,69,73,82,75,76
0117,CBCA203,71,78,78,77,79,80,77,76
0117,CBCA204,80,70,72,82,76,76,76,76
0118,CBCA201,54,67,50,57,56,61,58,58
0118,CBCA202,59,63,55,52,50,63,57,58
0118,CBCA203,65,60,51,61,49,65,59,58
0118,CBCA204,61,55,54,58,65,69,60,58
0119,CBCA201,99,96,98,96,100,91,97,96
0119,CBCA202,100,100,98,94,96,91,97,96
0119,CBCA203,94,86,99,96,96,100,95,96
0119,CBCA204,100,99,98,92,96,95,97,96
0120,CBCA201,69,67,73,72,66,62,68,65
0120,CBCA202,71,59,62,65,60,70,65,65
0120,CBCA203,60,59,66,64,70,64,64,65
0120,CBCA204,66,72,71,62,63,57,65,65
0121,CBCA201,59,61,60,67,63,64,62,57
0121,CBCA202,57,57,58,54,61,57,57,57
0121,CBCA203,57,55,49,55,49,58,54,57
0121,CBCA204,57,54,50,61,47,63,55,57
0122,CBCA201,43,40,35,32,31,38,37,34
0122,CBCA202,32,37,36,33,31,37,34,34
0122,CBCA203,25,39,43,45,33,36,37,34
0122,CBCA204,32,28,32,27,34,27,30,34
0123,CBCA201,77,79,85,79,75,85,80,80
0123,CBCA202,86,82,81,72,75,83,80,80
0123,CBCA203,79,77,86,79,67,70,76,80
0123,CBCA204,77,89,86,77,78,85,82,80
0124,CBCA201,86,71,73,80,78,78,78,77
0124,CBCA202,82,73,79,70,75,77,76,77
0124,CBCA203,78,79,86,78,78,77,79,77
0124,CBCA204,74,86,73,75,71,74,76,77
0125,CBCA201,64,66,64,77,56,69,66,67
0125,CBCA202,65,57,76,67,62,72,67,67
0125,CBCA203,67,71,75,69,65,68,69,67
0125,CBCA204,55,72,73,71,70,68,68,67
0126,CBCA201,96,89,92,90,85,82,89,89
0126,CBCA202,92,81,90,98,89,84,89,89
0126,CBCA203,90,91,89,87,92,84,89,89
0126,CBCA204,96,86,86,94,93,90,91,89
0127,CBCA201,61,47,48,54,52,65,55,57
0127,CBCA202,60,61,55,53,59,62,58,57
0127,CBCA203,51,57,55,57,52,68,57,57
0127,CBCA204,60,56,67,52,56,65,59,57
0128,CBCA201,34,43,45,52,54,49,46,43
0128,CBCA202,53,41,47,35,46,43,44,43
0128,CBCA203,36,34,38,46,41,51,41,43
0128,CBCA204,40,39,43,40,35,35,39,43
0129,CBCA201,60,69,70,69,72,55,66,64
0129,CBCA202,75,66,69,69,55,65,67,64
0129,CBCA203,57,60,66,56,66,63,61,64
0129,CBCA204,64,56,65,65,59,70,63,64
0130,CBCA201,88,87,79,87,83,92,86,86
0130,CBCA202,80,96,83,92,85,90,88,86
0130,CBCA203,87,84,92,91,86,84,87,86
0130,CBCA204,78,87,93,88,84,79,85,86
0131,CBCA201,6,21,18,17,14,11,15,16
0131,CBCA202,16,24,22,12,19,21,19,16
0131,CBCA203,18,13,11,16,18,20,16,16
0131,CBCA204,7,16,17,17,15,26,16,16
0132,CBCA201,67,58,55,60,57,66,61,59
0132,CBCA202,58,56,56,66,53,60,58,59
0132,CBCA203,70,53,55,62,63,50,59,59
0132,CBCA204,58,64,59,54,53,60,58,59
0133,CBCA201,74,71,68,74,75,70,72,71
0133,CBCA202,72,79,60,70,75,69,71,71
0133,CBCA203,79,82,71,61,65,80,73,71
0133,CBCA204,75,75,66,68,62,73,70,71
0134,CBCA201,74,75,81,87,69,80,78,80
0134,CBCA202,78,80,80,82,89,88,83,80
0134,CBCA203,77,79,77,87,81,74,79,80
0134,CBCA204,86,78,83,69,82,72,78,80
0135,CBCA201,52,56,60,51,53,62,56,56
0135,CBCA202,52,65,56,56,61,63,59,56
0135,CBCA203,46,55,56,66,68,55,58,56
0135,CBCA204,48,53,52,52,59,56,53,56
0136,CBCA201,82,88,86,84,89,91,87,84
0136,CBCA202,79,77,87,77,81,87,81,84
0136,CBCA203,82,88,92,77,76,88,84,84
0136,CBCA204,91,76,89,92,81,85,86,84
0137,CBCA201,94,80,94,88,90,93,90,89
0137,CBCA202,97,99,97,80,83,88,91,89
0137,CBCA203,89,86,92,82,88,94,89,89
0137,CBCA204,89,92,87,87,87,91,89,89
0138,CBCA201,83,67,77,69,71,74,74,75
0138,CBCA202,68,76,76,70,71,72,72,75
0138,CBCA203,74,80,81,81,79,74,78,75
0138,CBCA204,72,68,81,70,77,78,74,75
0139,CBCA201,92,93,90,88,87,89,90,88
0139,CBCA202,89,88,87,79,92,88,87,88
0139,CBCA203,94,94,84,90,91,81,89,88
0139,CBCA204,87,83,78,86,89,88,85,88
0140,CBCA201,89,89,90,92,79,91,88,87
0140,CBCA202,88,91,77,88,86,86,86,87
0140,CBCA203,85,86,93,88,96,90,90,87
0140,CBCA204,85,81,87,86,80,87,84,87
0141,CBCA201,68,75,73,72,82,72,74,73
0141,CBCA202,64,71,65,81,83,71,73,73
0141,CBCA203,68,69,72,68,81,77,73,73
0141,CBCA204,75,62,81,72,64,76,72,73
0142,CBCA201,91,90,84,90,99,90,91,93
0142,CBCA202,100,95,92,95,100,86,95,93
0142,CBCA203,85,100,96,87,99,92,93,93
0142,CBCA204,86,92,100,100,88,90,93,93
0143,CBCA201,92,89,88,90,91,100,92,90
0143,CBCA202,79,90,92,89,93,95,90,90
0143,CBCA203,84,90,93,95,86,92,90,90
0143,CBCA204,92,92,82,81,99,94,90,90
0144,CBCA201,51,49,52,47,58,54,52,51
0144,CBCA202,49,43,54,51,58,56,52,51
0144,CBCA203,47,52,56,55,46,60,53,51
0144,CBCA204,51,45,55,53,46,43,49,51
0145,CBCA201,0,4,2,5,2,4,3,3
0145,CBCA202,4,10,3,0,0,5,4,3
0145,CBCA203,0,8,1,0,9,1,3,3
0145,CBCA204,4,0,2,2,0,2,2,3
0146,CBCA201,56,66,65,50,59,59,59,61
0146,CBCA202,63,64,63,53,58,69,62,61
0146,CBCA203,69,66,54,66,61,59,63,61
0146,CBCA204,60,56,60,62,62,57,60,61
0147,CBCA201,34,28,35,30,35,34,33,32
0147,CBCA202,23,32,32,41,31,31,32,32
0147,CBCA203,34,25,33,32,32,29,31,32
0147,CBCA204,34,27,26,28,34,40,32,32
0148,CBCA201,89,88,93,96,100,100,94,96
0148,CBCA202,94,100,88,97,92,100,95,96
0148,CBCA203,97,98,98,99,92,92,96,96
0148,CBCA204,96,95,97,99,99,93,97,96
0149,CBCA201,49,49,44,50,40,48,47,44
0149,CBCA202,40,40,41,49,46,45,44,44
0149,CBCA203,41,38,41,47,45,38,42,44
0149,CBCA204,45,44,40,42,44,47,44,44
0150,CBCA201,67,79,85,82,70,73,76,74
0150,CBCA202,73,82,67,74,74,79,75,74
0150,CBCA203,68,76,68,74,74,81,74,74
0150,CBCA204,81,72,65,70,77,76,74,74
0151,CBCA201,61,59,56,67,55,61,60,61
0151,CBCA202,55,51,62,64,65,63,60,61
0151,CBCA203,61,70,67,56,51,68,62,61
0151,CBCA204,51,64,60,65,60,64,61,61
0152,CBCA201,68,63,58,70,70,66,66,67
0152,CBCA202,71,66,65,69,78,68,70,67
0152,CBCA203,68,69,70,70,54,68,67,67
0152,CBCA204,60,67,63,68,64,70,65,67
0153,CBCA201,87,96,82,93,88,95,90,91
0153,CBCA202,93,99,89,91,88,90,92,91
0153,CBCA203,95,98,83,87,90,89,90,91
0153,CBCA204,92,93,89,90,98,100,94,91
0154,CBCA201,30,41,37,37,42,49,39,39
0154,CBCA202,42,37,38,39,36,45,40,39
0154,CBCA203,27,42,40,33,37,29,35,39
0154,CBCA204,36,45,44,45,34,40,41,39
0155,CBCA201,89,84,82,84,94,79,85,85
0155,CBCA202,90,85,95,85,82,77,86,85
0155,CBCA203,88,74,84,90,86,77,83,85
0155,CBCA204,87,83,78,82,87,95,85,85
0156,CBCA201,44,43,46,34,50,45,44,44
0156,CBCA202,48,48,45,46,45,41,46,44
0156,CBCA203,48,35,54,37,45,40,43,44
0156,CBCA204,42,35,43,53,50,33,43,44
0157,CBCA201,53,43,52,42,41,40,45,46
0157,CBCA202,46,46,51,48,47,53,49,46
0157,CBCA203,47,49,40,48,40,49,46,46
0157,CBCA204,55,52,44,46,45,37,47,46
0158,CBCA201,100,100,99,92,93,100,97,97
0158,CBCA202,93,93,94,90,92,100,94,97
0158,CBCA203,99,100,97,100,100,100,99,97
0158,CBCA204,100,100,100,97,100,100,100,97
0159,CBCA201,44,53,53,60,56,46,52,53
0159,CBCA202,50,61,59,47,52,53,54,53
0159,CBCA203,52,50,48,60,42,51,51,53
0159,CBCA204,58,48,55,56,53,58,55,53
0160,CBCA201,61,64,55,69,62,63,62,65
0160,CBCA202,66,61,73,72,55,73,67,65
0160,CBCA203,63,58,65,62,73,64,64,65
0160,CBCA204,73,65,69,64,64,65,67,65
0161,CBCA201,50,47,53,45,49,41,48,50
0161,CBCA202,45,53,53,51,48,58,51,50
0161,CBCA203,53,52,53,44,41,46,48,50
0161,CBCA204,54,48,54,53,53,56,53,50
0162,CBCA201,63,62,74,60,70,63,65,67
0162,CBCA202,66,70,69,74,68,78,71,67
0162,CBCA203,68,70,67,62,63,72,67,67
0162,CBCA204,61,63,69,59,68,70,65,67
0163,CBCA201,90,91,85,86,87,82,87,90
0163,CBCA202,90,95,91,83,90,89,90,90
0163,CBCA203,94,90,89,99,89,89,92,90
0163,CBCA204,98,96,92,90,90,89,93,90
0164,CBCA201,59,55,64,65,69,68,63,60
0164,CBCA202,57,63,63,62,61,57,61,60
0164,CBCA203,67,55,55,48,57,62,57,60
0164,CBCA204,56,66,61,62,54,61,60,60
0165,CBCA201,61,62,66,59,63,63,62,60
0165,CBCA202,59,63,56,63,59,60,60,60
0165,CBCA203,53,60,54,64,63,60,59,60
0165,CBCA204,57,62,57,58,64,58,59,60
0166,CBCA201,42,52,51,53,58,62,53,54
0166,CBCA202,61,51,57,62,57,53,57,54
0166,CBCA203,55,63,53,48,61,48,55,54
0166,CBCA204,49,59,46,50,48,50,50,54
0167,CBCA201,24,14,26,16,14,20,19,20
0167,CBCA202,27,20,21,21,24,20,22,20
0167,CBCA203,15,29,13,18,20,24,20,20
0167,CBCA204,17,20,22,18,24,23,21,20
0168,CBCA201,59,57,64,54,63,48,58,58
0168,CBCA202,52,64,46,60,60,59,57,58
0168,CBCA203,62,60,56,60,52,60,58,58
0168,CBCA204,59,59,65,54,61,57,59,58
0169,CBCA201,81,71,73,81,72,87,78,79
0169,CBCA202,79,79,80,80,78,80,79,79
0169,CBCA203,80,76,78,75,85,79,79,79
0169,CBCA204,69,71,82,82,80,87,79,79
0170,CBCA201,51,61,61,56,72,52,59,60
0170,CBCA202,62,60,52,69,62,64,62,60
0170,CBCA203,65,64,59,64,63,55,62,60
0170,CBCA204,54,57,62,52,53,65,57,60
0171,CBCA201,85,84,88,78,84,79,83,81
0171,CBCA202,82,72,84,84,70,76,78,81
0171,CBCA203,70,81,87,93,82,76,82,81
0171,CBCA204,77,85,85,90,76,78,82,81
0172,CBCA201,91,85,92,87,89,97,90,86
0172,CBCA202,84,84,85,87,78,84,84,86
0172,CBCA203,87,87,81,74,92,85,84,86
0172,CBCA204,88,78,97,83,75,87,85,86
0173,CBCA201,4,5,15,4,12,0,7,6
0173,CBCA202,0,9,7,3,0,7,4,6
0173,CBCA203,7,8,6,8,0,2,5,6
0173,CBCA204,6,4,15,0,7,13,8,6
0174,CBCA201,14,20,18,20,12,12,16,18
0174,CBCA202,19,19,15,19,18,26,19,18
0174,CBCA203,15,15,15,26,10,19,17,18
0174,CBCA204,24,21,25,21,15,12,20,18
0175,CBCA201,65,78,61,67,66,66,67,70
0175,CBCA202,79,63,65,68,71,69,69,70
0175,CBCA203,74,72,71,71,69,81,73,70
0175,CBCA204,74,64,71,70,75,76,72,70
0176,CBCA201,33,31,33,37,37,41,35,35
0176,CBCA202,32,33,35,31,44,33,35,35
0176,CBCA203,45,43,25,36,35,40,37,35
0176,CBCA204,34,39,31,37,24,28,32,35
0177,CBCA201,28,18,28,27,20,31,25,27
0177,CBCA202,29,34,32,22,30,33,30,27
0177,CBCA203,21,19,25,34,31,24,26,27
0177,CBCA204,35,18,22,26,29,24,26,27
0178,CBCA201,65,58,54,59,59,70,61,58
0178,CBCA202,57,50,61,56,56,51,55,58
0178,CBCA203,57,51,68,64,60,64,61,58
0178,CBCA204,56,51,49,58,55,64,56,58
0179,CBCA201,81,81,85,94,98,88,88,89
0179,CBCA202,84,99,86,83,90,85,88,89
0179,CBCA203,96,84,86,90,96,86,90,89
0179,CBCA204,86,86,90,90,99,89,90,89
0180,CBCA201,48,48,48,50,52,42,48,48
0180,CBCA202,45,41,45,46,52,57,48,48
0180,CBCA203,40,55,40,45,49,55,47,48
0180,CBCA204,53,59,59,43,49,42,51,48
0181,CBCA201,54,52,57,55,46,49,52,55
0181,CBCA202,58,58,62,43,57,59,56,55
0181,CBCA203,59,61,46,57,57,57,56,55
0181,CBCA204,59,52,56,47,60,51,54,55
0182,CBCA201,27,34,32,21,32,22,28,27
0182,CBCA202,22,21,33,30,18,33,26,27
0182,CBCA203,20,25,21,23,21,41,25,27
0182,CBCA204,25,28,24,40,25,35,30,27
0183,CBCA201,40,45,37,41,48,40,42,41
0183,CBCA202,40,49,32,44,40,46,42,41
0183,CBCA203,46,46,41,28,41,42,41,41
0183,CBCA204,44,33,30,38,45,38,38,41
0184,CBCA201,42,46,45,43,46,43,44,43
0184,CBCA202,45,50,43,44,38,47,45,43
0184,CBCA203,44,44,46,39,40,35,41,43
0184,CBCA204,42,39,43,38,49,40,42,43
0185,CBCA201,93,92,91,82,98,91,91,92
0185,CBCA202,85,100,92,95,99,96,95,92
0185,CBCA203,91,86,90,99,92,99,93,92
0185,CBCA204,100,95,87,86,93,85,91,92
0186,CBCA201,80,76,82,80,93,86,83,86
0186,CBCA202,82,94,85,83,79,92,86,86
0186,CBCA203,88,90,79,87,78,86,85,86
0186,CBCA204,93,91,93,95,90,82,91,86
0187,CBCA201,66,77,74,80,73,70,73,71
0187,CBCA202,74,80,68,69,64,75,72,71
0187,CBCA203,69,70,65,78,65,74,70,71
0187,CBCA204,71,79,65,62,68,79,71,71
0188,CBCA201,30,33,31,31,36,23,31,33
0188,CBCA202,33,32,36,31,36,33,34,33
0188,CBCA203,33,36,39,38,37,36,37,33
0188,CBCA204,33,34,27,36,42,24,33,33
0189,CBCA201,9,10,11,12,4,12,10,6
0189,CBCA202,5,7,2,3,0,5,4,6
0189,CBCA203,13,6,5,0,1,7,5,6
0189,CBCA204,18,9,9,3,2,0,7,6
0190,CBCA201,25,21,14,19,27,25,22,21
0190,CBCA202,14,22,27,16,16,17,19,21
0190,CBCA203,23,27,26,19,14,22,22,21
0190,CBCA204,19,18,21,23,21,24,21,21
0191,CBCA201,93,88,96,94,96,91,93,93
0191,CBCA202,90,97,90,100,98,83,93,93
0191,CBCA203,94,87,88,99,90,96,92,93
0191,CBCA204,96,82,88,96,94,94,92,93
0192,CBCA201,80,92,84,81,80,91,85,84
0192,CBCA202,78,86,80,91,80,83,83,84
0192,CBCA203,84,86,80,90,76,82,83,84
0192,CBCA204,94,79,78,83,79,90,84,84
0193,CBCA201,36,29,34,38,35,38,35,35
0193,CBCA202,31,44,26,27,26,38,32,35
0193,CBCA203,32,43,42,43,42,30,39,35
0193,CBCA204,28,36,45,34,34,25,34,35
0194,CBCA201,77,65,81,70,79,74,74,73
0194,CBCA202,73,76,75,72,78,82,76,73
0194,CBCA203,70,69,73,72,72,76,72,73
0194,CBCA204,65,66,72,72,67,75,70,73
0195,CBCA201,72,60,66,59,68,67,65,64
0195,CBCA202,72,73,52,60,66,63,64,64
0195,CBCA203,65,60,62,59,62,61,62,64
0195,CBCA204,68,68,60,66,62,67,65,64
0196,CBCA201,76,83,84,81,81,76,80,78
0196,CBCA202,77,75,80,81,75,77,78,78
0196,CBCA203,76,70,78,70,77,72,74,78
0196,CBCA204,77,82,81,83,71,86,80,78
0197,CBCA201,72,67,64,63,71,69,68,66
0197,CBCA202,66,66,60,66,69,76,67,66
0197,CBCA203,70,64,70,67,74,59,67,66
0197,CBCA204,63,62,69,66,63,59,64,66
0198,CBCA201,69,71,65,71,71,66,69,66
0198,CBCA202,57,56,64,71,64,72,64,66
0198,CBCA203,65,64,59,65,58,71,64,66
0198,CBCA204,68,72,69,67,67,64,68,66
0199,CBCA201,78,74,78,70,69,72,74,71
0199,CBCA202,69,70,74,63,71,71,70,71
0199,CBCA203,76,66,80,70,63,73,71,71
0199,CBCA204,67,65,71,67,70,74,69,71
0200,CBCA201,71,82,78,77,82,83,79,80
0200,CBCA202,78,76,86,72,77,77,78,80
0200,CBCA203,78,88,88,84,89,77,84,80
0200,CBCA204,79,89,83,75,82,73,80,80
0201,CBCA201,80,72,87,79,86,80,81,81
0201,CBCA202,70,90,82,83,80,90,83,81
0201,CBCA203,81,91,79,85,72,82,82,81
0201,CBCA204,80,77,76,77,78,83,79,81
0202,CBCA201,93,100,97,97,87,90,94,90
0202,CBCA202,89,91,88,97,97,89,92,90
0202,CBCA203,94,95,79,82,79,90,87,90
0202,CBCA204,90,83,91,89,78,88,87,90
0203,CBCA201,23,22,20,22,14,15,19,19
0203,CBCA202,9,23,16,16,14,22,17,19
0203,CBCA203,16,28,18,26,14,12,19,19
0203,CBCA204,7,27,17,12,29,30,20,19
0204,CBCA201,72,68,60,64,72,72,68,67
0204,CBCA202,66,70,63,77,65,63,67,67
0204,CBCA203,64,77,58,60,64,70,66,67
0204,CBCA204,66,70,62,63,70,68,67,67
0205,CBCA201,77,84,89,81,80,81,82,84
0205,CBCA202,89,89,79,85,87,83,85,84
0205,CBCA203,81,88,80,86,87,83,84,84
0205,CBCA204,82,84,80,77,84,91,83,84
0206,CBCA201,88,91,79,83,86,95,87,86
0206,CBCA202,86,81,86,93,87,87,87,86
0206,CBCA203,81,88,90,81,78,89,85,86
0206,CBCA204,83,90,85,76,78,94,84,86
0207,CBCA201,79,75,76,87,70,76,77,80
0207,CBCA202,81,76,83,90,75,84,82,80
0207,CBCA203,74,80,72,85,82,94,81,80
0207,CBCA204,85,74,87,79,75,83,81,80
0208,CBCA201,38,41,29,48,33,46,39,38
0208,CBCA202,43,33,33,26,43,32,35,38
0208,CBCA203,37,39,48,49,41,47,44,38
0208,CBCA204,39,27,38,44,29,40,36,38
0209,CBCA201,93,100,95,98,100,99,98,97
0209,CBCA202,96,100,98,99,93,93,97,97
0209,CBCA203,99,100,100,95,100,93,98,97
0209,CBCA204,89,95,100,100,95,100,97,97
0210,CBCA201,93,91,94,93,89,94,92,92
0210,CBCA202,94,99,93,91,87,87,92,92
0210,CBCA203,96,91,93,97,95,80,92,92
0210,CBCA204,89,92,88,100,90,84,91,92
0211,CBCA201,70,76,76,71,61,65,70,71
0211,CBCA202,74,76,64,82,79,65,73,71
0211,CBCA203,78,73,68,75,68,67,72,71
0211,CBCA204,65,63,71,66,75,65,68,71
0212,CBCA201,67,64,52,59,64,60,61,63
0212,CBCA202,65,61,72,64,68,59,65,63
0212,CBCA203,74,65,65,61,61,65,65,63
0212,CBCA204,61,70,58,67,60,57,62,63
0213,CBCA201,57,43,54,51,51,48,51,52
0213,CBCA202,57,46,52,51,49,53,51,52
0213,CBCA203,51,50,50,49,57,60,53,52
0213,CBCA204,59,56,57,53,49,41,53,52
0214,CBCA201,52,52,63,57,46,49,53,51
0214,CBCA202,43,56,61,56,44,53,52,51
0214,CBCA203,56,45,49,47,49,54,50,51
0214,CBCA204,44,50,52,59,45,47,50,51
0215,CBCA201,81,66,78,72,69,78,74,76
0215,CBCA202,82,83,67,75,74,86,78,76
0215,CBCA203,66,68,75,70,80,87,74,76
0215,CBCA204,70,78,78,84,74,77,77,76
0216,CBCA201,56,56,61,58,60,53,57,59
0216,CBCA202,65,64,65,51,64,56,61,59
0216,CBCA203,60,66,56,66,55,70,62,59
0216,CBCA204,61,57,48,62,50,56,56,59
0217,CBCA201,87,75,94,73,85,80,82,83
0217,CBCA202,71,80,91,91,84,76,82,83
0217,CBCA203,92,77,83,91,83,81,85,83
0217,CBCA204,79,89,89,81,86,84,85,83
0218,CBCA201,54,57,53,55,50,45,52,55
0218,CBCA202,60,58,52,53,50,52,54,55
0218,CBCA203,53,55,60,51,57,52,55,55
0218,CBCA204,63,60,57,55,51,55,57,55
0219,CBCA201,84,93,82,78,80,81,83,83
0219,CBCA202,87,79,88,89,79,87,85,83
0219,CBCA203,75,75,76,93,80,78,80,83
0219,CBCA204,79,83,89,89,82,86,85,83
0220,CBCA201,64,65,61,57,59,63,62,61
0220,CBCA202,65,59,61,53,72,62,62,61
0220,CBCA203,64,51,62,56,56,50,57,61
0220,CBCA204,66,59,61,60,67,61,62,61
0221,CBCA201,58,53,53,45,44,44,50,52
0221,CBCA202,48,55,49,64,51,52,53,52
0221,CBCA203,57,49,60,51,49,55,54,52
0221,CBCA204,53,52,52,48,49,55,52,52
0222,CBCA201,56,57,49,51,49,57,53,52
0222,CBCA202,43,61,46,55,54,51,52,52
0222,CBCA203,43,48,55,63,56,54,53,52
0222,CBCA204,55,51,54,52,53,43,51,52
0223,CBCA201,48,48,58,49,58,62,54,52
0223,CBCA202,56,49,62,58,50,53,55,52
0223,CBCA203,44,52,54,44,47,47,48,52
0223,CBCA204,44,58,54,52,54,52,52,52
0224,CBCA201,31,45,41,40,42,33,39,40
0224,CBCA202,46,49,39,41,33,49,43,40
0224,CBCA203,36,42,36,30,47,49,40,40
0224,CBCA204,43,40,29,47,41,32,39,40
0225,CBCA201,77,73,84,75,72,75,76,75
0225,CBCA202,82,64,79,73,77,71,74,75
0225,CBCA203,65,63,74,76,75,76,72,75
0225,CBCA204,76,80,74,74,73,80,76,75
0226,CBCA201,86,93,81,91,91,82,87,83
0226,CBCA202,90,80,81,77,77,82,81,83
0226,CBCA203,75,86,76,76,85,77,79,83
0226,CBCA204,86,86,80,86,88,86,85,83
0227,CBCA201,33,25,33,38,25,42,33,33
0227,CBCA202,31,33,29,44,27,30,32,33
0227,CBCA203,25,31,28,28,30,31,29,33
0227,CBCA204,32,39,40,36,35,41,37,33
0228,CBCA201,93,100,95,98,96,99,97,94
0228,CBCA202,93,89,98,99,87,92,93,94
0228,CBCA203,90,88,95,94,100,91,93,94
0228,CBCA204,95,85,99,91,95,96,94,94
0229,CBCA201,56,47,43,48,49,48,49,44
0229,CBCA202,36,36,41,47,39,45,41,44
0229,CBCA203,37,50,40,34,43,40,41,44
0229,CBCA204,44,34,45,49,49,46,45,44
0230,CBCA201,88,82,88,88,84,90,87,87
0230,CBCA202,85,86,89,89,88,79,86,87
0230,CBCA203,82,97,92,92,96,91,92,87
0230,CBCA204,85,78,90,81,95,78,85,87
0231,CBCA201,95,88,87,94,88,92,91,93
0231,CBCA202,98,97,93,96,94,86,94,93
0231,CBCA203,100,94,93,94,96,91,95,93
0231,CBCA204,100,91,88,100,83,86,91,93
0232,CBCA201,90,100,91,94,91,85,92,92
0232,CBCA202,99,100,97,86,93,83,93,92
0232,CBCA203,96,90,82,89,90,99,91,92
0232,CBCA204,89,99,88,100,95,85,93,92
0233,CBCA201,92,91,100,95,80,87,91,91
0233,CBCA202,99,94,90,90,91,93,93,91
0233,CBCA203,87,87,81,85,100,93,89,91
0233,CBCA204,94,87,93,86,90,99,92,91
0234,CBCA201,23,25,17,17,20,27,22,22
0234,CBCA202,26,27,22,16,22,26,23,22
0234,CBCA203,23,16,22,19,22,22,21,22
0234,CBCA204,28,31,20,26,17,21,24,22
0235,CBCA201,15,24,22,12,14,18,18,20
0235,CBCA202,24,19,23,22,20,25,22,20
0235,CBCA203,13,16,19,21,20,16,18,20
0235,CBCA204,28,23,29,15,19,28,24,20
0236,CBCA201,97,95,89,88,80,98,91,88
0236,CBCA202,89,82,89,81,85,85,85,88
0236,CBCA203,81,84,84,90,86,91,86,88
0236,CBCA204,87,89,90,78,94,89,88,88
0237,CBCA201,83,80,82,80,81,80,81,81
0237,CBCA202,74,76,80,79,90,88,81,81
0237,CBCA203,81,83,83,90,70,78,81,81
0237,CBCA204,87,80,82,86,85,76,83,81
0238,CBCA201,79,85,98,89,76,84,85,86
0238,CBCA202,84,97,92,86,79,75,86,86
0238,CBCA203,91,87,91,81,94,87,89,86
0238,CBCA204,89,83,90,86,88,77,86,86
0239,CBCA201,88,93,93,93,94,83,91,93
0239,CBCA202,92,95,89,89,88,98,92,93
0239,CBCA203,91,89,97,94,94,94,93,93
0239,CBCA204,100,89,99,93,94,100,96,93
0240,CBCA201,83,88,88,93,93,84,88,87
0240,CBCA202,93,82,80,91,91,84,87,87
0240,CBCA203,85,89,86,86,81,93,87,87
0240,CBCA204,85,91,89,83,80,95,87,87
0241,CBCA201,68,68,77,69,67,76,71,75
0241,CBCA202,83,73,84,69,77,81,78,75
0241,CBCA203,78,79,68,76,78,71,75,75
0241,CBCA204,74,70,73,74,78,85,76,75
0242,CBCA201,53,49,50,49,50,54,51,51
0242,CBCA202,50,52,46,42,58,54,50,51
0242,CBCA203,54,55,53,53,55,53,54,51
0242,CBCA204,56,46,47,46,45,52,49,51
0243,CBCA201,64,54,54,63,70,67,62,60
0243,CBCA202,63,58,54,64,55,57,59,60
0243,CBCA203,53,64,56,64,57,57,59,60
0243,CBCA204,62,59,61,59,66,56,61,60
0244,CBCA201,58,59,65,63,64,59,61,65
0244,CBCA202,57,74,66,70,66,63,66,65
0244,CBCA203,68,69,64,70,72,64,68,65
0244,CBCA204,57,64,63,70,59,64,63,65
0245,CBCA201,54,59,57,53,53,53,55,56
0245,CBCA202,57,47,59,57,58,57,56,56
0245,CBCA203,63,50,49,60,64,56,57,56
0245,CBCA204,56,53,54,58,51,57,55,56
0246,CBCA201,48,61,51,55,55,63,56,53
0246,CBCA202,49,52,42,49,53,44,48,53
0246,CBCA203,45,51,61,45,47,53,50,53
0246,CBCA204,47,54,61,53,62,62,57,53
0247,CBCA201,21,26,27,24,24,14,23,24
0247,CBCA202,26,23,18,25,20,33,24,24
0247,CBCA203,30,25,17,20,26,28,24,24
0247,CBCA204,22,17,21,25,27,25,23,24
0248,CBCA201,75,76,88,87,86,92,84,85
0248,CBCA202,93,89,87,82,88,80,87,85
0248,CBCA203,81,87,85,93,83,89,86,85
0248,CBCA204,82,84,75,88,91,84,84,85
0249,CBCA201,100,98,99,100,100,100,100,98
0249,CBCA202,100,97,98,86,100,95,96,98
0249,CBCA203,97,100,93,94,100,100,97,98
0249,CBCA204,99,100,100,95,98,95,98,98
0250,CBCA201,97,85,90,84,85,95,89,86
0250,CBCA202,83,80,84,93,82,92,86,86
0250,CBCA203,82,83,86,93,80,85,85,86
0250,CBCA204,90,90,91,82,82,80,86,86
0251,CBCA201,69,67,56,62,67,66,65,65
0251,CBCA202,76,59,66,58,67,65,65,65
0251,CBCA203,55,67,64,73,63,56,63,65
0251,CBCA204,61,69,74,61,71,67,67,65
0252,CBCA201,66,75,82,71,71,78,74,74
0252,CBCA202,79,78,66,81,77,79,77,74
0252,CBCA203,71,72,70,70,68,79,72,74
0252,CBCA204,74,76,76,74,67,71,73,74
0253,CBCA201,83,83,77,75,83,80,80,78
0253,CBCA202,76,71,79,75,81,79,77,78
0253,CBCA203,76,68,83,68,73,84,75,78
0253,CBCA204,81,84,74,85,81,78,81,78
0254,CBCA201,81,85,81,89,93,84,86,85
0254,CBCA202,85,77,88,94,75,78,83,85
0254,CBCA203,95,83,79,98,76,92,87,85
0254,CBCA204,84,79,81,81,89,90,84,85
0255,CBCA201,83,86,85,96,83,86,87,85
0255,CBCA202,85,88,76,84,73,85,82,85
0255,CBCA203,86,82,92,87,87,90,87,85
0255,CBCA204,76,90,77,89,86,91,85,85
0256,CBCA201,32,29,24,29,26,31,29,30
0256,CBCA202,38,24,32,38,34,32,33,30
0256,CBCA203,24,27,32,33,21,33,28,30
0256,CBCA204,29,30,28,26,26,36,29,30
0257,CBCA201,17,8,11,1,9,16,10,9
0257,CBCA202,5,12,15,7,14,8,10,9
0257,CBCA203,5,5,13,12,8,3,8,9
0257,CBCA204,12,14,4,13,10,4,10,9
0258,CBCA201,38,46,31,40,46,36,40,39
0258,CBCA202,47,42,39,32,45,44,42,39
0258,CBCA203,36,35,42,41,36,37,38,39
0258,CBCA204,37,33,39,43,29,44,38,39
0259,CBCA201,78,79,81,84,79,83,81,78
0259,CBCA202,75,76,82,74,79,74,77,78
0259,CBCA203,69,68,70,81,81,80,75,78
0259,CBCA204,84,81,83,84,71,78,80,78
0260,CBCA201,69,69,79,66,70,74,71,74
0260,CBCA202,66,84,82,67,75,76,75,74
0260,CBCA203,74,69,73,80,75,80,75,74
0260,CBCA204,76,71,68,74,71,83,74,74
0261,CBCA201,68,77,85,73,73,79,76,78
0261,CBCA202,81,81,83,78,86,71,80,78
0261,CBCA203,75,78,73,84,75,73,76,78
0261,CBCA204,72,79,81,82,84,71,78,78
0262,CBCA201,77,76,69,77,73,69,74,71
0262,CBCA202,68,66,83,64,66,73,70,71
0262,CBCA203,76,70,77,62,63,75,71,71
0262,CBCA204,75,61,69,76,73,64,70,71
0263,CBCA201,49,64,55,57,54,62,57,58
0263,CBCA202,57,51,56,58,48,48,53,58
0263,CBCA203,60,64,56,64,57,51,59,58
0263,CBCA204,57,59,64,67,70,59,63,58
0264,CBCA201,73,64,66,73,56,72,67,65
0264,CBCA202,60,60,66,61,67,60,62,65
0264,CBCA203,65,59,70,67,69,62,65,65
0264,CBCA204,63,64,71,56,63,61,63,65
0265,CBCA201,66,78,70,58,67,58,66,67
0265,CBCA202,78,70,72,72,70,67,72,67
0265,CBCA203,60,76,62,60,70,62,65,67
0265,CBCA204,59,63,66,70,61,71,65,67
0266,CBCA201,70,64,55,58,69,72,65,64
0266,CBCA202,71,69,74,58,68,62,67,64
0266,CBCA203,67,57,58,56,69,59,61,64
0266,CBCA204,64,62,70,65,61,59,64,64
0267,CBCA201,88,95,100,94,95,95,95,95
0267,CBCA202,89,86,98,92,100,96,94,95
0267,CBCA203,98,97,100,100,86,97,96,95
0267,CBCA204,98,100,93,92,91,100,96,95
0268,CBCA201,81,88,89,86,92,90,88,88
0268,CBCA202,88,90,83,88,91,93,89,88
0268,CBCA203,94,90,84,84,92,77,87,88
0268,CBCA204,79,92,88,87,87,89,87,88
0269,CBCA201,96,81,98,94,92,91,92,93
0269,CBCA202,86,94,89,97,95,92,92,93
0269,CBCA203,92,100,95,92,100,95,96,93
0269,CBCA204,93,88,95,86,93,95,92,93
0270,CBCA201,82,96,83,89,90,94,89,87
0270,CBCA202,86,92,87,87,86,83,87,87
0270,CBCA203,79,94,88,92,94,86,89,87
0270,CBCA204,94,86,85,82,80,84,85,87
0271,CBCA201,7,4,0,10,2,6,5,4
0271,CBCA202,0,0,10,5,2,4,4,4
0271,CBCA203,2,1,1,13,12,0,5,4
0271,CBCA204,1,1,0,7,2,1,2,4
0272,CBCA201,28,37,32,38,38,30,34,34
0272,CBCA202,34,30,37,33,35,40,35,34
0272,CBCA203,30,35,25,41,29,25,31,34
0272,CBCA204,43,34,38,30,36,26,35,34
0273,CBCA201,73,74,77,74,76,78,75,75
0273,CBCA202,74,66,77,79,74,77,75,75
0273,CBCA203,69,82,80,80,71,72,76,75
0273,CBCA204,79,70,79,76,72,78,76,75
0274,CBCA201,50,42,53,62,42,60,52,50
0274,CBCA202,43,53,60,48,48,57,52,50
0274,CBCA203,45,50,52,50,44,45,48,50
0274,CBCA204,52,56,54,39,52,43,49,50
0275,CBCA201,83,81,71,76,69,82,77,77
0275,CBCA202,79,85,72,82,78,72,78,77
0275,CBCA203,80,87,80,76,65,73,77,77
0275,CBCA204,79,83,71,73,78,81,78,77
0276,CBCA201,71,73,70,83,86,82,78,77
0276,CBCA202,71,73,85,74,81,73,76,77
0276,CBCA203,78,77,81,79,75,72,77,77
0276,CBCA204,84,79,73,79,73,78,78,77
0277,CBCA201,74,74,71,66,69,74,71,70
0277,CBCA202,79,66,68,67,64,78,70,70
0277,CBCA203,58,71,67,71,76,70,69,70
0277,CBCA204,67,71,68,71,69,65,69,70
0278,CBCA201,88,87,84,81,84,87,85,83
0278,CBCA202,88,83,73,92,87,82,84,83
0278,CBCA203,87,85,76,77,77,86,81,83
0278,CBCA204,82,79,73,77,86,90,81,83
0279,CBCA201,77,72,66,65,73,80,72,72
0279,CBCA202,77,71,76,66,68,71,72,72
0279,CBCA203,78,62,68,72,61,70,69,72
0279,CBCA204,77,72,78,75,75,75,75,72
0280,CBCA201,84,81,70,86,71,77,78,76
0280,CBCA202,74,69,79,71,78,80,75,76
0280,CBCA203,80,76,73,84,72,74,77,76
0280,CBCA204,80,75,74,69,76,77,75,76
0281,CBCA201,73,67,68,68,63,61,67,69
0281,CBCA202,60,73,67,67,75,65,68,69
0281,CBCA203,67,73,76,58,69,74,70,69
0281,CBCA204,70,67,71,68,70,78,71,69
0282,CBCA201,87,83,90,91,93,100,91,90
0282,CBCA202,83,90,83,94,97,86,89,90
0282,CBCA203,92,94,92,93,93,97,94,90
0282,CBCA204,83,87,91,88,85,86,87,90
0283,CBCA201,70,85,82,76,82,86,80,82
0283,CBCA202,80,86,76,87,82,86,83,82
0283,CBCA203,88,73,75,81,82,90,82,82
0283,CBCA204,84,90,83,82,74,80,82,82
0284,CBCA201,78,85,80,85,85,84,83,83
0284,CBCA202,78,84,85,73,89,82,82,83
0284,CBCA203,81,88,85,77,83,79,82,83
0284,CBCA204,84,89,88,87,79,91,86,83
0285,CBCA201,88,80,81,85,75,82,82,80
0285,CBCA202,89,69,80,77,85,81,80,80
0285,CBCA203,84,76,82,73,80,83,80,80
0285,CBCA204,71,84,75,76,78,81,78,80
0286,CBCA201,85,72,80,90,73,79,80,82
0286,CBCA202,89,80,79,80,78,89,83,82
0286,CBCA203,84,86,81,85,78,75,82,82
0286,CBCA204,87,88,85,81,88,72,84,82
0287,CBCA201,84,78,78,73,75,73,77,78
0287,CBCA202,82,77,70,75,80,87,79,78
0287,CBCA203,74,90,80,71,86,79,80,78
0287,CBCA204,70,72,81,84,77,81,78,78
0288,CBCA201,40,46,36,43,47,51,44,47
0288,CBCA202,53,47,49,56,47,52,51,47
0288,CBCA203,44,54,41,44,52,47,47,47
0288,CBCA204,47,54,40,46,39,41,45,47
0289,CBCA201,28,38,37,36,24,31,32,31
0289,CBCA202,37,20,28,31,39,20,29,31
0289,CBCA203,34,39,30,30,29,32,32,31
0289,CBCA204,31,29,38,22,33,23,29,31
0290,CBCA201,34,39,20,28,40,39,33,32
0290,CBCA202,32,35,25,24,24,35,29,32
0290,CBCA203,36,27,32,27,26,37,31,32
0290,CBCA204,31,41,29,31,38,31,34,32
0291,CBCA201,59,64,60,59,72,69,64,59
0291,CBCA202,63,58,58,52,64,50,58,59
0291,CBCA203,66,58,54,57,64,56,59,59
0291,CBCA204,54,51,59,59,54,50,55,59
0292,CBCA201,47,48,51,58,50,47,50,52
0292,CBCA202,59,56,52,54,53,49,54,52
0292,CBCA203,50,50,57,56,61,50,54,52
0292,CBCA204,62,52,50,49,50,46,52,52
0293,CBCA201,49,56,55,49,50,55,52,53
0293,CBCA202,58,48,48,53,63,58,55,53
0293,CBCA203,55,51,53,49,50,57,53,53
0293,CBCA204,56,54,62,52,45,56,54,53
0294,CBCA201,76,72,86,80,75,86,79,80
0294,CBCA202,79,82,71,76,74,79,77,80
0294,CBCA203,84,84,81,81,74,78,80,80
0294,CBCA204,87,83,80,84,86,80,83,80
0295,CBCA201,60,60,66,60,63,65,62,59
0295,CBCA202,55,68,49,68,68,61,62,59
0295,CBCA203,57,52,61,60,50,58,56,59
0295,CBCA204,66,57,51,49,59,59,57,59
0296,CBCA201,28,31,35,34,26,33,31,28
0296,CBCA202,26,23,30,23,22,25,25,28
0296,CBCA203,28,25,30,32,28,32,29,28
0296,CBCA204,29,19,37,30,18,31,27,28
0297,CBCA201,59,62,53,54,55,54,56,55
0297,CBCA202,46,57,53,64,56,56,55,55
0297,CBCA203,54,59,62,49,58,53,56,55
0297,CBCA204,53,47,46,57,56,59,53,55
0298,CBCA201,50,52,53,49,60,64,55,53
0298,CBCA202,48,47,50,63,45,43,49,53
0298,CBCA203,53,48,56,55,57,56,54,53
0298,CBCA204,57,51,52,54,51,54,53,53
0299,CBCA201,58,61,47,51,52,59,55,53
0299,CBCA202,49,61,50,49,51,58,53,53
0299,CBCA203,60,54,46,57,47,56,53,53
0299,CBCA204,46,46,52,45,55,56,50,53
0300,CBCA201,63,68,65,67,64,68,66,67
0300,CBCA202,67,71,74,64,61,68,68,67
0300,CBCA203,70,70,64,69,60,61,66,67
0300,CBCA204,75,67,60,62,69,69,67,67
0301,CBCA201,45,43,32,37,41,31,38,39
0301,CBCA202,42,34,47,32,43,38,39,39
0301,CBCA203,37,33,45,31,40,40,38,39
0301,CBCA204,47,30,35,49,32,40,39,39
0302,CBCA201,55,53,57,59,58,69,59,60
0302,CBCA202,57,60,55,58,66,69,61,60
0302,CBCA203,68,66,62,69,56,51,62,60
0302,CBCA204,51,63,62,57,63,65,60,60
0303,CBCA201,18,5,17,4,12,14,12,15
0303,CBCA202,19,21,15,23,15,15,18,15
0303,CBCA203,16,12,19,20,17,16,17,15
0303,CBCA204,9,19,11,9,16,13,13,15
0304,CBCA201,82,79,76,73,68,89,78,78
0304,CBCA202,89,81,72,85,78,75,80,78
0304,CBCA203,79,85,72,83,85,81,81,78
0304,CBCA204,70,71,79,74,80,72,74,78
0305,CBCA201,68,61,52,70,68,54,62,62
0305,CBCA202,66,57,66,58,64,62,62,62
0305,CBCA203,61,59,73,57,57,67,62,62
0305,CBCA204,67,58,62,60,65,57,62,62
0306,CBCA201,14,29,17,22,15,13,18,20
0306,CBCA202,12,12,23,14,17,16,16,20
0306,CBCA203,24,30,17,15,22,23,22,20
0306,CBCA204,30,18,17,21,19,29,22,20
0307,CBCA201,64,75,74,71,71,73,71,75
0307,CBCA202,78,86,75,78,78,84,80,75
0307,CBCA203,69,71,69,69,77,79,72,75
0307,CBCA204,83,75,80,68,79,84,78,75
0308,CBCA201,88,79,84,75,91,79,83,84
0308,CBCA202,79,83,79,85,84,84,82,84
0308,CBCA203,83,83,89,81,95,84,86,84
0308,CBCA204,93,83,78,86,84,87,85,84
0309,CBCA201,63,72,59,69,67,65,66,64
0309,CBCA202,57,60,67,68,69,68,65,64
0309,CBCA203,66,66,52,68,57,56,61,64
0309,CBCA204,58,59,63,66,73,68,65,64
0310,CBCA201,42,50,51,59,56,42,50,50
0310,CBCA202,55,43,48,53,48,48,49,50
0310,CBCA203,48,47,51,58,42,51,50,50
0310,CBCA204,53,49,46,57,48,62,53,50
0311,CBCA201,59,68,71,62,55,54,62,60
0311,CBCA202,56,62,71,56,66,53,61,60
0311,CBCA203,56,58,60,72,65,55,61,60
0311,CBCA204,62,57,61,63,53,56,59,60
0312,CBCA201,70,63,74,69,77,75,71,73
0312,CBCA202,74,76,82,67,78,68,74,73
0312,CBCA203,74,73,70,75,71,73,73,73
0312,CBCA204,68,80,70,74,69,71,72,73
0313,CBCA201,55,59,64,63,57,57,59,56
0313,CBCA202,61,55,59,55,51,57,56,56
0313,CBCA203,51,49,64,53,69,47,56,56
0313,CBCA204,60,56,54,50,54,47,54,56
0314,CBCA201,45,63,45,50,60,54,53,53
0314,CBCA202,45,46,61,44,49,55,50,53
0314,CBCA203,59,59,46,52,48,62,54,53
0314,CBCA204,57,59,58,56,54,54,56,53
0315,CBCA201,100,97,92,100,88,94,95,95
0315,CBCA202,98,99,92,97,91,97,96,95
0315,CBCA203,95,97,93,92,90,100,95,95
0315,CBCA204,97,97,98,90,89,92,94,95
0316,CBCA201,18,9,18,15,2,12,12,13
0316,CBCA202,5,18,20,10,11,15,13,13
0316,CBCA203,20,11,12,19,11,15,15,13
0316,CBCA204,4,8,6,22,12,9,10,13
0317,CBCA201,32,34,32,39,40,35,35,36
0317,CBCA202,35,42,42,41,37,27,37,36
0317,CBCA203,26,30,39,41,43,40,37,36
0317,CBCA204,31,37,29,45,34,33,35,36
0318,CBCA201,70,80,85,76,83,68,77,74
0318,CBCA202,72,81,73,70,68,79,74,74
0318,CBCA203,78,75,73,72,65,73,73,74
0318,CBCA204,79,79,66,70,71,73,73,74
0319,CBCA201,70,57,72,64,58,61,64,67
0319,CBCA202,70,78,59,65,73,59,67,67
0319,CBCA203,59,73,67,76,72,68,69,67
0319,CBCA204,66,73,76,67,71,64,70,67
0320,CBCA201,68,60,60,60,55,63,61,63
0320,CBCA202,69,74,67,64,74,59,68,63
0320,CBCA203,58,64,58,63,66,58,61,63
0320,CBCA204,60,74,67,66,57,55,63,63
0321,CBCA201,100,89,89,93,86,89,91,89
0321,CBCA202,92,89,84,93,89,90,90,89
0321,CBCA203,85,84,86,96,80,89,87,89
0321,CBCA204,78,85,90,94,88,93,88,89
0322,CBCA201,70,65,73,68,64,76,69,68
0322,CBCA202,65,70,75,62,65,59,66,68
0322,CBCA203,70,72,77,67,59,76,70,68
0322,CBCA204,78,66,61,66,72,65,68,68
0323,CBCA201,65,64,71,68,64,65,66,63
0323,CBCA202,65,54,55,69,72,68,64,63
0323,CBCA203,59,61,63,70,55,56,61,63
0323,CBCA204,53,59,69,65,61,65,62,63
0324,CBCA201,100,98,100,98,94,95,98,98
0324,CBCA202,90,99,100,92,96,100,96,98
0324,CBCA203,98,97,89,100,96,99,97,98
0324,CBCA204,100,100,100,100,100,100,100,98
0325,CBCA201,57,64,68,66,66,60,64,64
0325,CBCA202,61,65,66,61,67,57,63,64
0325,CBCA203,62,56,70,66,61,74,65,64
0325,CBCA204,59,63,67,76,57,57,63,64
0326,CBCA201,66,62,69,66,64,60,65,63
0326,CBCA202,55,66,64,58,61,66,62,63
0326,CBCA203,67,60,59,61,66,58,62,63
0326,CBCA204,59,62,68,68,65,59,64,63
0327,CBCA201,60,47,49,59,59,56,55,52
0327,CBCA202,48,54,46,53,50,50,50,52
0327,CBCA203,63,48,45,45,59,47,51,52
0327,CBCA204,57,59,50,51,46,54,53,52
0328,CBCA201,83,84,87,94,93,81,87,90
0328,CBCA202,83,93,96,95,100,90,93,90
0328,CBCA203,83,89,97,88,100,98,93,90
0328,CBCA204,82,95,84,86,87,91,88,90
0329,CBCA201,73,76,70,81,70,79,75,73
0329,CBCA202,75,75,78,81,75,71,76,73
0329,CBCA203,72,71,72,64,74,76,72,73
0329,CBCA204,67,74,62,71,69,72,69,73
0330,CBCA201,17,8,19,12,13,21,15,13
0330,CBCA202,8,22,24,14,3,14,14,13
0330,CBCA203,11,17,10,9,16,5,11,13
0330,CBCA204,14,13,19,4,9,7,11,13
0331,CBCA201,96,94,99,95,90,100,96,96
0331,CBCA202,100,90,97,100,97,92,96,96
0331,CBCA203,98,99,92,98,100,94,97,96
0331,CBCA204,95,93,100,91,97,100,96,96
0332,CBCA201,66,56,50,61,57,58,58,58
0332,CBCA202,52,52,60,58,52,65,57,58
0332,CBCA203,64,60,62,63,53,52,59,58
0332,CBCA204,50,61,56,63,56,55,57,58
0333,CBCA201,92,83,89,86,87,98,89,88
0333,CBCA202,89,94,88,79,85,78,86,88
0333,CBCA203,94,90,87,83,85,91,88,88
0333,CBCA204,92,91,90,95,88,82,90,88
0334,CBCA201,47,48,51,47,46,49,48,48
0334,CBCA202,54,50,44,44,57,42,49,48
0334,CBCA203,50,49,43,46,45,54,48,48
0334,CBCA204,44,49,49,53,52,43,48,48
0335,CBCA201,80,81,89,80,85,93,85,88
0335,CBCA202,91,83,95,87,80,84,87,88
0335,CBCA203,91,91,94,90,81,97,91,88
0335,CBCA204,84,92,95,92,89,91,91,88
0336,CBCA201,47,52,49,59,59,50,53,50
0336,CBCA202,45,46,56,57,54,51,52,50
0336,CBCA203,52,48,40,54,52,39,48,50
0336,CBCA204,59,40,56,52,40,50,50,50
0337,CBCA201,63,67,66,76,80,63,69,69
0337,CBCA202,73,70,63,76,71,68,70,69
0337,CBCA203,69,63,67,65,72,69,68,69
0337,CBCA204,70,69,63,74,70,75,70,69
0338,CBCA201,30,23,35,34,33,22,30,35
0338,CBCA202,29,41,33,32,33,37,34,35
0338,CBCA203,38,45,44,41,31,38,40,35
0338,CBCA204,34,39,34,40,35,34,36,35
0339,CBCA201,77,78,85,78,78,72,78,81
0339,CBCA202,85,77,85,81,79,86,82,81
0339,CBCA203,80,77,88,82,79,86,82,81
0339,CBCA204,91,80,79,83,75,83,82,81
0340,CBCA201,59,61,71,70,61,67,65,62
0340,CBCA202,62,60,64,69,57,55,61,62
0340,CBCA203,52,64,56,65,62,68,61,62
0340,CBCA204,59,54,64,69,54,69,62,62
0341,CBCA201,61,52,53,59,64,53,57,61
0341,CBCA202,55,58,59,66,63,61,60,61
0341,CBCA203,64,64,65,61,65,70,65,61
0341,CBCA204,63,61,61,64,54,60,61,61
0342,CBCA201,54,64,58,62,57,69,61,59
0342,CBCA202,56,54,55,57,56,57,56,59
0342,CBCA203,63,68,57,57,63,58,61,59
0342,CBCA204,56,54,62,64,52,54,57,59
0343,CBCA201,78,85,79,80,73,73,78,76
0343,CBCA202,85,88,76,72,74,68,77,76
0343,CBCA203,72,77,71,84,64,75,74,76
0343,CBCA204,70,85,71,77,72,74,75,76
0344,CBCA201,53,44,60,57,43,54,52,52
0344,CBCA202,48,50,56,57,46,48,51,52
0344,CBCA203,58,55,59,50,51,49,54,52
0344,CBCA204,54,46,52,55,44,52,51,52
0345,CBCA201,45,62,51,48,56,55,53,51
0345,CBCA202,49,50,44,53,59,48,51,51
0345,CBCA203,52,56,50,59,53,45,53,51
0345,CBCA204,51,56,42,48,57,43,50,51
0346,CBCA201,78,63,68,73,66,77,71,70
0346,CBCA202,66,77,69,60,69,73,69,70
0346,CBCA203,73,74,70,65,69,66,70,70
0346,CBCA204,65,69,72,73,71,63,69,70
0347,CBCA201,14,0,3,0,1,2,3,5
0347,CBCA202,4,3,11,2,12,7,7,5
0347,CBCA203,0,12,9,2,2,5,5,5
0347,CBCA204,3,2,0,6,6,9,4,5
0348,CBCA201,92,92,91,98,100,99,95,95
0348,CBCA202,99,90,92,100,100,92,96,95
0348,CBCA203,95,95,95,90,88,100,94,95
0348,CBCA204,95,92,95,91,96,100,95,95
0349,CBCA201,67,67,66,58,61,62,64,62
0349,CBCA202,65,57,70,63,62,65,64,62
0349,CBCA203,58,57,56,63,65,60,60,62
0349,CBCA204,60,59,58,70,64,55,61,62
0350,CBCA201,65,64,52,60,67,54,60,63
0350,CBCA202,67,67,59,61,70,68,65,63
0350,CBCA203,61,67,61,61,68,64,64,63
0350,CBCA204,54,55,67,67,62,66,62,63
0351,CBCA201,78,68,72,79,66,80,74,73
0351,CBCA202,79,74,68,84,70,73,75,73
0351,CBCA203,64,72,75,72,67,75,71,73
0351,CBCA204,75,77,71,69,68,74,72,73
0352,CBCA201,74,77,84,73,73,72,76,78
0352,CBCA202,77,84,78,79,81,80,80,78
0352,CBCA203,76,73,75,76,77,84,77,78
0352,CBCA204,71,81,82,74,80,84,79,78
0353,CBCA201,84,74,83,83,78,89,82,82
0353,CBCA202,86,90,89,81,76,71,82,82
0353,CBCA203,82,77,91,79,75,76,80,82
0353,CBCA204,78,86,75,85,86,88,83,82
0354,CBCA201,96,92,97,89,100,100,96,96
0354,CBCA202,100,96,100,91,100,99,98,96
0354,CBCA203,95,100,96,95,91,100,96,96
0354,CBCA204,94,90,100,99,94,91,95,96
0355,CBCA201,86,75,87,78,86,86,83,83
0355,CBCA202,84,82,91,94,91,82,87,83
0355,CBCA203,81,87,85,91,73,77,82,83
0355,CBCA204,87,77,79,76,79,81,80,83
0356,CBCA201,74,87,75,80,84,72,79,80
0356,CBCA202,80,72,83,81,77,79,79,80
0356,CBCA203,89,79,87,89,81,72,83,80
0356,CBCA204,88,75,84,81,82,78,81,80
0357,CBCA201,90,97,98,96,96,95,95,93
0357,CBCA202,96,91,88,94,83,86,90,93
0357,CBCA203,98,88,98,93,92,90,93,93
0357,CBCA204,91,91,88,99,92,90,92,93
0358,CBCA201,27,26,30,24,30,32,28,29
0358,CBCA202,29,30,20,35,25,29,28,29
0358,CBCA203,32,25,24,29,17,37,27,29
0358,CBCA204,34,35,36,30,29,21,31,29
0359,CBCA201,24,23,33,30,25,29,27,25
0359,CBCA202,28,30,24,25,23,28,26,25
0359,CBCA203,28,21,31,20,29,22,25,25
0359,CBCA204,26,26,14,27,20,23,23,25
0360,CBCA201,25,30,21,28,19,33,26,25
0360,CBCA202,23,27,21,28,25,19,24,25
0360,CBCA203,17,22,28,36,14,30,25,25
0360,CBCA204,25,25,35,23,27,27,27,25
0361,CBCA201,0,6,5,6,2,5,4,7
0361,CBCA202,15,8,2,12,10,16,11,7
0361,CBCA203,12,10,9,5,9,6,9,7
0361,CBCA204,8,4,0,2,8,14,6,7
0362,CBCA201,79,69,67,70,60,78,71,69
0362,CBCA202,74,64,64,74,72,72,70,69
0362,CBCA203,64,62,73,72,61,78,68,69
0362,CBCA204,64,71,76,65,67,67,68,69
0363,CBCA201,83,83,90,80,80,91,85,84
0363,CBCA202,81,88,83,80,86,85,84,84
0363,CBCA203,81,88,73,90,91,83,84,84
0363,CBCA204,88,92,82,81,79,71,82,84
0364,CBCA201,87,70,71,81,78,80,78,77
0364,CBCA202,74,78,75,85,69,69,75,77
0364,CBCA203,72,73,83,75,74,81,76,77
0364,CBCA204,85,79,69,76,85,71,78,77
0365,CBCA201,54,47,50,51,59,51,52,50
0365,CBCA202,59,40,44,49,46,43,47,50
0365,CBCA203,51,54,52,50,46,60,52,50
0365,CBCA204,55,52,47,55,40,46,49,50
0366,CBCA201,91,91,96,87,86,97,91,92
0366,CBCA202,97,95,96,84,100,90,94,92
0366,CBCA203,86,93,92,100,88,94,92,92
0366,CBCA204,92,98,89,100,83,88,92,92
0367,CBCA201,54,55,53,56,51,63,55,55
0367,CBCA202,50,50,58,57,57,57,55,55
0367,CBCA203,61,58,55,49,50,53,54,55
0367,CBCA204,54,54,51,56,62,51,55,55
0368,CBCA201,88,76,91,78,80,70,81,80
0368,CBCA202,76,78,82,72,86,81,79,80
0368,CBCA203,71,73,80,75,80,83,77,80
0368,CBCA204,84,77,89,78,79,85,82,80
0369,CBCA201,58,66,58,68,61,62,62,58
0369,CBCA202,53,48,60,65,48,62,56,58
0369,CBCA203,56,53,61,55,66,56,58,58
0369,CBCA204,58,55,62,55,56,52,56,58
0370,CBCA201,84,79,85,87,75,90,83,82
0370,CBCA202,83,85,83,73,76,80,80,82
0370,CBCA203,79,73,80,85,87,82,81,82
0370,CBCA204,82,75,85,88,86,80,83,82
0371,CBCA201,84,71,78,78,71,73,76,79
0371,CBCA202,78,82,86,82,84,72,81,79
0371,CBCA203,81,72,71,91,77,90,80,79
0371,CBCA204,73,78,76,84,76,80,78,79
0372,CBCA201,27,25,28,21,26,22,25,24
0372,CBCA202,23,22,25,29,18,21,23,24
0372,CBCA203,26,26,23,26,31,34,28,24
0372,CBCA204,25,23,23,17,20,21,22,24
0373,CBCA201,60,51,48,55,47,55,53,50
0373,CBCA202,50,56,46,56,43,55,51,50
0373,CBCA203,47,54,48,43,55,47,49,50
0373,CBCA204,51,56,44,40,50,43,47,50
0374,CBCA201,86,84,89,87,85,79,85,85
0374,CBCA202,93,75,85,87,75,93,85,85
0374,CBCA203,80,90,83,78,91,82,84,85
0374,CBCA204,76,84,80,94,94,81,85,85
0375,CBCA201,83,79,76,79,76,84,80,79
0375,CBCA202,76,87,78,82,80,73,79,79
0375,CBCA203,74,75,76,82,80,82,78,79
0375,CBCA204,80,77,75,86,77,70,78,79
0376,CBCA201,71,81,71,82,80,84,78,77
0376,CBCA202,74,76,81,85,83,68,78,77
0376,CBCA203,84,71,75,72,77,81,77,77
0376,CBCA204,67,78,75,78,82,77,76,77
0377,CBCA201,61,64,71,54,68,63,64,62
0377,CBCA202,71,62,56,62,66,69,64,62
0377,CBCA203,62,61,63,64,54,64,61,62
0377,CBCA204,62,54,61,66,59,58,60,62
0378,CBCA201,81,80,87,79,79,82,81,84
0378,CBCA202,83,82,90,78,94,74,84,84
0378,CBCA203,84,89,92,91,92,75,87,84
0378,CBCA204,83,90,86,87,79,89,86,84
0379,CBCA201,58,68,53,59,65,57,60,61
0379,CBCA202,64,63,65,62,66,64,64,61
0379,CBCA203,59,55,64,64,60,63,61,61
0379,CBCA204,63,64,61,61,63,54,61,61
0380,CBCA201,63,66,57,61,64,56,61,64
0380,CBCA202,69,57,71,63,67,73,67,64
0380,CBCA203,70,56,57,62,60,59,61,64
0380,CBCA204,64,64,70,76,61,68,67,64
0381,CBCA201,35,34,31,23,27,26,29,30
0381,CBCA202,27,21,40,19,36,36,30,30
0381,CBCA203,31,34,38,31,36,24,32,30
0381,CBCA204,26,28,25,32,27,32,28,30
0382,CBCA201,89,73,89,74,82,80,81,78
0382,CBCA202,83,77,75,77,87,77,79,78
0382,CBCA203,80,68,71,73,76,82,75,78
0382,CBCA204,70,78,74,72,73,87,76,78
0383,CBCA201,58,63,69,57,64,65,63,61
0383,CBCA202,53,60,60,56,55,71,59,61
0383,CBCA203,54,68,51,70,58,53,59,61
0383,CBCA204,64,57,63,68,58,60,62,61
0384,CBCA201,90,85,94,78,82,87,86,86
0384,CBCA202,84,93,90,86,91,88,89,86
0384,CBCA203,81,81,88,77,83,84,82,86
0384,CBCA204,94,91,91,86,80,80,87,86
0385,CBCA201,60,62,53,69,56,59,60,61
0385,CBCA202,57,51,62,70,58,64,60,61
0385,CBCA203,65,60,57,70,58,48,60,61
0385,CBCA204,65,67,56,72,67,60,65,61
0386,CBCA201,83,100,91,94,98,93,93,90
0386,CBCA202,84,100,91,89,82,98,91,90
0386,CBCA203,86,82,88,81,81,95,86,90
0386,CBCA204,87,92,94,93,90,92,91,90
0387,CBCA201,65,66,57,66,59,70,64,64
0387,CBCA202,74,63,63,58,63,65,64,64
0387,CBCA203,54,68,76,61,71,67,66,64
0387,CBCA204,58,54,60,70,66,64,62,64
0388,CBCA201,85,73,86,81,69,77,79,79
0388,CBCA202,79,68,85,85,79,88,81,79
0388,CBCA203,85,90,71,76,70,72,77,79
0388,CBCA204,80,72,85,78,78,72,78,79
0389,CBCA201,100,95,94,98,100,93,97,96
0389,CBCA202,100,100,93,93,97,97,97,96
0389,CBCA203,94,100,100,89,100,93,96,96
0389,CBCA204,95,100,94,92,92,90,94,96
0390,CBCA201,60,57,63,55,61,58,59,58
0390,CBCA202,65,54,56,57,59,51,57,58
0390,CBCA203,57,66,57,57,52,69,60,58
0390,CBCA204,55,54,59,54,64,63,58,58
0391,CBCA201,65,82,82,81,77,76,77,75
0391,CBCA202,79,73,76,75,66,80,75,75
0391,CBCA203,65,75,70,76,76,84,74,75
0391,CBCA204,87,70,65,68,82,81,76,75
0392,CBCA201,70,83,81,75,71,80,77,76
0392,CBCA202,78,78,69,69,74,85,76,76
0392,CBCA203,68,74,83,82,77,81,78,76
0392,CBCA204,80,77,74,69,70,77,75,76
0393,CBCA201,56,39,41,55,60,49,50,49
0393,CBCA202,50,44,46,51,55,54,50,49
0393,CBCA203,46,41,46,50,45,59,48,49
0393,CBCA204,45,46,52,46,55,53,50,49
0394,CBCA201,82,88,73,88,80,79,82,84
0394,CBCA202,83,82,92,83,93,93,88,84
0394,CBCA203,93,86,84,86,87,82,86,84
0394,CBCA204,84,84,83,83,75,83,82,84
0395,CBCA201,90,83,95,100,85,91,91,89
0395,CBCA202,86,95,80,91,84,84,87,89
0395,CBCA203,82,84,96,93,81,83,87,89
0395,CBCA204,88,88,95,98,95,99,94,89
0396,CBCA201,89,79,85,71,82,74,80,78
0396,CBCA202,72,80,80,82,77,76,78,78
0396,CBCA203,70,75,75,72,82,75,75,78
0396,CBCA204,79,83,77,75,84,73,79,78
0397,CBCA201,72,70,67,55,58,62,64,64
0397,CBCA202,61,70,67,66,66,60,65,64
0397,CBCA203,63,65,66,73,64,58,65,64
0397,CBCA204,68,62,65,66,65,58,64,64
0398,CBCA201,54,53,43,60,53,50,52,51
0398,CBCA202,59,56,43,54,45,49,51,51
0398,CBCA203,49,49,51,46,51,62,51,51
0398,CBCA204,47,50,43,49,59,52,50,51
0399,CBCA201,79,79,80,71,78,69,76,80
0399,CBCA202,88,78,84,86,84,84,84,80
0399,CBCA203,89,76,73,75,75,88,79,80
0399,CBCA204,83,78,79,78,73,90,80,80
0400,CBCA201,25,37,30,28,33,39,32,32
0400,CBCA202,23,28,33,30,34,39,31,32
0400,CBCA203,34,32,32,34,35,28,33,32
0400,CBCA204,34,31,27,28,31,37,31,32
0401,CBCA201,61,67,63,56,53,66,61,61
0401,CBCA202,56,60,65,56,60,67,61,61
0401,CBCA203,71,61,53,65,57,57,61,61
0401,CBCA204,68,66,59,49,60,64,61,61
0402,CBCA201,71,64,71,57,70,67,67,65
0402,CBCA202,69,63,61,56,63,58,62,65
0402,CBCA203,74,75,65,61,61,63,67,65
0402,CBCA204,59,70,76,58,65,64,65,65
0403,CBCA201,71,78,80,76,76,73,76,75
0403,CBCA202,82,73,65,71,67,78,73,75
0403,CBCA203,74,79,78,71,67,75,74,75
0403,CBCA204,70,79,75,79,86,78,78,75
0404,CBCA201,53,46,51,52,54,49,51,50
0404,CBCA202,51,53,49,46,51,47,50,50
0404,CBCA203,56,46,45,57,51,45,50,50
0404,CBCA204,43,45,51,54,51,53,50,50
0405,CBCA201,69,68,71,66,80,70,71,72
0405,CBCA202,72,72,76,73,69,66,71,72
0405,CBCA203,84,77,67,65,75,74,74,72
0405,CBCA204,70,69,74,73,72,74,72,72
0406,CBCA201,67,56,63,58,64,60,61,62
0406,CBCA202,65,54,55,74,68,60,63,62
0406,CBCA203,61,66,59,61,63,54,61,62
0406,CBCA204,69,64,62,56,57,60,61,62
0407,CBCA201,57,65,52,63,64,65,61,59
0407,CBCA202,52,53,63,52,63,69,59,59
0407,CBCA203,62,51,53,65,54,61,58,59
0407,CBCA204,58,55,52,62,65,53,58,59
0408,CBCA201,58,47,52,48,53,39,50,50
0408,CBCA202,46,54,57,46,48,59,52,50
0408,CBCA203,48,50,46,59,52,42,50,50
0408,CBCA204,59,52,42,47,46,50,49,50
0409,CBCA201,70,75,65,70,72,76,71,70
0409,CBCA202,71,72,73,71,74,75,73,70
0409,CBCA203,73,77,69,66,65,63,69,70
0409,CBCA204,63,61,68,65,62,77,66,70
0410,CBCA201,50,57,44,58,61,51,54,51
0410,CBCA202,49,54,43,46,52,57,50,51
0410,CBCA203,47,48,54,50,44,57,50,51
0410,CBCA204,48,44,52,58,47,57,51,51
0411,CBCA201,61,52,55,50,45,56,53,53
0411,CBCA202,53,51,52,55,46,53,52,53
0411,CBCA203,48,61,45,62,48,43,51,53
0411,CBCA204,51,57,55,60,55,55,56,53
0412,CBCA201,84,85,90,86,100,91,89,90
0412,CBCA202,84,97,93,87,93,86,90,90
0412,CBCA203,94,83,93,98,97,91,93,90
0412,CBCA204,90,93,89,86,80,79,86,90
0413,CBCA201,52,60,53,54,58,54,55,55
0413,CBCA202,64,58,53,57,61,47,57,55
0413,CBCA203,59,53,51,57,50,46,53,55
0413,CBCA204,60,49,59,52,55,64,57,55
0414,CBCA201,85,79,81,81,90,87,84,85
0414,CBCA202,85,90,82,83,82,83,84,85
0414,CBCA203,94,86,83,93,93,85,89,85
0414,CBCA204,89,84,77,85,80,87,84,85
0415,CBCA201,49,52,54,49,49,48,50,52
0415,CBCA202,58,48,47,49,48,53,51,52
0415,CBCA203,48,50,60,42,54,47,50,52
0415,CBCA204,62,56,54,49,52,60,56,52
0416,CBCA201,92,82,93,100,95,88,92,91
0416,CBCA202,90,84,95,83,90,92,89,91
0416,CBCA203,97,81,100,100,82,86,91,91
0416,CBCA204,92,81,95,100,95,89,92,91
0417,CBCA201,32,33,31,44,31,37,35,38
0417,CBCA202,28,44,41,42,39,31,38,38
0417,CBCA203,34,43,36,46,41,42,40,38
0417,CBCA204,42,40,39,32,44,34,39,38
0418,CBCA201,50,52,51,57,54,55,53,57
0418,CBCA202,64,64,62,63,60,59,62,57
0418,CBCA203,50,56,60,57,58,57,56,57
0418,CBCA204,58,55,47,63,59,57,57,57
0419,CBCA201,90,99,83,90,85,95,90,93
0419,CBCA202,98,97,99,91,95,99,97,93
0419,CBCA203,92,95,91,88,92,98,93,93
0419,CBCA204,96,83,85,91,97,98,92,93
0420,CBCA201,90,91,92,88,93,84,90,87
0420,CBCA202,79,87,86,87,81,83,84,87
0420,CBCA203,83,83,95,91,88,93,89,87
0420,CBCA204,97,81,86,87,89,84,87,87
0421,CBCA201,70,74,69,72,76,71,72,72
0421,CBCA202,74,61,75,76,74,68,71,72
0421,CBCA203,79,75,63,72,72,72,72,72
0421,CBCA204,71,73,70,79,70,64,71,72
0422,CBCA201,91,80,81,87,88,96,87,87
0422,CBCA202,85,83,81,84,89,82,84,87
0422,CBCA203,88,82,79,88,90,99,88,87
0422,CBCA204,88,98,89,84,83,87,88,87
0423,CBCA201,64,66,59,57,50,59,59,59
0423,CBCA202,48,62,54,61,65,50,57,59
0423,CBCA203,56,64,62,68,64,52,61,59
0423,CBCA204,63,53,60,54,50,69,58,59
0424,CBCA201,92,89,86,87,85,89,88,89
0424,CBCA202,79,87,86,85,92,86,86,89
0424,CBCA203,87,90,97,88,93,79,89,89
0424,CBCA204,93,92,95,89,100,92,94,89
0425,CBCA201,100,100,91,95,100,100,98,97
0425,CBCA202,95,98,97,99,97,99,98,97
0425,CBCA203,98,97,90,96,100,97,96,97
0425,CBCA204,100,100,97,97,100,94,98,97
0426,CBCA201,23,28,32,30,26,27,28,31
0426,CBCA202,31,25,43,30,32,39,33,31
0426,CBCA203,38,30,38,36,27,31,33,31
0426,CBCA204,28,33,32,35,23,36,31,31
0427,CBCA201,96,97,86,86,94,90,92,90
0427,CBCA202,84,88,94,80,95,91,89,90
0427,CBCA203,100,90,91,99,96,89,94,90
0427,CBCA204,92,83,95,82,84,79,86,90
0428,CBCA201,62,57,66,61,61,59,61,58
0428,CBCA202,53,55,65,50,57,48,55,58
0428,CBCA203,59,49,56,55,59,59,56,58
0428,CBCA204,57,59,50,67,64,54,59,58
0429,CBCA201,88,85,81,86,81,90,85,86
0429,CBCA202,86,86,88,89,86,77,85,86
0429,CBCA203,81,84,87,80,91,86,85,86
0429,CBCA204,89,89,91,82,82,92,88,86
0430,CBCA201,84,80,81,72,79,84,80,80
0430,CBCA202,81,78,84,75,80,86,81,80
0430,CBCA203,74,88,82,82,81,76,81,80
0430,CBCA204,79,82,76,81,79,73,78,80
0431,CBCA201,68,73,74,78,69,75,73,72
0431,CBCA202,65,62,74,72,69,74,69,72
0431,CBCA203,71,80,81,62,75,80,75,72
0431,CBCA204,63,75,79,79,67,74,73,72
0432,CBCA201,24,18,30,31,22,24,25,22
0432,CBCA202,15,20,16,27,14,20,19,22
0432,CBCA203,25,29,24,24,15,24,24,22
0432,CBCA204,22,18,16,17,20,30,21,22
0433,CBCA201,97,84,97,83,84,91,89,89
0433,CBCA202,82,88,89,88,89,91,88,89
0433,CBCA203,97,81,91,86,98,93,91,89
0433,CBCA204,86,89,80,95,84,97,89,89
0434,CBCA201,50,42,49,41,38,43,44,44
0434,CBCA202,45,37,51,50,54,42,47,44
0434,CBCA203,47,45,47,36,42,55,45,44
0434,CBCA204,33,47,44,38,48,41,42,44
0435,CBCA201,76,80,83,88,82,90,83,82
0435,CBCA202,84,86,91,83,81,78,84,82
0435,CBCA203,78,74,74,77,92,72,78,82
0435,CBCA204,84,74,81,86,91,81,83,82
0436,CBCA201,75,71,69,57,70,74,69,66
0436,CBCA202,71,70,60,71,66,60,66,66
0436,CBCA203,66,63,62,58,69,59,63,66
0436,CBCA204,59,65,69,70,64,58,64,66
0437,CBCA201,9,5,10,0,6,3,6,7
0437,CBCA202,9,9,4,9,14,5,8,7
0437,CBCA203,1,4,8,0,10,5,5,7
0437,CBCA204,10,7,5,6,10,14,9,7
0438,CBCA201,30,28,23,17,15,19,22,24
0438,CBCA202,23,17,35,23,28,22,25,24
0438,CBCA203,31,30,25,23,28,34,29,24
0438,CBCA204,18,17,31,18,21,31,23,24
0439,CBCA201,49,48,50,50,48,58,51,51
0439,CBCA202,51,51,50,49,48,60,52,51
0439,CBCA203,52,53,52,41,54,44,49,51
0439,CBCA204,58,50,63,45,59,47,54,51
0440,CBCA201,86,74,81,82,83,73,80,81
0440,CBCA202,85,81,76,86,82,81,82,81
0440,CBCA203,79,83,77,85,84,81,82,81
0440,CBCA204,71,91,86,79,78,85,82,81
0441,CBCA201,18,26,22,32,23,26,25,26
0441,CBCA202,26,31,24,28,20,23,25,26
0441,CBCA203,24,22,27,32,35,34,29,26
0441,CBCA204,28,24,33,19,21,32,26,26
0442,CBCA201,84,88,82,84,82,92,85,84
0442,CBCA202,84,76,86,88,87,83,84,84
0442,CBCA203,79,94,76,83,81,84,83,84
0442,CBCA204,78,75,90,89,80,85,83,84
0443,CBCA201,46,41,38,49,33,45,42,43
0443,CBCA202,50,46,51,46,41,43,46,43
0443,CBCA203,42,45,40,45,40,40,42,43
0443,CBCA204,45,41,45,37,38,37,41,43
0444,CBCA201,75,67,70,58,65,56,65,65
0444,CBCA202,61,60,65,71,67,55,63,65
0444,CBCA203,74,67,72,65,68,64,68,65
0444,CBCA204,59,72,68,68,57,63,65,65
0445,CBCA201,56,57,47,57,60,56,56,56
0445,CBCA202,56,61,59,53,53,63,58,56
0445,CBCA203,58,56,53,50,52,58,55,56
0445,CBCA204,57,61,59,51,55,54,56,56
0446,CBCA201,71,72,64,64,75,68,69,68
0446,CBCA202,66,57,72,70,78,75,70,68
0446,CBCA203,62,65,74,63,64,71,67,68
0446,CBCA204,66,72,64,66,66,64,66,68
0447,CBCA201,66,65,56,64,59,66,63,61
0447,CBCA202,63,65,59,60,60,60,61,61
0447,CBCA203,55,57,65,61,58,62,60,61
0447,CBCA204,60,63,55,61,61,53,59,61
0448,CBCA201,84,78,72,76,77,76,77,77
0448,CBCA202,81,81,84,75,78,81,80,77
0448,CBCA203,66,79,82,70,78,73,75,77
0448,CBCA204,77,70,72,79,84,71,76,77
0449,CBCA201,75,76,75,71,80,83,77,78
0449,CBCA202,75,80,86,73,83,77,79,78
0449,CBCA203,78,80,83,76,81,80,80,78
0449,CBCA204,86,75,76,74,88,70,78,78
0450,CBCA201,57,56,56,61,58,54,57,53
0450,CBCA202,50,49,48,42,51,48,48,53
0450,CBCA203,55,42,54,55,49,56,52,53
0450,CBCA204,55,53,59,53,63,52,56,53
0451,CBCA201,67,52,55,57,69,74,62,61
0451,CBCA202,59,54,62,61,63,56,59,61
0451,CBCA203,75,64,63,57,58,58,63,61
0451,CBCA204,57,57,61,65,68,62,62,61
0452,CBCA201,35,25,37,19,35,36,31,32
0452,CBCA202,38,28,31,24,26,34,30,32
0452,CBCA203,34,37,28,33,30,40,34,32
0452,CBCA204,29,26,37,34,37,31,32,32
0453,CBCA201,28,43,37,37,42,45,39,38
0453,CBCA202,36,43,47,38,42,36,40,38
0453,CBCA203,35,35,42,34,30,43,37,38
0453,CBCA204,42,42,32,38,29,39,37,38
0454,CBCA201,77,82,73,65,83,80,77,77
0454,CBCA202,78,81,87,77,69,78,78,77
0454,CBCA203,77,79,82,86,72,83,80,77
0454,CBCA204,71,70,82,73,73,69,73,77
0455,CBCA201,48,54,63,55,53,58,55,56
0455,CBCA202,54,61,56,52,54,55,55,56
0455,CBCA203,61,59,50,61,54,49,56,56
0455,CBCA204,56,51,52,58,55,64,56,56
0456,CBCA201,75,65,77,80,73,75,74,72
0456,CBCA202,71,73,75,63,75,69,71,72
0456,CBCA203,75,78,62,73,64,73,71,72
0456,CBCA204,80,73,67,65,77,74,73,72
0457,CBCA201,80,79,85,79,82,71,79,79
0457,CBCA202,85,80,74,81,84,75,80,79
0457,CBCA203,89,90,76,78,91,70,82,79
0457,CBCA204,78,73,74,72,74,86,76,79
0458,CBCA201,61,71,64,65,73,64,66,66
0458,CBCA202,72,58,65,63,71,73,67,66
0458,CBCA203,61,58,69,64,65,70,65,66
0458,CBCA204,62,64,67,57,72,65,65,66
0459,CBCA201,60,68,58,65,64,69,64,65
0459,CBCA202,61,70,69,64,64,60,65,65
0459,CBCA203,74,60,69,53,58,58,62,65
0459,CBCA204,63,64,73,72,69,73,69,65
0460,CBCA201,95,100,100,100,98,100,99,98
0460,CBCA202,98,100,100,100,100,100,100,98
0460,CBCA203,100,100,91,95,92,93,95,98
0460,CBCA204,97,100,96,95,99,100,98,98
0461,CBCA201,89,100,92,92,95,87,93,95
0461,CBCA202,87,96,91,93,93,100,93,95
0461,CBCA203,100,95,97,94,98,88,95,95
0461,CBCA204,100,97,95,94,100,100,98,95
0462,CBCA201,57,60,46,61,55,63,57,56
0462,CBCA202,52,56,54,56,51,49,53,56
0462,CBCA203,51,65,60,61,63,46,58,56
0462,CBCA204,60,55,54,54,54,57,56,56
0463,CBCA201,75,83,81,85,77,89,82,78
0463,CBCA202,72,76,76,82,77,76,77,78
0463,CBCA203,75,74,82,83,81,87,80,78
0463,CBCA204,70,72,79,75,78,74,75,78
0464,CBCA201,90,87,92,89,95,95,91,91
0464,CBCA202,86,89,94,90,88,85,89,91
0464,CBCA203,93,88,93,97,94,98,94,91
0464,CBCA204,90,97,92,86,91,80,89,91
0465,CBCA201,77,74,77,78,87,75,78,77
0465,CBCA202,78,75,70,87,66,71,75,77
0465,CBCA203,78,76,83,85,75,71,78,77
0465,CBCA204,77,88,76,80,72,73,78,77
0466,CBCA201,39,30,23,32,30,35,32,32
0466,CBCA202,27,35,34,34,23,32,31,32
0466,CBCA203,29,36,28,42,29,37,34,32
0466,CBCA204,33,30,35,21,37,30,31,32
0467,CBCA201,18,16,24,12,10,24,17,15
0467,CBCA202,13,13,13,12,25,6,14,15
0467,CBCA203,11,6,21,19,15,13,14,15
0467,CBCA204,5,24,22,12,10,8,14,15
0468,CBCA201,80,66,65,73,79,76,73,71
0468,CBCA202,66,72,76,82,65,69,72,71
0468,CBCA203,72,73,66,63,70,69,69,71
0468,CBCA204,69,77,70,79,71,65,72,71
0469,CBCA201,86,74,82,74,85,74,79,77
0469,CBCA202,80,76,82,72,71,86,78,77
0469,CBCA203,78,72,81,74,75,68,75,77
0469,CBCA204,76,73,75,82,72,75,76,77
0470,CBCA201,72,71,62,66,60,70,67,64
0470,CBCA202,70,70,56,61,73,61,65,64
0470,CBCA203,61,56,62,68,70,61,63,64
0470,CBCA204,65,67,60,61,55,62,62,64
0471,CBCA201,70,68,62,61,60,57,63,60
0471,CBCA202,71,54,56,65,62,58,61,60
0471,CBCA203,60,56,59,50,52,55,55,60
0471,CBCA204,56,64,59,60,64,59,60,60
0472,CBCA201,65,73,55,71,59,56,63,62
0472,CBCA202,66,56,57,65,53,66,61,62
0472,CBCA203,54,58,75,54,75,55,62,62
0472,CBCA204,71,66,60,60,64,64,64,62
0473,CBCA201,65,73,71,76,62,71,70,73
0473,CBCA202,74,71,75,76,75,61,72,73
0473,CBCA203,81,70,67,77,76,80,75,73
0473,CBCA204,81,63,81,73,74,76,75,73
0474,CBCA201,72,75,81,80,81,70,77,77
0474,CBCA202,80,81,76,76,76,77,78,77
0474,CBCA203,73,77,74,73,67,86,75,77
0474,CBCA204,78,73,79,83,70,81,77,77
0475,CBCA201,90,80,89,93,82,86,87,83
0475,CBCA202,76,80,83,80,81,77,80,83
0475,CBCA203,81,79,81,73,83,84,80,83
0475,CBCA204,88,92,91,82,86,76,86,83
0476,CBCA201,26,17,17,25,23,24,22,21
0476,CBCA202,31,11,19,30,18,15,21,21
0476,CBCA203,25,13,29,24,19,23,22,21
0476,CBCA204,11,17,16,28,26,12,18,21
0477,CBCA201,38,38,42,37,31,34,37,35
0477,CBCA202,40,33,38,33,35,24,34,35
0477,CBCA203,38,37,47,30,35,36,37,35
0477,CBCA204,25,27,33,41,33,28,31,35
0478,CBCA201,77,82,83,77,70,84,79,75
0478,CBCA202,79,76,74,71,79,66,74,75
0478,CBCA203,85,81,73,66,71,76,75,75
0478,CBCA204,71,65,72,63,77,81,72,75
0479,CBCA201,85,68,70,71,67,79,73,77
0479,CBCA202,79,71,80,83,83,77,79,77
0479,CBCA203,78,82,84,71,73,80,78,77
0479,CBCA204,73,81,77,71,79,84,78,77
0480,CBCA201,50,51,53,57,50,61,54,56
0480,CBCA202,62,51,58,54,64,59,58,56
0480,CBCA203,66,57,55,59,65,58,60,56
0480,CBCA204,55,57,52,51,49,52,53,56
0481,CBCA201,72,67,74,71,74,67,71,68
0481,CBCA202,67,71,73,71,66,73,70,68
0481,CBCA203,71,64,63,69,72,63,67,68
0481,CBCA204,66,73,61,67,65,62,66,68
0482,CBCA201,78,73,80,79,73,77,77,74
0482,CBCA202,73,67,70,76,78,83,75,74
0482,CBCA203,79,77,75,69,70,76,74,74
0482,CBCA204,69,69,77,71,76,70,72,74
0483,CBCA201,76,83,87,76,85,80,81,82
0483,CBCA202,79,84,85,88,69,74,80,82
0483,CBCA203,89,77,91,87,90,77,85,82
0483,CBCA204,88,73,87,79,85,83,83,82
0484,CBCA201,51,70,58,65,59,52,59,59
0484,CBCA202,60,64,59,60,60,62,61,59
0484,CBCA203,51,62,50,52,59,69,57,59
0484,CBCA204,63,61,62,62,47,53,58,59
0485,CBCA201,32,22,32,24,29,18,26,25
0485,CBCA202,32,21,20,18,32,26,25,25
0485,CBCA203,24,20,28,26,26,22,24,25
0485,CBCA204,25,17,31,31,25,27,26,25
0486,CBCA201,45,49,46,55,49,57,50,49
0486,CBCA202,42,43,59,59,54,47,51,49
0486,CBCA203,40,51,52,43,52,54,49,49
0486,CBCA204,51,43,48,57,49,40,48,49
0487,CBCA201,53,48,50,57,50,52,52,56
0487,CBCA202,55,53,56,57,59,62,57,56
0487,CBCA203,55,57,51,51,64,57,56,56
0487,CBCA204,51,58,65,58,62,58,59,56
0488,CBCA201,84,95,80,80,88,83,85,85
0488,CBCA202,86,84,75,82,91,85,84,85
0488,CBCA203,84,81,87,91,84,85,85,85
0488,CBCA204,86,91,85,79,87,96,87,85
0489,CBCA201,46,48,41,52,56,54,50,49
0489,CBCA202,52,53,52,40,48,44,48,49
0489,CBCA203,54,44,46,39,52,49,47,49
0489,CBCA204,50,45,46,54,59,50,51,49
0490,CBCA201,64,60,63,60,62,51,60,59
0490,CBCA202,60,67,54,54,59,58,59,59
0490,CBCA203,57,63,59,64,65,61,62,59
0490,CBCA204,56,66,53,59,59,49,57,59
0491,CBCA201,100,88,100,97,93,100,96,97
0491,CBCA202,100,100,98,99,94,100,99,97
0491,CBCA203,100,89,100,100,95,95,97,97
0491,CBCA204,97,100,90,100,96,100,97,97
0492,CBCA201,79,77,81,76,86,81,80,81
0492,CBCA202,72,78,87,73,85,79,79,81
0492,CBCA203,82,72,81,82,80,78,79,81
0492,CBCA204,81,89,83,81,85,84,84,81
0493,CBCA201,98,90,87,100,100,96,95,97
0493,CBCA202,100,100,100,99,95,100,99,97
0493,CBCA203,90,100,100,97,100,100,98,97
0493,CBCA204,95,94,100,100,100,97,98,97
0494,CBCA201,99,88,91,99,89,94,93,90
0494,CBCA202,91,92,85,88,83,87,88,90
0494,CBCA203,97,80,94,81,90,96,90,90
0494,CBCA204,87,89,94,84,85,88,88,90
0495,CBCA201,63,63,56,56,59,57,59,58
0495,CBCA202,49,59,49,65,57,60,57,58
0495,CBCA203,65,53,51,57,55,66,58,58
0495,CBCA204,54,59,69,54,63,48,58,58
0496,CBCA201,83,66,79,64,78,66,73,72
0496,CBCA202,70,66,71,71,63,72,69,72
0496,CBCA203,69,70,71,80,81,75,74,72
0496,CBCA204,62,71,79,72,74,82,73,72
0497,CBCA201,100,87,89,90,96,89,92,95
0497,CBCA202,92,98,91,94,95,100,95,95
0497,CBCA203,99,100,100,89,100,92,97,95
0497,CBCA204,100,99,89,100,97,99,97,95
0498,CBCA201,87,86,81,82,88,82,84,84
0498,CBCA202,77,81,79,92,81,87,83,84
0498,CBCA203,84,86,82,77,74,93,83,84
0498,CBCA204,81,78,91,80,85,91,84,84
0499,CBCA201,18,20,14,24,16,19,19,15
0499,CBCA202,10,14,17,19,20,13,16,15
0499,CBCA203,7,9,21,11,6,10,11,15
0499,CBCA204,17,13,13,17,23,13,16,15
0500,CBCA201,72,60,79,73,73,69,71,68
0500,CBCA202,66,68,63,64,68,60,65,68
0500,CBCA203,66,69,65,64,66,59,65,68
0500,CBCA204,71,66,74,66,77,74,71,68
0501,CBCA201,93,100,100,98,91,99,97,97
0501,CBCA202,100,100,92,98,94,94,96,97
0501,CBCA203,100,100,100,100,99,100,100,97
0501,CBCA204,100,91,99,98,90,100,96,97
0502,CBCA201,30,32,26,28,30,25,29,30
0502,CBCA202,30,37,23,28,22,33,29,30
0502,CBCA203,32,29,36,27,36,35,33,30
0502,CBCA204,28,33,33,25,33,30,30,30
0503,CBCA201,99,90,85,86,86,91,90,90
0503,CBCA202,92,97,86,96,90,85,91,90
0503,CBCA203,94,85,88,95,97,88,91,90
0503,CBCA204,93,78,92,88,93,92,89,90
0504,CBCA201,63,52,59,59,60,68,60,63
0504,CBCA202,72,65,65,64,58,66,65,63
0504,CBCA203,63,69,61,58,73,67,65,63
0504,CBCA204,57,73,60,55,66,56,61,63
0505,CBCA201,9,0,4,5,3,10,5,4
0505,CBCA202,0,0,9,8,8,5,5,4
0505,CBCA203,0,0,0,5,3,0,1,4
0505,CBCA204,0,3,6,9,0,2,3,4
0506,CBCA201,79,78,83,82,69,91,80,81
0506,CBCA202,69,85,83,76,79,80,79,81
0506,CBCA203,83,77,84,84,76,88,82,81
0506,CBCA204,86,86,83,84,87,83,85,81
0507,CBCA201,52,55,45,44,49,45,48,49
0507,CBCA202,53,48,47,44,46,48,48,49
0507,CBCA203,57,53,45,48,59,52,52,49
0507,CBCA204,53,47,42,44,54,55,49,49
0508,CBCA201,32,31,35,29,33,36,33,30
0508,CBCA202,28,30,32,25,32,33,30,30
0508,CBCA203,31,23,20,37,26,24,27,30
0508,CBCA204,34,27,26,27,34,27,29,30
0509,CBCA201,44,39,40,43,37,25,38,35
0509,CBCA202,32,39,39,29,31,30,33,35
0509,CBCA203,28,32,46,31,39,43,37,35
0509,CBCA204,26,36,29,38,34,36,33,35
0510,CBCA201,58,61,61,52,65,49,58,57
0510,CBCA202,64,51,50,58,59,53,56,57
0510,CBCA203,63,61,56,56,50,56,57,57
0510,CBCA204,52,66,64,61,53,49,58,57
0511,CBCA201,63,62,59,53,57,49,57,57
0511,CBCA202,52,54,57,58,55,68,57,57
0511,CBCA203,67,47,53,63,62,54,58,57
0511,CBCA204,65,54,59,48,53,48,55,57
0512,CBCA201,85,70,66,76,73,78,75,75
0512,CBCA202,74,81,77,73,77,70,75,75
0512,CBCA203,71,70,70,75,85,77,75,75
0512,CBCA204,69,72,77,83,78,74,76,75
0513,CBCA201,26,24,22,31,26,20,25,22
0513,CBCA202,19,21,19,28,20,19,21,22
0513,CBCA203,19,26,17,13,13,33,20,22
0513,CBCA204,21,30,24,14,21,20,22,22
0514,CBCA201,39,47,60,46,57,51,50,50
0514,CBCA202,55,43,43,56,50,50,50,50
0514,CBCA203,50,54,48,48,47,51,50,50
0514,CBCA204,51,54,43,53,46,54,50,50
0515,CBCA201,46,47,58,53,52,46,50,51
0515,CBCA202,54,47,46,59,52,51,52,51
0515,CBCA203,57,47,45,56,57,43,51,51
0515,CBCA204,47,61,50,47,54,47,51,51
0516,CBCA201,62,66,63,59,71,65,64,64
0516,CBCA202,65,63,59,64,61,69,64,64
0516,CBCA203,61,53,67,75,60,64,63,64
0516,CBCA204,62,61,66,62,69,67,65,64
0517,CBCA201,49,59,50,46,60,55,53,52
0517,CBCA202,49,54,56,47,59,58,54,52
0517,CBCA203,48,43,53,52,47,46,48,52
0517,CBCA204,55,52,55,52,57,57,55,52
0518,CBCA201,60,70,70,55,55,60,62,65
0518,CBCA202,63,71,58,72,66,63,66,65
0518,CBCA203,66,63,66,68,73,75,69,65
0518,CBCA204,66,62,54,71,68,64,64,65
0519,CBCA201,65,66,63,75,65,78,69,68
0519,CBCA202,71,68,68,58,61,67,66,68
0519,CBCA203,67,64,73,74,72,67,70,68
0519,CBCA204,75,65,73,68,56,73,68,68
0520,CBCA201,67,65,61,70,66,70,67,66
0520,CBCA202,71,70,66,59,65,62,66,66
0520,CBCA203,63,71,65,62,75,61,66,66
0520,CBCA204,70,60,60,69,60,70,65,66
0521,CBCA201,69,61,73,62,69,71,68,66
0521,CBCA202,65,68,71,56,59,63,64,66
0521,CBCA203,55,65,71,58,71,69,65,66
0521,CBCA204,75,60,70,60,69,68,67,66
0522,CBCA201,93,93,94,100,98,95,96,95
0522,CBCA202,100,100,96,97,89,100,97,95
0522,CBCA203,94,94,97,97,93,93,95,95
0522,CBCA204,88,99,87,89,100,97,93,95
0523,CBCA201,46,48,51,53,45,40,47,47
0523,CBCA202,43,53,48,48,52,43,48,47
0523,CBCA203,33,45,48,52,49,48,46,47
0523,CBCA204,41,48,44,47,46,46,45,47
0524,CBCA201,88,91,86,87,85,85,87,87
0524,CBCA202,86,79,88,92,95,93,89,87
0524,CBCA203,80,83,83,92,95,89,87,87
0524,CBCA204,83,79,82,93,89,92,86,87
0525,CBCA201,73,59,70,67,72,62,67,67
0525,CBCA202,73,65,69,61,67,63,66,67
0525,CBCA203,69,65,62,77,59,64,66,67
0525,CBCA204,61,71,74,65,70,64,68,67
0526,CBCA201,10,14,18,6,6,14,11,8
0526,CBCA202,3,7,7,11,2,0,5,8
0526,CBCA203,3,2,0,17,0,3,4,8
0526,CBCA204,2,11,7,15,11,14,10,8
0527,CBCA201,16,12,3,12,8,0,9,7
0527,CBCA202,4,6,2,1,3,2,3,7
0527,CBCA203,8,8,14,6,4,14,9,7
0527,CBCA204,8,9,8,3,5,1,6,7
0528,CBCA201,52,43,41,41,42,40,43,49
0528,CBCA202,43,52,52,47,51,53,50,49
0528,CBCA203,44,59,47,45,53,57,51,49
0528,CBCA204,46,55,59,50,43,55,51,49
0529,CBCA201,81,73,75,73,73,70,74,73
0529,CBCA202,75,69,81,72,75,77,75,73
0529,CBCA203,66,73,70,80,67,76,72,73
0529,CBCA204,69,69,79,71,66,73,71,73
0530,CBCA201,78,78,76,76,88,78,79,77
0530,CBCA202,74,70,83,78,80,73,76,77
0530,CBCA203,71,71,75,73,78,71,73,77
0530,CBCA204,76,73,80,77,85,81,79,77
0531,CBCA201,37,33,25,37,35,38,34,33
0531,CBCA202,34,26,24,38,32,37,32,33
0531,CBCA203,30,29,22,37,31,39,31,33
0531,CBCA204,26,37,29,34,44,36,34,33
0532,CBCA201,57,63,62,58,56,64,60,61
0532,CBCA202,64,54,63,60,60,58,60,61
0532,CBCA203,66,54,57,62,64,62,61,61
0532,CBCA204,60,59,66,62,69,67,64,61
0533,CBCA201,89,87,77,83,85,77,83,81
0533,CBCA202,81,73,74,92,86,79,81,81
0533,CBCA203,75,87,85,77,83,72,80,81
0533,CBCA204,73,84,80,91,82,81,82,81
0534,CBCA201,76,66,72,67,67,72,70,73
0534,CBCA202,78,73,74,69,67,66,71,73
0534,CBCA203,79,82,71,83,66,75,76,73
0534,CBCA204,77,82,68,74,77,72,75,73
0535,CBCA201,68,50,70,55,71,55,62,60
0535,CBCA202,59,55,68,53,60,58,59,60
0535,CBCA203,57,50,59,67,61,60,59,60
0535,CBCA204,58,54,64,62,58,67,61,60
0536,CBCA201,60,66,56,72,68,57,63,65
0536,CBCA202,67,66,56,57,69,62,63,65
0536,CBCA203,71,69,70,72,58,62,67,65
0536,CBCA204,71,62,62,69,67,71,67,65
0537,CBCA201,11,1,5,1,0,12,5,6
0537,CBCA202,11,7,9,2,12,0,7,6
0537,CBCA203,2,8,10,4,10,9,7,6
0537,CBCA204,11,5,5,4,9,7,7,6
0538,CBCA201,81,82,79,85,84,76,81,82
0538,CBCA202,86,82,80,83,79,78,81,82
0538,CBCA203,81,90,86,73,84,83,83,82
0538,CBCA204,75,76,82,90,81,85,82,82
0539,CBCA201,53,54,54,55,58,59,56,57
0539,CBCA202,54,64,66,50,64,56,59,57
0539,CBCA203,48,55,59,64,67,64,60,57
0539,CBCA204,49,57,58,53,55,57,55,57
0540,CBCA201,59,59,52,61,57,64,59,57
0540,CBCA202,54,67,59,53,63,50,58,57
0540,CBCA203,50,55,57,60,53,64,57,57
0540,CBCA204,52,59,54,55,62,53,56,57
0541,CBCA201,66,73,63,55,61,62,63,62
0541,CBCA202,68,69,63,57,58,67,64,62
0541,CBCA203,58,60,62,50,65,66,60,62
0541,CBCA204,57,66,63,61,61,64,62,62
0542,CBCA201,100,99,93,92,100,88,95,95
0542,CBCA202,88,100,98,100,93,97,96,95
0542,CBCA203,96,95,96,100,87,100,96,95
0542,CBCA204,96,100,87,93,92,91,93,95
0543,CBCA201,100,97,100,100,96,94,98,96
0543,CBCA202,100,96,100,93,100,96,98,96
0543,CBCA203,90,94,86,97,98,96,94,96
0543,CBCA204,100,100,93,96,96,97,97,96
0544,CBCA201,69,62,67,74,73,69,69,69
0544,CBCA202,69,72,60,68,78,70,70,69
0544,CBCA203,72,66,65,75,71,62,69,69
0544,CBCA204,61,72,71,67,79,67,70,69
0545,CBCA201,72,69,76,79,67,72,73,77
0545,CBCA202,79,75,80,64,69,86,76,77
0545,CBCA203,84,73,86,88,75,77,81,77
0545,CBCA204,80,75,77,83,79,78,79,77
0546,CBCA201,73,77,75,80,77,81,77,78
0546,CBCA202,85,79,77,77,81,85,81,78
0546,CBCA203,79,81,73,84,82,77,79,78
0546,CBCA204,77,74,69,74,74,71,73,78
0547,CBCA201,87,83,86,96,94,97,91,88
0547,CBCA202,88,92,77,92,89,80,86,88
0547,CBCA203,88,90,90,89,84,90,89,88
0547,CBCA204,82,92,89,83,93,87,88,88
0548,CBCA201,62,45,64,59,51,58,57,54
0548,CBCA202,49,59,48,60,47,54,53,54
0548,CBCA203,54,55,48,50,62,49,53,54
0548,CBCA204,55,57,57,48,58,48,54,54
0549,CBCA201,74,79,66,75,77,67,73,72
0549,CBCA202,61,69,76,77,72,67,70,72
0549,CBCA203,76,66,72,68,73,69,71,72
0549,CBCA204,68,81,69,75,68,74,73,72
0550,CBCA201,52,46,52,57,54,58,53,50
0550,CBCA202,43,59,54,46,48,43,49,50
0550,CBCA203,52,50,51,44,45,52,49,50
0550,CBCA204,51,42,56,55,50,50,51,50
0551,CBCA201,84,86,78,74,71,82,79,81
0551,CBCA202,76,84,94,89,71,88,84,81
0551,CBCA203,73,75,75,79,91,81,79,81
0551,CBCA204,77,89,89,80,73,77,81,81
0552,CBCA201,96,82,78,78,85,84,84,87
0552,CBCA202,87,94,85,93,93,83,89,87
0552,CBCA203,95,88,81,84,90,91,88,87
0552,CBCA204,86,83,82,91,92,90,87,87
0553,CBCA201,42,44,41,27,29,36,37,35
0553,CBCA202,26,30,43,27,34,36,33,35
0553,CBCA203,42,27,39,35,31,28,34,35
0553,CBCA204,35,30,35,44,32,35,35,35
0554,CBCA201,1,12,0,9,0,8,5,3
0554,CBCA202,0,0,0,0,0,3,1,3
0554,CBCA203,11,0,0,0,2,0,2,3
0554,CBCA204,2,10,6,1,0,2,4,3
0555,CBCA201,54,62,63,66,56,50,59,58
0555,CBCA202,53,62,64,53,52,50,56,58
0555,CBCA203,59,54,54,55,56,56,56,58
0555,CBCA204,64,55,61,62,63,62,61,58
0556,CBCA201,55,65,51,55,55,60,57,56
0556,CBCA202,49,62,64,60,46,64,58,56
0556,CBCA203,46,59,56,56,53,57,55,56
0556,CBCA204,48,59,58,60,59,56,57,56
0557,CBCA201,67,66,75,62,73,77,70,74
0557,CBCA202,69,67,81,78,68,81,74,74
0557,CBCA203,82,64,81,73,81,80,77,74
0557,CBCA204,81,75,73,75,72,72,75,74
0558,CBCA201,73,74,81,85,76,77,78,84
0558,CBCA202,88,95,82,92,89,77,87,84
0558,CBCA203,74,88,94,79,76,86,83,84
0558,CBCA204,84,92,80,89,86,93,87,84
0559,CBCA201,82,85,83,74,74,82,80,81
0559,CBCA202,84,77,72,75,72,77,76,81
0559,CBCA203,80,82,79,86,87,88,84,81
0559,CBCA204,89,79,78,74,86,88,82,81
0560,CBCA201,11,4,2,6,0,12,6,6
0560,CBCA202,11,0,4,9,5,9,6,6
0560,CBCA203,4,0,6,13,2,11,6,6
0560,CBCA204,11,2,4,7,0,11,6,6
0561,CBCA201,79,75,80,80,76,73,77,75
0561,CBCA202,78,76,78,65,71,67,73,75
0561,CBCA203,73,76,76,63,76,74,73,75
0561,CBCA204,83,74,80,74,68,76,76,75
0562,CBCA201,70,58,67,69,67,68,67,61
0562,CBCA202,66,57,57,62,62,54,60,61
0562,CBCA203,61,58,55,59,51,61,58,61
0562,CBCA204,64,58,58,56,69,58,61,61
0563,CBCA201,83,77,83,76,73,78,78,77
0563,CBCA202,80,81,84,69,85,87,81,77
0563,CBCA203,68,76,79,73,81,75,75,77
0563,CBCA204,72,76,69,70,71,74,72,77
0564,CBCA201,74,72,65,74,67,61,69,67
0564,CBCA202,63,64,68,74,69,65,67,67
0564,CBCA203,66,65,61,59,70,64,64,67
0564,CBCA204,72,61,66,73,65,62,67,67
0565,CBCA201,35,53,46,35,36,38,41,40
0565,CBCA202,46,39,33,36,35,50,40,40
0565,CBCA203,46,33,34,48,52,39,42,40
0565,CBCA204,42,33,32,41,37,46,39,40
0566,CBCA201,27,29,32,40,33,35,33,32
0566,CBCA202,37,37,28,42,25,24,32,32
0566,CBCA203,32,41,31,28,27,32,32,32
0566,CBCA204,38,30,27,35,37,28,33,32
0567,CBCA201,55,49,52,50,55,49,52,51
0567,CBCA202,53,55,53,47,50,55,52,51
0567,CBCA203,50,43,51,49,60,54,51,51
0567,CBCA204,46,58,47,52,43,48,49,51
0568,CBCA201,70,68,78,67,70,75,71,70
0568,CBCA202,76,67,76,66,73,61,70,70
0568,CBCA203,70,78,59,77,67,73,71,70
0568,CBCA204,63,67,64,70,75,59,66,70
0569,CBCA201,90,82,88,88,88,90,88,85
0569,CBCA202,88,89,90,79,93,79,86,85
0569,CBCA203,76,79,78,96,86,82,83,85
0569,CBCA204,75,89,83,79,90,89,84,85
0570,CBCA201,81,87,83,93,79,83,84,82
0570,CBCA202,82,84,77,84,86,79,82,82
0570,CBCA203,72,91,85,77,84,83,82,82
0570,CBCA204,87,82,83,84,71,75,80,82
0571,CBCA201,75,67,64,81,73,72,72,72
0571,CBCA202,76,77,76,70,78,68,74,72
0571,CBCA203,71,83,69,63,64,74,71,72
0571,CBCA204,66,67,69,76,74,67,70,72
0572,CBCA201,78,75,72,70,77,75,75,73
0572,CBCA202,74,66,71,76,68,76,72,73
0572,CBCA203,79,79,73,74,76,77,76,73
0572,CBCA204,60,74,78,72,64,67,69,73
0573,CBCA201,92,97,98,98,89,97,95,98
0573,CBCA202,99,100,99,100,96,91,98,98
0573,CBCA203,99,99,100,100,100,100,100,98
0573,CBCA204,100,94,100,96,100,100,98,98
0574,CBCA201,92,88,78,88,93,88,88,87
0574,CBCA202,92,88,93,80,93,89,89,87
0574,CBCA203,78,89,91,88,89,86,87,87
0574,CBCA204,79,90,85,89,85,82,85,87
0575,CBCA201,89,86,81,93,87,90,88,87
0575,CBCA202,86,92,92,79,87,93,88,87
0575,CBCA203,90,95,82,79,85,90,87,87
0575,CBCA204,81,95,83,84,92,84,87,87
0576,CBCA201,81,83,92,88,86,86,86,87
0576,CBCA202,83,91,86,92,76,85,86,87
0576,CBCA203,81,81,90,89,81,85,85,87
0576,CBCA204,93,85,94,93,89,88,90,87
0577,CBCA201,51,50,56,53,56,59,54,55
0577,CBCA202,54,46,54,61,57,56,55,55
0577,CBCA203,56,55,54,48,49,50,52,55
0577,CBCA204,60,48,64,59,63,49,57,55
0578,CBCA201,100,100,100,91,100,99,98,98
0578,CBCA202,100,100,97,99,100,90,98,98
0578,CBCA203,98,95,100,92,100,95,97,98
0578,CBCA204,100,99,100,100,99,100,100,98
0579,CBCA201,74,73,65,67,72,64,69,73
0579,CBCA202,78,77,70,73,66,77,74,73
0579,CBCA203,71,74,70,69,75,64,71,73
0579,CBCA204,77,81,84,84,73,71,78,73
0580,CBCA201,71,66,68,65,72,68,68,70
0580,CBCA202,71,62,75,75,80,64,71,70
0580,CBCA203,62,67,73,74,70,68,69,70
0580,CBCA204,73,72,63,66,74,78,71,70
0581,CBCA201,58,63,57,57,61,57,59,60
0581,CBCA202,64,63,59,54,62,58,60,60
0581,CBCA203,64,58,59,56,57,69,61,60
0581,CBCA204,65,54,60,58,64,68,62,60
0582,CBCA201,17,12,25,16,24,22,19,20
0582,CBCA202,18,24,19,26,23,21,22,20
0582,CBCA203,12,25,23,16,23,25,21,20
0582,CBCA204,24,18,21,14,13,20,18,20
0583,CBCA201,61,63,72,63,56,61,63,62
0583,CBCA202,56,60,52,59,60,67,59,62
0583,CBCA203,70,62,68,62,67,58,65,62
0583,CBCA204,64,68,51,61,63,68,63,62
0584,CBCA201,36,38,37,32,33,35,35,37
0584,CBCA202,33,41,47,33,33,40,38,37
0584,CBCA203,34,38,40,38,37,44,39,37
0584,CBCA204,42,30,33,40,42,41,38,37
0585,CBCA201,84,93,85,86,93,90,89,90
0585,CBCA202,88,89,87,84,89,78,86,90
0585,CBCA203,95,97,90,96,92,89,93,90
0585,CBCA204,95,95,97,90,91,92,93,90
0586,CBCA201,83,84,84,95,86,81,86,84
0586,CBCA202,77,86,87,86,84,87,85,84
0586,CBCA203,85,78,91,82,86,81,84,84
0586,CBCA204,88,84,83,78,79,77,82,84
0587,CBCA201,54,68,49,60,54,51,56,58
0587,CBCA202,56,64,60,58,63,48,58,58
0587,CBCA203,54,59,63,52,55,55,56,58
0587,CBCA204,61,60,65,66,51,59,60,58
0588,CBCA201,90,91,94,83,92,83,89,92
0588,CBCA202,91,97,95,87,90,99,93,92
0588,CBCA203,90,95,99,96,87,98,94,92
0588,CBCA204,87,88,93,90,89,95,90,92
0589,CBCA201,59,64,70,54,56,58,60,63
0589,CBCA202,64,64,61,58,65,57,62,63
0589,CBCA203,64,66,65,71,67,71,67,63
0589,CBCA204,58,55,68,68,58,62,62,63
0590,CBCA201,45,46,45,49,58,59,50,50
0590,CBCA202,52,49,54,48,46,50,50,50
0590,CBCA203,46,54,58,44,52,42,49,50
0590,CBCA204,53,53,47,56,48,57,52,50
0591,CBCA201,42,53,47,45,51,42,47,44
0591,CBCA202,44,41,39,45,38,42,42,44
0591,CBCA203,52,48,40,34,41,42,43,44
0591,CBCA204,46,54,45,45,41,46,46,44
0592,CBCA201,76,81,78,78,83,75,79,82
0592,CBCA202,77,88,80,87,83,86,84,82
0592,CBCA203,81,88,78,78,83,82,82,82
0592,CBCA204,86,87,85,82,87,71,83,82
0593,CBCA201,91,94,85,81,90,96,90,90
0593,CBCA202,96,96,94,87,91,94,93,90
0593,CBCA203,89,91,90,78,90,84,87,90
0593,CBCA204,86,86,90,95,96,93,91,90
0594,CBCA201,89,100,100,99,94,100,97,98
0594,CBCA202,97,100,89,100,100,95,97,98
0594,CBCA203,93,100,92,100,100,100,98,98
0594,CBCA204,100,100,98,100,100,97,99,98
0595,CBCA201,80,80,69,78,78,69,76,75
0595,CBCA202,71,79,82,76,76,82,78,75
0595,CBCA203,74,68,78,85,70,75,75,75
0595,CBCA204,69,77,71,75,68,65,71,75
0596,CBCA201,63,66,63,55,57,53,60,58
0596,CBCA202,65,52,56,55,58,56,57,58
0596,CBCA203,59,59,56,50,59,54,56,58
0596,CBCA204,50,64,55,62,56,65,59,58
0597,CBCA201,77,75,85,82,75,81,79,79
0597,CBCA202,85,82,75,89,72,70,79,79
0597,CBCA203,78,81,82,82,69,74,78,79
0597,CBCA204,87,73,77,67,82,86,79,79
0598,CBCA201,5,0,9,3,16,9,7,6
0598,CBCA202,8,0,3,7,14,3,6,6
0598,CBCA203,7,3,2,13,10,5,7,6
0598,CBCA204,7,2,6,5,4,5,5,6
0599,CBCA201,100,100,88,100,98,87,96,95
0599,CBCA202,89,100,94,99,93,89,94,95
0599,CBCA203,96,100,100,93,99,96,97,95
0599,CBCA204,91,95,94,92,94,90,93,95
0600,CBCA201,87,94,85,86,79,94,88,90
0600,CBCA202,96,95,94,87,93,92,93,90
0600,CBCA203,98,87,84,83,88,86,88,90
0600,CBCA204,96,87,86,90,95,89,91,90
0601,CBCA201,57,69,68,60,69,62,64,66
0601,CBCA202,59,68,55,67,71,61,64,66
0601,CBCA203,66,74,60,75,68,65,68,66
0601,CBCA204,67,70,76,61,67,63,67,66
0602,CBCA201,60,56,58,50,46,66,56,56
0602,CBCA202,59,56,58,49,51,50,54,56
0602,CBCA203,53,54,54,62,52,48,54,56
0602,CBCA204,61,60,52,61,61,56,59,56
0603,CBCA201,80,69,64,79,76,71,73,74
0603,CBCA202,80,82,75,70,70,84,77,74
0603,CBCA203,74,72,78,76,69,68,73,74
0603,CBCA204,66,72,74,74,85,71,74,74
0604,CBCA201,91,95,95,98,96,89,94,96
0604,CBCA202,98,98,96,100,94,96,97,96
0604,CBCA203,100,100,98,94,100,98,98,96
0604,CBCA204,93,94,97,92,92,100,95,96
0605,CBCA201,32,34,34,29,31,33,32,29
0605,CBCA202,35,26,31,29,33,29,31,29
0605,CBCA203,23,20,16,28,37,21,24,29
0605,CBCA204,24,33,28,30,21,28,27,29
0606,CBCA201,77,74,84,83,73,82,79,79
0606,CBCA202,78,76,82,88,80,76,80,79
0606,CBCA203,77,88,81,81,69,87,81,79
0606,CBCA204,73,71,89,75,71,77,76,79
0607,CBCA201,13,21,11,17,22,15,17,12
0607,CBCA202,7,10,3,6,8,12,8,12
0607,CBCA203,14,8,20,9,21,18,15,12
0607,CBCA204,5,11,18,1,7,12,9,12
0608,CBCA201,100,93,94,97,97,93,96,96
0608,CBCA202,97,100,100,100,100,91,98,96
0608,CBCA203,93,100,89,100,93,91,94,96
0608,CBCA204,100,97,100,95,88,87,95,96
0609,CBCA201,61,53,69,70,59,64,63,65
0609,CBCA202,67,60,68,67,67,61,65,65
0609,CBCA203,69,57,68,65,60,67,64,65
0609,CBCA204,72,62,70,64,72,63,67,65
0610,CBCA201,22,18,14,11,12,19,16,18
0610,CBCA202,16,12,25,17,19,20,18,18
0610,CBCA203,21,14,19,26,15,19,19,18
0610,CBCA204,10,18,13,24,20,19,17,18
0611,CBCA201,76,77,73,79,73,78,76,73
0611,CBCA202,71,65,77,74,75,71,72,73
0611,CBCA203,72,73,79,70,77,77,75,73
0611,CBCA204,67,73,74,63,61,81,70,73
0612,CBCA201,94,93,85,100,96,84,92,92
0612,CBCA202,83,92,95,87,84,88,88,92
0612,CBCA203,91,89,100,90,93,98,94,92
0612,CBCA204,96,98,99,90,85,93,94,92
0613,CBCA201,96,92,96,100,98,100,97,98
0613,CBCA202,100,100,100,100,98,100,100,98
0613,CBCA203,98,100,100,88,100,94,97,98
0613,CBCA204,100,96,92,99,100,100,98,98
0614,CBCA201,60,62,56,59,53,54,57,59
0614,CBCA202,68,70,56,61,60,55,62,59
0614,CBCA203,55,61,57,59,56,63,59,59
0614,CBCA204,63,62,68,62,51,53,60,59
0615,CBCA201,22,27,22,31,15,20,23,24
0615,CBCA202,18,30,24,30,19,31,25,24
0615,CBCA203,13,13,22,17,23,29,20,24
0615,CBCA204,30,27,24,30,31,27,28,24
0616,CBCA201,86,79,75,77,69,79,78,79
0616,CBCA202,82,79,87,85,72,82,81,79
0616,CBCA203,87,84,76,85,91,77,83,79
0616,CBCA204,72,82,68,73,77,71,74,79
0617,CBCA201,53,43,51,49,46,54,49,50
0617,CBCA202,58,44,48,54,46,49,50,50
0617,CBCA203,43,52,56,55,43,55,51,50
0617,CBCA204,48,56,49,55,40,50,50,50
0618,CBCA201,72,69,67,70,60,57,66,64
0618,CBCA202,66,66,70,53,61,71,65,64
0618,CBCA203,65,68,59,59,65,70,64,64
0618,CBCA204,58,62,58,66,57,57,60,64
0619,CBCA201,62,61,60,61,64,52,60,59
0619,CBCA202,59,64,58,52,56,64,59,59
0619,CBCA203,62,63,61,53,59,61,60,59
0619,CBCA204,65,56,61,57,51,61,59,59
0620,CBCA201,67,62,60,69,66,64,65,66
0620,CBCA202,63,77,71,67,69,71,70,66
0620,CBCA203,60,68,64,67,69,60,65,66
0620,CBCA204,63,64,65,59,65,63,63,66
0621,CBCA201,65,66,76,73,73,77,72,75
0621,CBCA202,65,79,70,72,68,84,73,75
0621,CBCA203,75,73,81,79,77,83,78,75
0621,CBCA204,80,81,77,69,69,76,75,75
0622,CBCA201,56,52,45,48,53,64,53,54
0622,CBCA202,53,60,63,49,48,51,54,54
0622,CBCA203,64,51,48,58,57,55,56,54
0622,CBCA204,49,52,59,49,52,60,54,54
0623,CBCA201,83,89,71,78,87,76,81,82
0623,CBCA202,82,82,78,78,89,82,82,82
0623,CBCA203,82,78,88,92,91,85,86,82
0623,CBCA204,89,73,80,86,86,73,81,82
0624,CBCA201,91,87,96,86,85,91,89,89
0624,CBCA202,83,86,87,87,81,90,86,89
0624,CBCA203,88,94,98,88,89,94,92,89
0624,CBCA204,78,100,88,92,91,85,89,89
0625,CBCA201,75,78,73,70,75,76,75,77
0625,CBCA202,73,69,82,83,74,83,77,77
0625,CBCA203,71,76,76,82,85,75,78,77
0625,CBCA204,75,84,73,86,75,73,78,77
0626,CBCA201,55,54,47,57,50,49,52,49
0626,CBCA202,52,53,44,43,53,55,50,49
0626,CBCA203,45,49,44,45,48,47,46,49
0626,CBCA204,48,45,45,46,54,51,48,49
0627,CBCA201,64,70,77,80,68,78,73,73
0627,CBCA202,74,69,67,72,83,71,73,73
0627,CBCA203,74,84,71,71,68,73,74,73
0627,CBCA204,81,74,66,72,82,70,74,73
0628,CBCA201,99,90,95,96,92,84,93,92
0628,CBCA202,94,88,100,92,93,89,93,92
0628,CBCA203,91,98,81,99,88,98,93,92
0628,CBCA204,90,87,88,95,86,89,89,92
0629,CBCA201,64,68,73,57,67,69,66,65
0629,CBCA202,67,64,64,69,71,63,66,65
0629,CBCA203,62,63,68,72,70,67,67,65
0629,CBCA204,67,65,59,60,55,59,61,65
0630,CBCA201,17,19,18,24,20,16,19,19
0630,CBCA202,23,13,18,15,28,28,21,19
0630,CBCA203,17,22,18,25,13,16,19,19
0630,CBCA204,11,22,14,16,14,22,17,19
0631,CBCA201,59,57,52,60,57,47,55,53
0631,CBCA202,60,48,47,51,45,46,50,53
0631,CBCA203,55,62,52,57,58,49,56,53
0631,CBCA204,60,56,45,44,56,51,52,53
0632,CBCA201,84,80,71,82,85,80,80,76
0632,CBCA202,84,69,70,71,65,73,72,76
0632,CBCA203,76,73,82,73,70,77,75,76
0632,CBCA204,75,69,79,74,82,70,75,76
0633,CBCA201,78,66,69,70,63,63,68,67
0633,CBCA202,74,65,57,64,73,62,66,67
0633,CBCA203,62,65,66,67,62,62,64,67
0633,CBCA204,73,69,68,70,68,61,68,67
0634,CBCA201,58,62,59,61,69,70,63,63
0634,CBCA202,61,68,73,63,56,56,63,63
0634,CBCA203,75,57,71,67,64,64,66,63
0634,CBCA204,58,62,59,70,53,62,61,63
0635,CBCA201,0,0,0,9,4,7,3,2
0635,CBCA202,1,4,9,0,0,5,3,2
0635,CBCA203,0,0,0,4,2,0,1,2
0635,CBCA204,3,0,0,0,3,0,1,2
0636,CBCA201,84,83,93,94,83,90,88,92
0636,CBCA202,98,91,93,99,90,87,93,92
0636,CBCA203,90,96,93,99,88,94,93,92
0636,CBCA204,97,94,96,97,94,94,95,92
0637,CBCA201,50,49,41,38,44,46,45,38
0637,CBCA202,29,33,39,39,39,40,37,38
0637,CBCA203,41,44,34,32,34,31,36,38
0637,CBCA204,33,33,40,33,31,43,36,38
0638,CBCA201,96,95,96,97,100,98,97,97
0638,CBCA202,96,98,92,100,100,91,96,97
0638,CBCA203,100,93,100,100,100,96,98,97
0638,CBCA204,97,100,97,97,100,96,98,97
0639,CBCA201,99,100,97,100,91,95,97,97
0639,CBCA202,100,88,100,94,91,91,94,97
0639,CBCA203,94,100,100,95,98,97,97,97
0639,CBCA204,100,100,100,100,100,100,100,97
0640,CBCA201,77,60,72,64,64,64,67,67
0640,CBCA202,66,69,72,65,62,63,66,67
0640,CBCA203,69,71,65,66,64,70,68,67
0640,CBCA204,61,63,62,68,72,68,66,67
0641,CBCA201,74,67,68,61,61,62,66,64
0641,CBCA202,64,71,69,65,66,66,67,64
0641,CBCA203,65,57,71,62,61,59,63,64
0641,CBCA204,58,70,62,70,51,60,62,64
0642,CBCA201,78,81,74,90,81,80,81,81
0642,CBCA202,78,87,84,86,81,84,83,81
0642,CBCA203,73,80,79,78,84,77,79,81
0642,CBCA204,82,80,81,86,86,74,82,81
0643,CBCA201,56,58,58,57,56,65,58,60
0643,CBCA202,64,54,63,72,65,58,63,60
0643,CBCA203,52,61,62,60,54,62,59,60
0643,CBCA204,58,60,60,61,53,66,60,60
0644,CBCA201,24,29,30,27,30,24,27,29
0644,CBCA202,31,32,29,28,28,23,29,29
0644,CBCA203,29,38,40,28,22,31,31,29
0644,CBCA204,37,21,32,24,29,25,28,29
0645,CBCA201,81,78,92,93,95,89,88,87
0645,CBCA202,86,95,80,84,76,87,85,87
0645,CBCA203,77,85,94,85,85,85,85,87
0645,CBCA204,96,86,91,87,80,95,89,87
0646,CBCA201,71,86,80,82,72,76,78,78
0646,CBCA202,79,73,78,84,85,82,80,78
0646,CBCA203,89,76,83,72,81,81,80,78
0646,CBCA204,69,74,74,74,83,74,75,78
0647,CBCA201,60,63,63,55,58,49,58,59
0647,CBCA202,58,48,69,57,54,64,58,59
0647,CBCA203,54,63,70,53,56,69,61,59
0647,CBCA204,54,55,65,64,51,63,59,59
0648,CBCA201,93,92,100,98,94,97,96,97
0648,CBCA202,100,99,97,100,95,96,98,97
0648,CBCA203,100,98,100,96,91,100,98,97
0648,CBCA204,100,94,100,96,94,100,97,97
0649,CBCA201,71,71,66,65,75,63,69,65
0649,CBCA202,68,63,58,62,70,59,63,65
0649,CBCA203,71,71,70,57,62,61,65,65
0649,CBCA204,61,69,59,53,59,71,62,65
0650,CBCA201,70,58,66,57,66,60,63,62
0650,CBCA202,65,57,69,55,67,62,63,62
0650,CBCA203,60,63,59,58,51,56,58,62
0650,CBCA204,59,60,67,63,64,70,64,62
0651,CBCA201,33,19,20,18,17,31,23,21
0651,CBCA202,21,20,11,16,28,22,20,21
0651,CBCA203,24,23,26,25,15,15,21,21
0651,CBCA204,13,18,24,19,19,24,20,21
0652,CBCA201,92,89,92,97,79,97,91,88
0652,CBCA202,90,90,87,82,81,91,87,88
0652,CBCA203,87,83,90,79,92,98,88,88
0652,CBCA204,81,85,88,90,82,87,86,88
0653,CBCA201,73,79,72,73,73,66,73,75
0653,CBCA202,72,80,78,69,79,74,75,75
0653,CBCA203,74,66,72,80,78,78,75,75
0653,CBCA204,71,73,80,84,74,80,77,75
0654,CBCA201,38,28,39,37,44,39,38,38
0654,CBCA202,43,37,30,39,46,50,41,38
0654,CBCA203,36,40,33,32,35,33,35,38
0654,CBCA204,33,37,39,49,37,37,39,38
0655,CBCA201,56,48,52,50,50,57,52,52
0655,CBCA202,49,55,45,60,45,54,51,52
0655,CBCA203,49,45,48,51,45,60,50,52
0655,CBCA204,46,53,62,62,49,63,56,52
0656,CBCA201,81,81,90,85,86,88,85,83
0656,CBCA202,84,77,90,94,74,77,83,83
0656,CBCA203,72,84,76,83,82,91,81,83
0656,CBCA204,80,87,87,77,83,85,83,83
0657,CBCA201,79,78,80,81,82,80,80,78
0657,CBCA202,75,77,71,79,70,83,76,78
0657,CBCA203,79,79,69,74,84,83,78,78
0657,CBCA204,79,70,82,73,77,79,77,78
0658,CBCA201,68,70,62,65,68,73,68,69
0658,CBCA202,72,73,66,62,73,79,71,69
0658,CBCA203,69,61,75,67,60,71,67,69
0658,CBCA204,78,65,61,79,65,76,71,69
0659,CBCA201,81,72,75,85,69,71,76,76
0659,CBCA202,76,82,80,73,79,73,77,76
0659,CBCA203,75,80,71,74,76,81,76,76
0659,CBCA204,81,75,68,85,68,68,74,76
0660,CBCA201,49,51,55,44,45,56,50,52
0660,CBCA202,56,53,53,55,47,57,54,52
0660,CBCA203,49,44,60,56,51,62,54,52
0660,CBCA204,47,52,47,53,50,46,49,52
0661,CBCA201,76,83,88,78,84,80,82,81
0661,CBCA202,78,80,87,69,81,81,79,81
0661,CBCA203,86,87,83,79,79,79,82,81
0661,CBCA204,84,88,86,87,73,79,83,81
0662,CBCA201,93,100,89,97,100,97,96,96
0662,CBCA202,99,100,96,95,93,97,97,96
0662,CBCA203,100,100,91,98,94,93,96,96
0662,CBCA204,98,95,91,92,96,99,95,96
0663,CBCA201,74,74,82,83,76,85,79,80
0663,CBCA202,81,86,82,79,85,79,82,80
0663,CBCA203,78,78,74,88,87,80,81,80
0663,CBCA204,86,77,87,68,81,76,79,80
0664,CBCA201,54,55,61,70,61,73,62,64
0664,CBCA202,68,60,64,69,64,67,65,64
0664,CBCA203,69,60,67,71,61,59,65,64
0664,CBCA204,63,61,63,67,70,62,64,64
0665,CBCA201,57,65,75,63,63,66,65,65
0665,CBCA202,68,65,69,61,71,63,66,65
0665,CBCA203,63,73,60,71,59,57,64,65
0665,CBCA204,70,69,64,62,66,65,66,65
0666,CBCA201,68,71,75,72,83,71,73,74
0666,CBCA202,71,81,64,74,64,67,70,74
0666,CBCA203,76,76,82,77,74,83,78,74
0666,CBCA204,69,77,71,75,69,80,74,74
0667,CBCA201,86,87,86,92,86,89,88,87
0667,CBCA202,80,83,86,80,82,95,84,87
0667,CBCA203,80,92,88,84,95,89,88,87
0667,CBCA204,92,90,91,89,84,83,88,87
0668,CBCA201,92,91,79,85,88,79,86,85
0668,CBCA202,85,83,85,86,80,79,83,85
0668,CBCA203,89,80,92,81,82,89,86,85
0668,CBCA204,88,89,84,80,87,81,85,85
0669,CBCA201,91,94,82,86,84,89,88,89
0669,CBCA202,87,90,91,91,96,88,91,89
0669,CBCA203,82,92,86,94,80,96,88,89
0669,CBCA204,87,88,96,80,90,91,89,89
0670,CBCA201,12,12,2,9,0,2,6,6
0670,CBCA202,12,9,2,4,1,4,5,6
0670,CBCA203,0,4,1,2,12,10,5,6
0670,CBCA204,0,4,5,12,4,9,6,6
0671,CBCA201,86,90,87,87,96,95,90,92
0671,CBCA202,92,92,85,90,94,88,90,92
0671,CBCA203,97,89,85,93,95,97,93,92
0671,CBCA204,87,100,97,95,91,93,94,92
0672,CBCA201,85,90,86,82,78,82,84,84
0672,CBCA202,85,77,79,81,85,84,82,84
0672,CBCA203,93,86,94,82,80,92,88,84
0672,CBCA204,86,92,86,75,81,84,84,84
0673,CBCA201,88,92,88,87,86,91,89,86
0673,CBCA202,90,82,84,98,83,84,87,86
0673,CBCA203,86,90,90,90,78,81,86,86
0673,CBCA204,80,85,81,77,87,86,83,86
0674,CBCA201,83,89,80,87,83,86,85,84
0674,CBCA202,92,86,92,84,81,76,85,84
0674,CBCA203,91,85,84,78,77,87,84,84
0674,CBCA204,78,77,84,86,85,83,82,84
0675,CBCA201,84,80,88,86,86,93,86,86
0675,CBCA202,81,91,86,81,90,84,86,86
0675,CBCA203,88,81,82,93,93,86,87,86
0675,CBCA204,81,86,94,79,84,75,83,86
0676,CBCA201,64,58,75,69,58,70,66,67
0676,CBCA202,66,65,66,68,61,76,67,67
0676,CBCA203,67,70,68,64,74,67,68,67
0676,CBCA204,78,59,62,67,63,67,66,67
0677,CBCA201,64,64,45,63,52,59,58,57
0677,CBCA202,52,61,54,47,53,67,56,57
0677,CBCA203,59,49,62,58,52,60,57,57
0677,CBCA204,48,48,61,65,60,54,56,57
0678,CBCA201,83,86,81,92,79,85,84,86
0678,CBCA202,94,78,79,83,88,78,83,86
0678,CBCA203,84,86,90,86,91,90,88,86
0678,CBCA204,81,93,87,91,91,85,88,86
0679,CBCA201,77,78,82,78,83,90,81,82
0679,CBCA202,80,74,85,76,85,92,82,82
0679,CBCA203,72,83,85,84,88,88,83,82
0679,CBCA204,89,77,75,87,83,82,82,82
0680,CBCA201,57,42,49,50,56,58,52,51
0680,CBCA202,59,42,49,54,42,61,51,51
0680,CBCA203,56,51,50,45,50,48,50,51
0680,CBCA204,46,46,53,48,52,55,50,51
0681,CBCA201,36,49,44,37,37,45,41,43
0681,CBCA202,42,38,41,36,37,45,40,43
0681,CBCA203,39,45,50,41,45,45,44,43
0681,CBCA204,41,46,44,49,41,48,45,43
0682,CBCA201,89,95,82,84,87,86,87,89
0682,CBCA202,99,80,80,97,92,93,90,89
0682,CBCA203,91,81,93,90,94,77,88,89
0682,CBCA204,96,93,89,95,84,90,91,89
0683,CBCA201,53,44,47,44,53,43,47,49
0683,CBCA202,49,42,57,53,48,51,50,49
0683,CBCA203,47,49,49,48,48,45,48,49
0683,CBCA204,43,56,55,49,59,47,52,49
0684,CBCA201,69,62,73,61,60,70,66,65
0684,CBCA202,52,64,72,65,60,70,64,65
0684,CBCA203,65,72,69,58,58,63,64,65
0684,CBCA204,60,70,67,58,69,67,65,65
0685,CBCA201,67,71,74,64,63,75,69,70
0685,CBCA202,62,72,70,71,64,62,67,70
0685,CBCA203,71,74,70,74,71,76,73,70
0685,CBCA204,66,78,75,68,71,64,70,70
0686,CBCA201,64,68,65,65,68,65,66,68
0686,CBCA202,76,59,67,73,74,63,69,68
0686,CBCA203,69,70,67,73,72,57,68,68
0686,CBCA204,74,64,68,73,68,70,70,68
0687,CBCA201,94,85,78,81,73,77,81,83
0687,CBCA202,89,78,92,88,78,72,83,83
0687,CBCA203,86,78,82,83,80,86,83,83
0687,CBCA204,88,91,84,78,84,78,84,83
0688,CBCA201,31,33,38,32,29,40,34,33
0688,CBCA202,27,28,41,44,35,38,36,33
0688,CBCA203,31,32,37,40,40,28,35,33
0688,CBCA204,28,31,32,32,26,30,30,33
0689,CBCA201,42,34,41,47,50,37,42,43
0689,CBCA202,50,49,42,32,35,48,43,43
0689,CBCA203,44,49,47,45,39,48,45,43
0689,CBCA204,49,39,45,34,47,41,43,43
0690,CBCA201,67,68,67,79,82,73,73,76
0690,CBCA202,68,87,85,72,80,81,79,76
0690,CBCA203,83,76,78,74,75,77,77,76
0690,CBCA204,78,75,76,85,71,72,76,76
0691,CBCA201,58,57,61,60,51,60,58,56
0691,CBCA202,61,52,47,53,61,51,54,56
0691,CBCA203,53,52,61,60,60,59,58,56
0691,CBCA204,60,51,64,53,53,57,56,56
0692,CBCA201,43,53,51,59,56,57,53,52
0692,CBCA202,55,48,44,56,57,58,53,52
0692,CBCA203,51,53,57,43,47,50,50,52
0692,CBCA204,55,47,57,46,43,59,51,52
0693,CBCA201,21,27,33,24,29,39,29,29
0693,CBCA202,33,38,24,24,34,26,30,29
0693,CBCA203,31,39,25,24,22,29,28,29
0693,CBCA204,33,28,33,24,28,25,29,29
0694,CBCA201,62,67,53,63,60,58,61,62
0694,CBCA202,59,70,67,58,63,63,63,62
0694,CBCA203,60,70,70,61,67,53,64,62
0694,CBCA204,55,62,62,64,61,59,61,62
0695,CBCA201,89,98,92,81,92,88,90,90
0695,CBCA202,93,92,100,82,96,88,92,90
0695,CBCA203,93,97,92,85,89,98,92,90
0695,CBCA204,82,98,80,80,92,91,87,90
0696,CBCA201,0,0,3,0,0,3,1,3
0696,CBCA202,4,0,0,10,5,0,3,3
0696,CBCA203,0,0,0,3,0,2,1,3
0696,CBCA204,2,6,1,9,3,11,5,3
0697,CBCA201,64,58,64,63,64,64,63,62
0697,CBCA202,63,71,53,69,54,57,61,62
0697,CBCA203,68,69,60,57,64,58,63,62
0697,CBCA204,58,62,54,57,70,68,62,62
0698,CBCA201,0,2,0,2,9,0,2,2
0698,CBCA202,2,2,6,0,11,10,5,2
0698,CBCA203,0,0,1,0,0,0,0,2
0698,CBCA204,1,0,0,1,7,0,2,2
0699,CBCA201,48,54,53,46,57,55,52,50
0699,CBCA202,50,44,47,56,39,44,47,50
0699,CBCA203,48,49,56,56,56,53,53,50
0699,CBCA204,52,56,46,40,45,42,47,50
0700,CBCA201,68,63,61,59,64,60,63,65
0700,CBCA202,68,65,66,62,66,66,66,65
0700,CBCA203,64,72,59,70,65,58,65,65
0700,CBCA204,67,68,72,71,70,60,68,65
0701,CBCA201,96,90,88,85,95,85,90,93
0701,CBCA202,96,95,92,97,90,90,93,93
0701,CBCA203,96,85,100,83,100,92,93,93
0701,CBCA204,93,82,100,100,97,100,95,93
0702,CBCA201,93,95,90,93,93,91,93,91
0702,CBCA202,86,86,95,100,89,83,90,91
0702,CBCA203,86,90,92,90,94,95,91,91
0702,CBCA204,87,87,84,100,92,93,91,91
0703,CBCA201,81,92,87,81,77,97,86,86
0703,CBCA202,82,87,81,88,88,80,84,86
0703,CBCA203,86,85,79,82,91,84,85,86
0703,CBCA204,88,93,96,84,89,85,89,86
0704,CBCA201,80,77,89,95,88,78,85,84
0704,CBCA202,86,77,84,89,82,88,84,84
0704,CBCA203,87,93,81,76,84,83,84,84
0704,CBCA204,80,82,83,83,90,87,84,84
0705,CBCA201,73,68,77,79,75,66,73,74
0705,CBCA202,79,84,81,80,76,72,79,74
0705,CBCA203,68,64,67,82,82,78,74,74
0705,CBCA204,65,70,75,80,68,77,73,74
0706,CBCA201,48,53,52,56,57,54,53,53
0706,CBCA202,51,59,60,54,56,53,56,53
0706,CBCA203,51,56,54,53,60,49,54,53
0706,CBCA204,51,47,59,47,43,49,49,53
0707,CBCA201,86,91,77,95,83,84,86,86
0707,CBCA202,89,86,89,86,91,94,89,86
0707,CBCA203,89,91,89,85,78,87,87,86
0707,CBCA204,90,86,84,77,85,83,84,86
0708,CBCA201,70,71,65,71,72,70,70,72
0708,CBCA202,69,71,69,76,76,70,72,72
0708,CBCA203,80,72,74,61,63,70,70,72
0708,CBCA204,69,77,73,77,72,83,75,72
0709,CBCA201,92,98,92,99,96,89,94,94
0709,CBCA202,100,94,86,92,88,98,93,94
0709,CBCA203,100,89,90,100,93,98,95,94
0709,CBCA204,91,94,99,100,87,100,95,94
0710,CBCA201,65,62,63,66,72,65,66,70
0710,CBCA202,76,72,78,80,72,71,75,70
0710,CBCA203,69,72,66,63,78,77,71,70
0710,CBCA204,68,72,79,61,62,82,71,70
0711,CBCA201,44,51,45,43,53,52,48,50
0711,CBCA202,51,54,49,57,50,45,51,50
0711,CBCA203,45,50,54,54,50,47,50,50
0711,CBCA204,58,52,42,54,45,54,51,50
0712,CBCA201,58,65,56,57,52,70,60,61
0712,CBCA202,65,72,52,67,58,63,63,61
0712,CBCA203,65,70,59,57,65,58,62,61
0712,CBCA204,63,52,63,51,66,59,59,61
0713,CBCA201,65,55,55,66,63,69,62,63
0713,CBCA202,70,53,65,65,70,69,65,63
0713,CBCA203,67,64,65,60,62,67,64,63
0713,CBCA204,57,59,55,66,69,53,60,63
0714,CBCA201,80,87,71,92,79,87,83,80
0714,CBCA202,70,82,77,78,82,82,79,80
0714,CBCA203,84,72,76,87,81,80,80,80
0714,CBCA204,72,80,76,79,89,73,78,80
0715,CBCA201,24,16,19,25,28,17,22,21
0715,CBCA202,16,26,25,14,15,23,20,21
0715,CBCA203,27,30,16,13,24,24,22,21
0715,CBCA204,29,14,20,28,22,18,22,21
0716,CBCA201,47,51,53,48,47,47,49,52
0716,CBCA202,60,54,51,50,50,45,52,52
0716,CBCA203,59,58,50,50,62,53,55,52
0716,CBCA204,53,53,56,52,54,45,52,52
0717,CBCA201,76,75,76,84,76,86,79,81
0717,CBCA202,84,89,82,78,87,86,84,81
0717,CBCA203,81,77,81,81,84,69,79,81
0717,CBCA204,85,90,76,83,83,83,83,81
0718,CBCA201,52,47,41,51,54,48,49,50
0718,CBCA202,58,56,47,44,47,45,50,50
0718,CBCA203,50,57,44,44,41,47,47,50
0718,CBCA204,48,53,56,59,55,54,54,50
0719,CBCA201,73,57,67,65,77,69,68,67
0719,CBCA202,65,67,64,63,71,63,66,67
0719,CBCA203,61,72,68,61,57,70,65,67
0719,CBCA204,73,73,77,60,59,66,68,67
0720,CBCA201,83,77,71,78,79,75,77,77
0720,CBCA202,79,79,74,71,74,80,76,77
0720,CBCA203,76,68,83,80,80,78,78,77
0720,CBCA204,82,84,86,70,73,69,77,77
0721,CBCA201,62,67,71,67,65,71,67,66
0721,CBCA202,59,65,62,73,62,57,63,66
0721,CBCA203,69,71,62,77,58,62,67,66
0721,CBCA204,63,61,70,75,68,67,67,66
0722,CBCA201,83,84,76,79,83,81,81,83
0722,CBCA202,92,94,85,91,82,89,89,83
0722,CBCA203,81,80,91,75,92,79,83,83
0722,CBCA204,85,75,81,85,81,74,80,83
0723,CBCA201,56,52,49,50,49,64,53,54
0723,CBCA202,47,61,48,53,56,52,53,54
0723,CBCA203,53,57,60,52,48,59,55,54
0723,CBCA204,59,61,54,62,48,54,56,54
0724,CBCA201,81,80,79,84,69,74,78,78
0724,CBCA202,84,77,70,86,81,74,79,78
0724,CBCA203,67,82,80,87,76,77,78,78
0724,CBCA204,72,76,73,76,82,88,78,78
0725,CBCA201,97,86,99,100,95,100,96,96
0725,CBCA202,91,94,98,98,100,89,95,96
0725,CBCA203,100,99,98,91,93,100,97,96
0725,CBCA204,97,100,96,98,95,96,97,96
0726,CBCA201,81,75,83,82,84,83,81,83
0726,CBCA202,81,78,84,88,78,75,81,83
0726,CBCA203,91,76,90,77,80,89,84,83
0726,CBCA204,83,83,86,88,92,76,85,83
0727,CBCA201,70,74,70,69,82,75,73,73
0727,CBCA202,71,67,72,74,74,63,70,73
0727,CBCA203,79,74,73,77,65,79,75,73
0727,CBCA204,80,77,79,70,68,68,74,73
0728,CBCA201,45,45,40,42,45,39,43,43
0728,CBCA202,47,44,45,49,41,41,45,43
0728,CBCA203,44,37,37,35,47,43,41,43
0728,CBCA204,43,46,51,41,46,44,45,43
0729,CBCA201,100,100,100,88,97,94,97,97
0729,CBCA202,95,97,100,100,89,100,97,97
0729,CBCA203,89,100,100,89,92,98,95,97
0729,CBCA204,100,98,98,100,100,100,99,97
0730,CBCA201,62,51,56,56,48,58,55,55
0730,CBCA202,59,54,60,61,57,47,56,55
0730,CBCA203,52,60,45,51,61,45,52,55
0730,CBCA204,53,51,66,53,49,56,55,55
0731,CBCA201,97,90,93,95,98,89,94,93
0731,CBCA202,96,96,84,89,95,98,93,93
0731,CBCA203,91,91,87,94,98,90,92,93
0731,CBCA204,93,95,88,83,96,94,92,93
0732,CBCA201,77,75,69,64,69,64,70,70
0732,CBCA202,75,63,78,70,68,77,72,70
0732,CBCA203,67,76,69,72,68,67,70,70
0732,CBCA204,73,74,71,66,68,69,70,70
0733,CBCA201,77,78,83,76,87,81,80,81
0733,CBCA202,86,81,85,74,74,78,80,81
0733,CBCA203,77,80,81,81,75,89,81,81
0733,CBCA204,75,91,80,79,80,91,83,81
0734,CBCA201,60,59,73,62,75,70,67,66
0734,CBCA202,62,63,67,59,57,73,64,66
0734,CBCA203,67,66,67,59,57,60,63,66
0734,CBCA204,71,73,68,75,71,74,72,66
0735,CBCA201,64,62,75,63,64,67,66,68
0735,CBCA202,70,62,65,70,60,74,67,68
0735,CBCA203,58,60,73,66,71,64,65,68
0735,CBCA204,75,70,71,77,73,67,72,68
0736,CBCA201,82,81,82,87,91,86,85,85
0736,CBCA202,90,84,87,79,82,90,85,85
0736,CBCA203,75,93,89,87,83,75,84,85
0736,CBCA204,87,89,82,84,87,90,87,85
0737,CBCA201,72,84,83,78,84,70,79,78
0737,CBCA202,71,82,77,67,73,82,75,78
0737,CBCA203,70,73,81,80,82,74,77,78
0737,CBCA204,84,78,79,80,76,86,81,78
0738,CBCA201,52,47,57,63,56,53,55,54
0738,CBCA202,51,59,63,53,54,56,56,54
0738,CBCA203,48,58,58,60,52,43,53,54
0738,CBCA204,50,63,48,57,51,52,54,54
0739,CBCA201,33,30,40,33,28,39,34,32
0739,CBCA202,24,31,31,34,33,27,30,32
0739,CBCA203,32,34,36,36,25,33,33,32
0739,CBCA204,26,35,29,33,31,25,30,32
0740,CBCA201,82,93,100,84,84,82,88,89
0740,CBCA202,90,95,89,89,89,86,90,89
0740,CBCA203,91,88,82,91,91,87,88,89
0740,CBCA204,90,86,98,93,91,85,91,89
0741,CBCA201,4,0,10,0,0,0,2,2
0741,CBCA202,3,0,0,0,0,9,2,2
0741,CBCA203,0,0,1,0,1,3,1,2
0741,CBCA204,0,5,2,3,4,0,2,2
0742,CBCA201,69,66,71,74,80,83,74,73
0742,CBCA202,83,66,65,71,76,72,72,73
0742,CBCA203,69,69,72,64,71,78,71,73
0742,CBCA204,81,84,69,71,84,65,76,73
0743,CBCA201,46,47,48,41,50,44,46,47
0743,CBCA202,41,50,46,41,54,50,47,47
0743,CBCA203,42,52,48,56,50,39,48,47
0743,CBCA204,49,49,43,51,44,38,46,47
0744,CBCA201,54,44,44,52,58,50,50,52
0744,CBCA202,45,61,57,49,48,61,54,52
0744,CBCA203,62,47,42,54,51,52,51,52
0744,CBCA204,56,44,51,54,61,51,53,52
0745,CBCA201,56,58,51,60,50,66,57,56
0745,CBCA202,63,50,52,45,47,62,53,56
0745,CBCA203,56,50,47,59,45,60,53,56
0745,CBCA204,53,63,59,58,65,61,60,56
0746,CBCA201,87,79,90,70,90,89,84,81
0746,CBCA202,73,85,75,83,75,80,79,81
0746,CBCA203,78,89,86,79,75,83,82,81
0746,CBCA204,74,82,90,81,78,82,81,81
0747,CBCA201,42,54,53,44,53,45,49,50
0747,CBCA202,60,53,55,45,45,46,51,50
0747,CBCA203,57,50,47,56,54,49,52,50
0747,CBCA204,57,53,45,42,52,51,50,50
0748,CBCA201,7,14,15,22,15,7,13,14
0748,CBCA202,18,21,9,20,9,7,14,14
0748,CBCA203,8,14,10,19,20,13,14,14
0748,CBCA204,13,16,10,6,12,20,13,14
0749,CBCA201,85,86,71,76,81,74,79,76
0749,CBCA202,78,65,67,76,70,80,73,76
0749,CBCA203,73,77,78,80,76,74,76,76
0749,CBCA204,64,74,78,78,71,80,74,76
0750,CBCA201,79,84,88,83,83,83,83,84
0750,CBCA202,90,94,86,80,80,83,86,84
0750,CBCA203,85,79,90,94,83,88,87,84
0750,CBCA204,83,76,82,88,78,85,82,84
0751,CBCA201,33,34,28,28,34,34,32,34
0751,CBCA202,28,31,33,26,33,37,31,34
0751,CBCA203,32,43,32,42,29,41,37,34
0751,CBCA204,45,38,29,42,23,35,35,34
0752,CBCA201,4,12,4,11,0,0,5,6
0752,CBCA202,6,7,11,0,7,6,6,6
0752,CBCA203,2,11,1,0,6,3,4,6
0752,CBCA204,9,7,6,4,9,17,9,6
0753,CBCA201,61,57,60,57,51,53,57,57
0753,CBCA202,51,58,57,58,47,47,53,57
0753,CBCA203,58,63,64,60,56,58,60,57
0753,CBCA204,56,52,66,60,59,62,59,57
0754,CBCA201,24,34,26,23,24,36,28,27
0754,CBCA202,24,24,30,26,25,22,25,27
0754,CBCA203,22,28,32,23,23,26,26,27
0754,CBCA204,27,19,31,26,30,32,28,27
0755,CBCA201,33,38,38,29,39,40,36,35
0755,CBCA202,40,30,42,33,41,40,38,35
0755,CBCA203,41,39,39,26,40,35,37,35
0755,CBCA204,29,28,22,37,42,30,31,35
0756,CBCA201,59,56,50,59,46,64,56,54
0756,CBCA202,47,49,58,43,54,50,50,54
0756,CBCA203,60,58,59,53,51,47,55,54
0756,CBCA204,62,53,62,49,59,54,57,54
0757,CBCA201,83,69,77,78,87,74,78,78
0757,CBCA202,77,68,78,79,75,74,75,78
0757,CBCA203,79,84,78,71,87,75,79,78
0757,CBCA204,87,74,75,76,78,82,79,78
0758,CBCA201,27,40,34,23,39,28,32,31
0758,CBCA202,27,29,20,26,36,32,28,31
0758,CBCA203,41,30,29,29,36,36,34,31
0758,CBCA204,32,29,26,34,31,27,30,31
0759,CBCA201,6,7,15,3,5,8,7,6
0759,CBCA202,9,6,1,12,0,8,6,6
0759,CBCA203,5,0,11,3,11,0,5,6
0759,CBCA204,7,2,4,12,0,5,5,6
0760,CBCA201,75,62,58,61,67,59,64,64
0760,CBCA202,68,62,69,66,68,70,67,64
0760,CBCA203,70,57,67,58,63,61,63,64
0760,CBCA204,54,67,55,69,57,67,62,64
0761,CBCA201,77,88,77,91,74,83,82,84
0761,CBCA202,83,76,88,82,82,90,84,84
0761,CBCA203,87,87,88,84,84,83,86,84
0761,CBCA204,96,79,84,75,87,84,84,84
0762,CBCA201,66,78,76,77,78,68,74,74
0762,CBCA202,82,79,85,76,73,82,80,74
0762,CBCA203,74,74,67,63,77,63,70,74
0762,CBCA204,76,67,64,84,72,72,73,74
0763,CBCA201,74,78,67,83,83,78,77,75
0763,CBCA202,65,82,68,71,70,75,72,75
0763,CBCA203,68,79,84,69,84,84,78,75
0763,CBCA204,69,76,64,80,70,82,74,75
0764,CBCA201,68,70,69,64,69,74,69,69
0764,CBCA202,75,71,66,76,69,65,70,69
0764,CBCA203,66,65,75,66,77,61,68,69
0764,CBCA204,64,76,74,66,69,68,70,69
0765,CBCA201,30,36,40,38,42,39,38,36
0765,CBCA202,38,40,35,32,40,30,36,36
0765,CBCA203,28,40,35,33,41,40,36,36
0765,CBCA204,28,37,25,37,38,37,34,36
0766,CBCA201,83,80,78,81,86,84,82,84
0766,CBCA202,86,78,82,88,88,80,84,84
0766,CBCA203,87,86,89,84,85,80,85,84
0766,CBCA204,82,83,88,85,77,85,83,84
0767,CBCA201,75,68,70,72,61,70,69,70
0767,CBCA202,73,71,76,75,76,71,74,70
0767,CBCA203,69,75,71,67,67,68,70,70
0767,CBCA204,67,68,66,72,68,69,68,70
0768,CBCA201,79,88,86,83,74,83,82,82
0768,CBCA202,84,78,73,85,91,85,83,82
0768,CBCA203,82,82,87,82,82,74,82,82
0768,CBCA204,87,90,77,84,79,78,83,82
0769,CBCA201,59,43,52,46,43,50,49,50
0769,CBCA202,52,49,49,57,42,47,49,50
0769,CBCA203,61,56,46,43,52,54,52,50
0769,CBCA204,44,49,55,50,47,47,49,50
0770,CBCA201,55,54,56,57,57,56,56,52
0770,CBCA202,51,51,53,46,54,43,50,52
0770,CBCA203,48,51,50,55,56,49,52,52
0770,CBCA204,42,58,45,55,41,57,50,52
0771,CBCA201,60,63,57,61,59,57,60,64
0771,CBCA202,67,69,63,72,63,55,65,64
0771,CBCA203,69,74,65,64,72,62,68,64
0771,CBCA204,58,61,62,63,64,66,62,64
0772,CBCA201,77,74,78,86,86,75,79,83
0772,CBCA202,74,84,94,80,79,79,82,83
0772,CBCA203,88,87,90,80,89,77,85,83
0772,CBCA204,90,80,87,91,86,91,88,83
0773,CBCA201,82,83,87,79,78,85,82,82
0773,CBCA202,80,91,79,84,80,77,82,82
0773,CBCA203,80,79,82,87,68,92,81,82
0773,CBCA204,75,76,81,83,82,90,81,82
0774,CBCA201,61,62,62,64,66,73,65,65
0774,CBCA202,65,69,67,59,52,58,62,65
0774,CBCA203,66,72,59,69,57,65,65,65
0774,CBCA204,68,67,66,68,72,63,67,65
0775,CBCA201,84,84,81,80,78,81,81,80
0775,CBCA202,81,80,78,75,78,81,79,80
0775,CBCA203,81,79,68,73,86,78,78,80
0775,CBCA204,87,76,84,83,81,82,82,80
0776,CBCA201,89,84,89,77,84,84,85,85
0776,CBCA202,89,94,85,84,93,86,89,85
0776,CBCA203,89,81,84,80,90,80,84,85
0776,CBCA204,82,79,79,85,86,92,84,85
0777,CBCA201,55,57,69,58,67,59,61,60
0777,CBCA202,65,58,58,63,54,60,60,60
0777,CBCA203,61,57,66,68,70,50,62,60
0777,CBCA204,64,60,62,53,53,58,58,60
0778,CBCA201,58,44,41,48,48,47,48,51
0778,CBCA202,55,44,52,56,58,45,52,51
0778,CBCA203,49,57,48,48,51,51,51,51
0778,CBCA204,52,56,52,53,57,47,53,51
0779,CBCA201,58,52,55,51,54,50,53,52
0779,CBCA202,55,51,54,50,51,50,52,52
0779,CBCA203,45,43,56,51,53,55,51,52
0779,CBCA204,50,60,47,54,56,54,54,52
0780,CBCA201,71,74,66,66,68,77,70,72
0780,CBCA202,65,79,69,75,69,81,73,72
0780,CBCA203,75,65,81,79,68,74,74,72
0780,CBCA204,69,74,64,70,75,67,70,72
0781,CBCA201,86,89,88,97,91,80,89,88
0781,CBCA202,93,78,87,81,90,92,87,88
0781,CBCA203,93,94,91,79,94,89,90,88
0781,CBCA204,82,93,84,83,81,91,86,88
0782,CBCA201,46,35,38,39,46,42,41,40
0782,CBCA202,42,42,38,45,44,40,42,40
0782,CBCA203,38,45,40,34,31,41,38,40
0782,CBCA204,38,32,39,38,47,42,39,40
0783,CBCA201,86,84,82,82,85,81,83,83
0783,CBCA202,76,92,86,83,87,84,85,83
0783,CBCA203,77,80,86,90,83,79,83,83
0783,CBCA204,75,79,82,84,80,87,81,83
0784,CBCA201,55,52,64,64,68,63,61,59
0784,CBCA202,62,61,54,49,59,63,58,59
0784,CBCA203,66,67,60,61,57,57,61,59
0784,CBCA204,57,50,53,68,53,52,56,59
0785,CBCA201,95,90,94,87,85,88,90,86
0785,CBCA202,92,87,87,87,81,88,87,86
0785,CBCA203,82,80,84,84,82,86,83,86
0785,CBCA204,81,77,78,84,82,92,82,86
0786,CBCA201,31,23,33,30,34,29,30,31
0786,CBCA202,29,30,32,30,26,33,30,31
0786,CBCA203,29,41,38,29,29,31,33,31
0786,CBCA204,32,26,27,35,26,39,31,31
0787,CBCA201,26,33,27,27,27,25,28,26
0787,CBCA202,18,28,31,18,19,30,24,26
0787,CBCA203,18,25,29,18,31,25,24,26
0787,CBCA204,17,36,20,20,35,35,27,26
0788,CBCA201,48,47,46,38,40,46,44,46
0788,CBCA202,47,54,47,40,37,41,44,46
0788,CBCA203,37,55,46,51,51,49,48,46
0788,CBCA204,46,41,42,51,40,53,46,46
0789,CBCA201,31,29,37,33,31,34,33,33
0789,CBCA202,38,32,39,32,41,29,35,33
0789,CBCA203,27,39,32,33,34,30,33,33
0789,CBCA204,29,30,22,37,27,34,30,33
0790,CBCA201,71,56,55,63,55,55,59,61
0790,CBCA202,55,63,63,68,65,58,62,61
0790,CBCA203,69,59,58,66,52,64,61,61
0790,CBCA204,67,59,53,61,58,67,61,61
0791,CBCA201,69,67,57,71,65,63,65,66
0791,CBCA202,59,71,71,64,71,58,66,66
0791,CBCA203,59,66,62,78,64,64,66,66
0791,CBCA204,64,59,64,74,67,65,66,66
0792,CBCA201,52,53,59,68,63,62,60,59
0792,CBCA202,61,54,54,65,52,49,56,59
0792,CBCA203,60,61,60,57,61,59,60,59
0792,CBCA204,60,58,59,62,69,62,62,59
0793,CBCA201,89,75,83,78,81,78,81,83
0793,CBCA202,76,90,84,84,92,92,86,83
0793,CBCA203,90,85,94,79,90,80,86,83
0793,CBCA204,94,75,80,78,75,80,80,83
0794,CBCA201,79,89,96,82,88,84,86,88
0794,CBCA202,87,77,90,80,94,91,87,88
0794,CBCA203,80,90,79,93,88,90,87,88
0794,CBCA204,89,89,98,98,86,89,92,88
0795,CBCA201,38,42,45,44,52,38,43,47
0795,CBCA202,49,44,54,46,52,48,49,47
0795,CBCA203,42,48,55,46,45,49,48,47
0795,CBCA204,52,43,49,45,47,45,47,47
0796,CBCA201,99,96,95,85,100,93,95,92
0796,CBCA202,83,99,97,93,84,93,92,92
0796,CBCA203,95,98,90,91,91,92,93,92
0796,CBCA204,80,86,87,88,91,91,87,92
0797,CBCA201,93,77,81,87,95,92,88,86
0797,CBCA202,82,92,87,79,88,80,85,86
0797,CBCA203,87,91,87,94,87,78,87,86
0797,CBCA204,79,78,88,91,88,80,84,86
0798,CBCA201,30,27,21,26,22,26,25,27
0798,CBCA202,25,35,32,34,20,30,29,27
0798,CBCA203,29,28,20,26,25,20,25,27
0798,CBCA204,27,34,19,32,28,30,28,27
0799,CBCA201,56,43,53,56,51,55,52,53
0799,CBCA202,55,54,51,52,54,51,53,53
0799,CBCA203,55,63,51,53,62,58,57,53
0799,CBCA204,57,54,44,45,45,51,49,53
0800,CBCA201,21,26,16,20,21,25,22,19
0800,CBCA202,20,14,18,12,9,25,16,19
0800,CBCA203,28,17,13,15,23,19,19,19
0800,CBCA204,16,17,11,27,19,13,17,19
0801,CBCA201,28,21,29,22,34,25,27,26
0801,CBCA202,26,23,18,24,30,27,25,26
0801,CBCA203,27,30,28,17,19,30,25,26
0801,CBCA204,26,25,27,22,23,33,26,26
0802,CBCA201,71,79,69,68,65,70,70,74
0802,CBCA202,69,69,78,74,75,73,73,74
0802,CBCA203,70,70,73,82,80,82,76,74
0802,CBCA204,70,78,75,83,78,74,76,74
0803,CBCA201,61,59,72,70,72,61,66,65
0803,CBCA202,71,69,57,63,72,63,66,65
0803,CBCA203,73,61,64,70,69,66,67,65
0803,CBCA204,53,71,64,57,60,63,61,65
0804,CBCA201,76,64,73,63,73,63,69,67
0804,CBCA202,64,60,66,62,57,70,63,67
0804,CBCA203,65,56,66,64,75,72,66,67
0804,CBCA204,60,66,72,75,70,69,69,67
0805,CBCA201,54,63,59,66,62,52,59,62
0805,CBCA202,63,61,61,65,61,63,62,62
0805,CBCA203,64,65,67,71,63,65,66,62
0805,CBCA204,57,62,53,59,62,58,59,62
0806,CBCA201,99,89,91,96,96,88,93,92
0806,CBCA202,96,93,88,86,96,86,91,92
0806,CBCA203,89,94,88,96,100,93,93,92
0806,CBCA204,86,92,87,100,95,94,92,92
0807,CBCA201,61,72,72,81,66,71,71,70
0807,CBCA202,66,71,79,62,61,81,70,70
0807,CBCA203,77,70,59,79,62,73,70,70
0807,CBCA204,75,74,69,71,67,64,70,70
0808,CBCA201,74,80,75,71,85,71,76,76
0808,CBCA202,73,82,73,70,80,75,76,76
0808,CBCA203,79,74,73,63,75,79,74,76
0808,CBCA204,80,81,77,85,74,81,80,76
0809,CBCA201,66,73,70,59,61,54,64,65
0809,CBCA202,71,61,67,59,60,60,63,65
0809,CBCA203,69,63,69,67,60,65,66,65
0809,CBCA204,69,69,60,74,68,68,68,65
0810,CBCA201,48,54,46,59,52,52,52,51
0810,CBCA202,50,49,47,50,43,51,48,51
0810,CBCA203,57,60,47,48,51,50,52,51
0810,CBCA204,53,58,44,50,49,48,50,51
0811,CBCA201,62,48,63,48,49,68,56,56
0811,CBCA202,65,59,53,57,50,60,57,56
0811,CBCA203,55,61,49,63,51,62,57,56
0811,CBCA204,64,47,56,54,55,49,54,56
0812,CBCA201,100,94,84,94,100,85,93,92
0812,CBCA202,91,86,94,91,92,94,91,92
0812,CBCA203,85,97,94,96,100,100,95,92
0812,CBCA204,82,82,89,98,94,88,89,92
0813,CBCA201,83,84,96,95,79,83,87,85
0813,CBCA202,78,78,85,77,81,86,81,85
0813,CBCA203,79,92,88,91,90,84,87,85
0813,CBCA204,77,82,82,89,83,89,84,85
0814,CBCA201,63,69,62,69,72,71,68,64
0814,CBCA202,61,54,56,60,60,61,59,64
0814,CBCA203,61,63,58,70,66,66,64,64
0814,CBCA204,74,60,56,63,74,59,64,64
0815,CBCA201,81,86,86,82,78,90,84,83
0815,CBCA202,76,75,88,76,88,88,82,83
0815,CBCA203,87,86,89,75,83,87,85,83
0815,CBCA204,89,78,86,79,81,83,83,83
0816,CBCA201,72,73,73,65,65,64,69,66
0816,CBCA202,64,63,64,70,66,69,66,66
0816,CBCA203,68,69,69,67,57,66,66,66
0816,CBCA204,75,62,61,59,59,67,64,66
0817,CBCA201,100,87,99,96,89,92,94,92
0817,CBCA202,87,97,86,87,94,92,91,92
0817,CBCA203,85,91,100,90,94,90,92,92
0817,CBCA204,94,89,87,99,92,95,93,92
0818,CBCA201,49,50,46,45,52,42,47,50
0818,CBCA202,45,50,40,48,54,60,50,50
0818,CBCA203,54,48,53,54,44,60,52,50
0818,CBCA204,57,47,61,51,51,45,52,50
0819,CBCA201,60,77,67,76,69,69,70,70
0819,CBCA202,74,79,71,66,71,69,72,70
0819,CBCA203,63,69,69,76,67,72,69,70
0819,CBCA204,65,62,75,75,62,78,70,70
0820,CBCA201,91,87,96,98,99,99,95,96
0820,CBCA202,97,99,100,96,100,100,99,96
0820,CBCA203,95,92,92,88,89,100,93,96
0820,CBCA204,97,99,100,100,95,95,98,96
0821,CBCA201,61,60,63,71,55,68,63,63
0821,CBCA202,63,65,58,72,67,66,65,63
0821,CBCA203,74,68,55,63,61,66,65,63
0821,CBCA204,60,63,54,63,59,63,60,63
0822,CBCA201,71,69,79,74,82,67,74,73
0822,CBCA202,70,79,72,70,63,81,73,73
0822,CBCA203,74,77,77,78,73,63,74,73
0822,CBCA204,63,77,79,73,71,72,73,73
0823,CBCA201,54,57,62,47,45,49,52,54
0823,CBCA202,59,45,59,52,61,58,56,54
0823,CBCA203,53,50,52,49,54,49,51,54
0823,CBCA204,57,59,54,61,49,50,55,54
0824,CBCA201,64,43,43,60,55,55,53,54
0824,CBCA202,59,57,50,54,57,52,55,54
0824,CBCA203,48,54,55,55,58,61,55,54
0824,CBCA204,47,63,45,41,53,55,51,54
0825,CBCA201,25,15,26,31,30,31,26,21
0825,CBCA202,22,25,16,22,13,29,21,21
0825,CBCA203,14,33,26,24,13,13,21,21
0825,CBCA204,25,16,17,11,16,16,17,21
0826,CBCA201,60,64,74,58,61,70,65,66
0826,CBCA202,57,59,62,66,67,75,64,66
0826,CBCA203,73,67,67,59,69,58,66,66
0826,CBCA204,73,65,68,69,77,68,70,66
0827,CBCA201,70,64,59,68,72,54,65,66
0827,CBCA202,67,56,70,63,76,57,65,66
0827,CBCA203,74,71,63,66,73,69,69,66
0827,CBCA204,63,63,59,63,75,65,65,66
0828,CBCA201,87,74,79,74,80,79,79,75
0828,CBCA202,78,70,74,81,79,79,77,75
0828,CBCA203,73,66,81,69,70,68,71,75
0828,CBCA204,79,74,77,82,65,68,74,75
0829,CBCA201,71,77,68,71,78,72,73,73
0829,CBCA202,72,69,74,73,69,79,73,73
0829,CBCA203,76,66,71,76,76,75,73,73
0829,CBCA204,74,71,73,70,75,75,73,73
0830,CBCA201,58,66,61,60,61,57,61,57
0830,CBCA202,63,65,54,49,63,55,58,57
0830,CBCA203,65,53,51,57,54,49,55,57
0830,CBCA204,50,57,60,53,60,58,56,57
0831,CBCA201,4,0,0,0,2,6,2,4
0831,CBCA202,3,0,6,0,7,3,3,4
0831,CBCA203,4,5,3,10,4,8,6,4
0831,CBCA204,0,0,7,5,3,7,4,4
0832,CBCA201,81,82,80,83,84,79,82,84
0832,CBCA202,81,84,83,74,85,87,82,84
0832,CBCA203,87,77,82,86,81,89,84,84
0832,CBCA204,87,93,86,83,85,87,87,84
0833,CBCA201,84,87,77,78,71,77,79,80
0833,CBCA202,70,73,91,84,78,72,78,80
0833,CBCA203,85,74,84,81,86,82,82,80
0833,CBCA204,78,83,82,71,85,86,81,80
0834,CBCA201,68,66,63,68,56,70,65,59
0834,CBCA202,61,58,55,56,58,60,58,59
0834,CBCA203,58,51,59,62,49,56,56,59
0834,CBCA204,60,61,52,54,64,54,58,59
0835,CBCA201,86,89,86,82,79,77,83,80
0835,CBCA202,75,87,79,77,79,77,79,80
0835,CBCA203,71,80,83,78,78,84,79,80
0835,CBCA204,89,76,71,73,90,78,80,80
0836,CBCA201,87,90,77,85,79,88,84,86
0836,CBCA202,85,84,80,85,89,85,85,86
0836,CBCA203,82,84,87,92,84,86,86,86
0836,CBCA204,82,88,92,88,89,88,88,86
0837,CBCA201,86,76,74,80,78,86,80,79
0837,CBCA202,78,80,78,76,77,79,78,79
0837,CBCA203,68,86,79,90,82,78,81,79
0837,CBCA204,75,73,83,79,81,74,78,79
0838,CBCA201,90,91,87,87,93,86,89,90
0838,CBCA202,96,96,91,86,85,88,90,90
0838,CBCA203,89,96,84,85,92,91,90,90
0838,CBCA204,92,91,82,94,88,95,90,90
0839,CBCA201,78,82,75,70,76,71,75,73
0839,CBCA202,68,70,72,68,78,70,71,73
0839,CBCA203,60,67,74,73,83,70,71,73
0839,CBCA204,77,64,71,75,74,81,74,73
0840,CBCA201,81,84,85,87,83,91,85,83
0840,CBCA202,79,83,79,84,84,89,83,83
0840,CBCA203,92,76,88,83,76,79,82,83
0840,CBCA204,76,83,83,82,81,89,82,83
0841,CBCA201,63,68,59,68,65,63,64,69
0841,CBCA202,64,68,68,70,80,65,69,69
0841,CBCA203,78,68,76,75,74,67,73,69
0841,CBCA204,72,69,78,69,72,67,71,69
0842,CBCA201,73,88,75,79,76,91,80,81
0842,CBCA202,79,78,77,77,82,86,80,81
0842,CBCA203,75,86,77,89,80,77,81,81
0842,CBCA204,78,79,89,84,80,79,82,81
0843,CBCA201,83,86,86,76,88,77,83,81
0843,CBCA202,74,84,90,84,87,86,84,81
0843,CBCA203,82,76,82,76,74,75,78,81
0843,CBCA204,80,85,77,78,79,80,80,81
0844,CBCA201,83,81,85,79,79,79,81,87
0844,CBCA202,80,84,84,94,89,95,88,87
0844,CBCA203,86,93,88,89,97,84,90,87
0844,CBCA204,92,99,93,80,96,83,91,87
0845,CBCA201,44,42,45,48,51,53,47,49
0845,CBCA202,52,49,51,42,52,56,50,49
0845,CBCA203,52,54,51,52,47,43,50,49
0845,CBCA204,38,45,52,48,54,52,48,49
0846,CBCA201,87,80,80,78,73,69,78,80
0846,CBCA202,73,78,85,86,81,79,80,80
0846,CBCA203,76,84,80,74,80,85,80,80
0846,CBCA204,82,78,84,81,80,79,81,80
0847,CBCA201,43,33,40,43,35,39,39,36
0847,CBCA202,37,40,29,24,29,38,33,36
0847,CBCA203,38,43,40,37,30,30,36,36
0847,CBCA204,41,33,35,40,40,28,36,36
0848,CBCA201,70,75,80,75,86,67,76,78
0848,CBCA202,84,77,79,79,77,78,79,78
0848,CBCA203,73,83,86,80,81,82,81,78
0848,CBCA204,75,81,69,83,82,75,78,78
0849,CBCA201,23,25,34,29,25,26,27,25
0849,CBCA202,24,24,16,19,33,18,22,25
0849,CBCA203,30,19,24,28,35,28,27,25
0849,CBCA204,25,24,34,19,18,22,24,25
0850,CBCA201,77,77,81,85,81,82,81,82
0850,CBCA202,82,78,86,79,79,75,80,82
0850,CBCA203,87,74,75,80,89,88,82,82
0850,CBCA204,76,81,94,85,80,87,84,82
0851,CBCA201,70,69,75,70,73,67,71,72
0851,CBCA202,72,69,78,74,75,75,74,72
0851,CBCA203,72,78,64,69,72,68,71,72
0851,CBCA204,71,74,64,64,79,79,72,72
0852,CBCA201,35,45,35,29,27,44,36,36
0852,CBCA202,31,43,34,37,41,41,38,36
0852,CBCA203,44,30,35,39,37,26,35,36
0852,CBCA204,34,35,31,33,42,40,36,36
0853,CBCA201,12,16,18,26,22,11,18,18
0853,CBCA202,12,26,21,19,23,29,22,18
0853,CBCA203,11,12,6,25,14,15,14,18
0853,CBCA204,15,20,26,17,25,16,20,18
0854,CBCA201,80,83,78,73,72,85,79,76
0854,CBCA202,79,75,69,73,82,75,76,76
0854,CBCA203,72,72,77,78,71,66,73,76
0854,CBCA204,79,78,69,80,82,79,78,76
0855,CBCA201,55,59,62,62,59,44,57,54
0855,CBCA202,43,57,45,61,51,53,52,54
0855,CBCA203,55,49,55,53,59,53,54,54
0855,CBCA204,53,53,51,52,58,58,54,54
0856,CBCA201,58,71,59,66,55,70,63,63
0856,CBCA202,60,63,68,58,62,63,62,63
0856,CBCA203,71,70,63,55,56,59,62,63
0856,CBCA204,65,59,70,72,68,53,65,63
0857,CBCA201,69,64,60,65,73,64,66,66
0857,CBCA202,56,74,78,64,66,68,68,66
0857,CBCA203,76,63,64,56,73,67,67,66
0857,CBCA204,63,66,60,64,63,67,64,66
0858,CBCA201,61,65,61,72,69,70,66,67
0858,CBCA202,70,67,68,59,70,74,68,67
0858,CBCA203,77,70,66,74,66,68,70,67
0858,CBCA204,59,58,69,59,60,74,63,67
0859,CBCA201,52,57,55,49,47,43,51,49
0859,CBCA202,48,44,41,49,50,47,47,49
0859,CBCA203,53,43,42,50,52,46,48,49
0859,CBCA204,48,50,44,51,56,54,51,49
0860,CBCA201,54,56,68,60,48,59,58,57
0860,CBCA202,60,57,56,62,57,62,59,57
0860,CBCA203,59,56,50,52,55,65,56,57
0860,CBCA204,58,62,53,59,51,50,56,57
0861,CBCA201,82,93,81,82,90,91,87,89
0861,CBCA202,84,94,81,97,92,85,89,89
0861,CBCA203,91,85,86,86,91,90,88,89
0861,CBCA204,97,86,84,99,99,97,94,89
0862,CBCA201,75,77,72,72,82,71,75,73
0862,CBCA202,74,71,67,69,71,73,71,73
0862,CBCA203,64,73,76,80,71,68,72,73
0862,CBCA204,77,79,74,77,70,74,75,73
0863,CBCA201,37,44,46,40,35,38,40,42
0863,CBCA202,46,41,46,43,47,42,44,42
0863,CBCA203,42,45,46,41,42,34,42,42
0863,CBCA204,37,46,41,51,43,42,43,42
0864,CBCA201,48,49,55,45,47,49,49,50
0864,CBCA202,60,41,51,48,53,51,51,50
0864,CBCA203,46,43,50,52,46,53,48,50
0864,CBCA204,52,56,54,47,53,58,53,50
0865,CBCA201,75,82,74,66,79,64,73,73
0865,CBCA202,83,82,75,74,68,78,77,73
0865,CBCA203,66,75,68,79,76,64,71,73
0865,CBCA204,70,71,73,83,65,72,72,73
0866,CBCA201,65,59,66,52,64,66,62,61
0866,CBCA202,52,60,57,64,59,59,59,61
0866,CBCA203,52,59,65,66,57,69,61,61
0866,CBCA204,60,66,64,53,54,72,62,61
0867,CBCA201,55,47,60,65,58,59,57,59
0867,CBCA202,55,63,58,64,60,51,59,59
0867,CBCA203,60,66,52,66,62,48,59,59
0867,CBCA204,55,62,68,57,58,66,61,59
0868,CBCA201,58,64,56,66,66,60,62,63
0868,CBCA202,67,66,61,51,64,68,63,63
0868,CBCA203,68,70,62,62,62,65,65,63
0868,CBCA204,61,55,67,69,57,68,63,63
0869,CBCA201,64,53,55,55,59,60,58,55
0869,CBCA202,55,66,45,55,56,51,55,55
0869,CBCA203,52,59,53,59,52,50,54,55
0869,CBCA204,51,57,53,52,57,48,53,55
0870,CBCA201,6,4,7,9,0,8,6,7
0870,CBCA202,2,1,11,9,1,0,4,7
0870,CBCA203,9,13,13,11,4,9,10,7
0870,CBCA204,13,0,8,12,3,11,8,7
0871,CBCA201,100,94,100,91,100,96,97,99
0871,CBCA202,100,96,99,100,100,100,99,99
0871,CBCA203,100,100,100,99,98,97,99,99
0871,CBCA204,100,100,100,97,100,99,99,99
0872,CBCA201,83,76,83,86,75,86,82,83
0872,CBCA202,93,86,74,78,77,83,82,83
0872,CBCA203,83,80,81,80,89,82,83,83
0872,CBCA204,83,90,89,85,77,86,85,83
0873,CBCA201,48,52,56,55,49,55,53,54
0873,CBCA202,50,61,63,51,48,45,53,54
0873,CBCA203,53,45,51,62,57,46,52,54
0873,CBCA204,58,55,59,56,54,59,57,54
0874,CBCA201,54,59,59,49,66,65,59,57
0874,CBCA202,63,58,56,58,59,52,58,57
0874,CBCA203,55,54,63,65,56,54,58,57
0874,CBCA204,62,53,52,54,61,51,56,57
0875,CBCA201,55,54,57,63,59,47,56,57
0875,CBCA202,53,65,66,64,53,47,58,57
0875,CBCA203,62,61,63,53,55,61,59,57
0875,CBCA204,58,56,54,56,62,55,57,57
0876,CBCA201,85,99,86,82,93,82,88,88
0876,CBCA202,91,94,80,80,88,96,88,88
0876,CBCA203,86,84,86,91,88,84,87,88
0876,CBCA204,95,91,95,82,86,90,90,88
0877,CBCA201,83,82,80,83,89,78,83,81
0877,CBCA202,76,89,74,84,73,81,80,81
0877,CBCA203,76,76,78,92,70,81,79,81
0877,CBCA204,88,81,87,84,83,75,83,81
0878,CBCA201,73,84,71,83,84,77,79,74
0878,CBCA202,68,74,66,65,64,79,69,74
0878,CBCA203,74,76,65,75,79,78,75,74
0878,CBCA204,74,76,76,66,76,78,74,74
0879,CBCA201,67,55,70,66,64,67,65,64
0879,CBCA202,66,63,64,71,61,58,64,64
0879,CBCA203,63,60,55,61,53,73,61,64
0879,CBCA204,58,62,75,75,55,62,65,64
0880,CBCA201,74,73,77,76,69,77,74,76
0880,CBCA202,81,69,79,82,71,87,78,76
0880,CBCA203,74,74,69,78,72,83,75,76
0880,CBCA204,77,76,68,84,72,84,77,76
0881,CBCA201,33,36,41,40,32,28,35,35
0881,CBCA202,33,31,43,28,33,34,34,35
0881,CBCA203,30,32,35,38,35,28,33,35
0881,CBCA204,33,34,38,37,39,39,37,35
0882,CBCA201,67,71,70,69,75,73,71,71
0882,CBCA202,66,71,78,77,69,74,73,71
0882,CBCA203,81,70,74,59,69,62,69,71
0882,CBCA204,69,69,67,71,71,71,70,71
0883,CBCA201,54,51,50,56,48,44,51,49
0883,CBCA202,52,52,43,47,56,47,50,49
0883,CBCA203,39,54,50,50,44,50,48,49
0883,CBCA204,53,42,49,49,49,53,49,49
0884,CBCA201,19,19,24,29,24,35,25,25
0884,CBCA202,22,22,22,26,24,17,22,25
0884,CBCA203,19,25,31,23,30,20,25,25
0884,CBCA204,21,26,25,33,26,27,26,25
0885,CBCA201,42,38,40,39,51,39,42,42
0885,CBCA202,36,38,39,49,39,40,40,42
0885,CBCA203,52,45,36,47,51,35,44,42
0885,CBCA204,47,43,42,38,36,52,43,42
0886,CBCA201,23,20,29,27,30,18,25,24
0886,CBCA202,21,29,29,18,26,33,26,24
0886,CBCA203,14,27,25,23,27,28,24,24
0886,CBCA204,25,14,23,27,17,25,22,24
0887,CBCA201,66,69,73,70,74,78,72,73
0887,CBCA202,70,75,80,68,73,64,72,73
0887,CBCA203,78,75,75,82,69,82,77,73
0887,CBCA204,77,72,63,73,67,77,72,73
0888,CBCA201,75,81,82,88,86,72,81,81
0888,CBCA202,81,77,75,82,81,74,78,81
0888,CBCA203,82,90,82,78,76,86,82,81
0888,CBCA204,81,83,82,84,83,79,82,81
0889,CBCA201,68,71,63,72,78,70,70,72
0889,CBCA202,65,68,69,81,78,62,71,72
0889,CBCA203,69,76,61,76,73,81,73,72
0889,CBCA204,69,75,75,80,77,65,74,72
0890,CBCA201,48,64,59,48,52,58,55,56
0890,CBCA202,62,61,65,52,50,56,58,56
0890,CBCA203,55,58,57,51,55,61,56,56
0890,CBCA204,55,54,66,53,44,62,56,56
0891,CBCA201,55,63,65,57,60,62,60,63
0891,CBCA202,67,70,57,57,61,66,63,63
0891,CBCA203,74,68,57,62,66,65,65,63
0891,CBCA204,63,65,55,64,69,70,64,63
0892,CBCA201,29,25,20,18,18,19,22,22
0892,CBCA202,19,16,19,25,25,27,22,22
0892,CBCA203,30,27,20,24,17,27,24,22
0892,CBCA204,17,22,27,24,18,19,21,22
0893,CBCA201,83,77,88,76,80,76,80,80
0893,CBCA202,85,83,80,85,86,78,83,80
0893,CBCA203,87,79,83,77,86,77,82,80
0893,CBCA204,78,76,75,74,72,85,77,80
0894,CBCA201,21,38,24,29,26,35,29,30
0894,CBCA202,32,29,35,27,33,25,30,30
0894,CBCA203,34,25,32,30,33,24,30,30
0894,CBCA204,36,23,38,27,29,31,31,30
0895,CBCA201,88,93,84,83,94,98,90,91
0895,CBCA202,95,97,88,97,91,80,91,91
0895,CBCA203,78,91,93,92,99,90,91,91
0895,CBCA204,94,91,89,83,95,90,90,91
0896,CBCA201,91,82,86,100,91,87,90,87
0896,CBCA202,89,84,80,92,91,96,89,87
0896,CBCA203,79,93,95,84,85,81,86,87
0896,CBCA204,81,84,84,85,85,84,84,87
0897,CBCA201,67,78,72,79,83,83,77,78
0897,CBCA202,77,82,75,85,78,79,79,78
0897,CBCA203,73,84,81,73,71,74,76,78
0897,CBCA204,72,77,79,74,87,79,78,78
0898,CBCA201,77,71,69,74,77,75,74,74
0898,CBCA202,83,71,74,70,68,72,73,74
0898,CBCA203,74,75,77,75,74,77,75,74
0898,CBCA204,71,72,67,71,76,78,73,74
0899,CBCA201,91,83,83,80,81,84,84,84
0899,CBCA202,85,88,81,91,92,80,86,84
0899,CBCA203,84,80,83,81,79,81,81,84
0899,CBCA204,81,89,86,93,87,83,87,84
0900,CBCA201,94,82,86,83,97,91,89,87
0900,CBCA202,92,89,90,87,82,87,88,87
0900,CBCA203,86,81,82,77,85,84,83,87
0900,CBCA204,89,96,83,88,90,86,89,87
0901,CBCA201,18,14,16,22,20,24,19,21
0901,CBCA202,26,20,23,29,21,25,24,21
0901,CBCA203,20,17,23,14,23,19,19,21
0901,CBCA204,22,22,14,18,25,23,21,21
0902,CBCA201,75,74,74,63,78,63,71,71
0902,CBCA202,72,75,62,66,77,77,72,71
0902,CBCA203,75,72,76,78,62,66,72,71
0902,CBCA204,68,72,74,64,63,72,69,71
0903,CBCA201,57,53,48,48,59,54,53,53
0903,CBCA202,46,58,54,48,47,48,50,53
0903,CBCA203,45,61,59,55,54,52,54,53
0903,CBCA204,52,55,56,61,52,60,56,53
0904,CBCA201,62,59,71,70,62,60,64,64
0904,CBCA202,66,72,64,73,70,64,68,64
0904,CBCA203,64,69,63,58,58,57,62,64
0904,CBCA204,73,63,59,62,56,61,62,64
0905,CBCA201,65,57,59,64,55,57,60,61
0905,CBCA202,70,52,68,54,65,60,62,61
0905,CBCA203,63,67,53,64,67,67,64,61
0905,CBCA204,54,63,55,66,56,71,61,61
0906,CBCA201,91,88,77,95,90,80,87,88
0906,CBCA202,91,95,92,84,87,85,89,88
0906,CBCA203,93,89,98,87,88,91,91,88
0906,CBCA204,86,82,83,94,83,88,86,88
0907,CBCA201,67,67,60,62,58,59,62,58
0907,CBCA202,56,59,54,52,62,56,57,58
0907,CBCA203,47,58,57,63,51,64,57,58
0907,CBCA204,65,57,66,47,59,52,58,58
0908,CBCA201,36,25,35,43,40,33,35,36
0908,CBCA202,34,37,35,35,44,28,36,36
0908,CBCA203,38,38,34,31,42,33,36,36
0908,CBCA204,38,34,45,42,36,30,38,36
0909,CBCA201,100,100,99,100,96,100,99,98
0909,CBCA202,97,100,100,96,91,100,97,98
0909,CBCA203,94,94,100,100,96,94,96,98
0909,CBCA204,100,97,100,92,100,97,98,98
0910,CBCA201,88,99,89,94,84,93,91,91
0910,CBCA202,89,92,87,80,90,96,89,91
0910,CBCA203,94,93,90,100,88,92,93,91
0910,CBCA204,94,95,87,96,85,86,91,91
0911,CBCA201,82,79,76,78,85,80,80,81
0911,CBCA202,81,79,81,84,73,72,78,81
0911,CBCA203,90,83,79,86,83,77,83,81
0911,CBCA204,86,72,81,87,82,79,81,81
0912,CBCA201,52,51,59,55,48,69,56,57
0912,CBCA202,55,60,52,51,58,56,55,57
0912,CBCA203,56,59,63,54,54,59,58,57
0912,CBCA204,57,61,57,62,60,67,61,57
0913,CBCA201,59,62,61,53,55,52,57,55
0913,CBCA202,57,43,50,50,56,54,52,55
0913,CBCA203,58,54,50,51,60,52,54,55
0913,CBCA204,64,48,57,48,60,58,56,55
0914,CBCA201,67,61,73,62,74,71,68,68
0914,CBCA202,61,73,67,67,65,68,67,68
0914,CBCA203,69,59,58,72,67,66,65,68
0914,CBCA204,68,78,66,71,78,66,71,68
0915,CBCA201,3,8,11,0,1,15,6,8
0915,CBCA202,9,7,8,0,15,6,8,8
0915,CBCA203,18,15,10,10,0,6,10,8
0915,CBCA204,4,4,6,12,7,12,8,8
0916,CBCA201,52,40,47,51,46,53,48,47
0916,CBCA202,53,45,44,41,52,42,46,47
0916,CBCA203,53,45,47,50,38,47,47,47
0916,CBCA204,48,51,46,49,47,40,47,47
0917,CBCA201,89,89,84,85,93,90,88,91
0917,CBCA202,87,92,81,85,86,89,87,91
0917,CBCA203,95,99,95,91,93,97,95,91
0917,CBCA204,99,82,89,96,92,95,92,91
0918,CBCA201,74,78,85,91,76,79,81,78
0918,CBCA202,72,72,81,75,77,81,76,78
0918,CBCA203,84,78,84,78,88,80,82,78
0918,CBCA204,85,70,74,75,75,70,75,78
0919,CBCA201,58,57,65,60,55,59,59,58
0919,CBCA202,65,54,59,54,48,56,56,58
0919,CBCA203,64,58,59,57,58,67,61,58
0919,CBCA204,57,46,62,52,52,60,55,58
0920,CBCA201,80,100,100,93,93,97,94,91
0920,CBCA202,88,93,82,100,86,86,89,91
0920,CBCA203,83,99,99,83,92,95,92,91
0920,CBCA204,91,93,90,86,83,89,89,91
0921,CBCA201,66,57,52,57,55,49,56,58
0921,CBCA202,66,63,53,54,61,57,59,58
0921,CBCA203,54,66,57,59,57,62,59,58
0921,CBCA204,59,53,59,61,50,57,57,58
0922,CBCA201,88,90,76,73,86,77,82,81
0922,CBCA202,88,74,88,72,91,80,82,81
0922,CBCA203,87,69,72,78,81,84,79,81
0922,CBCA204,75,81,85,79,76,83,80,81
0923,CBCA201,90,90,86,83,77,84,85,85
0923,CBCA202,81,92,92,88,87,87,88,85
0923,CBCA203,78,93,89,85,84,83,85,85
0923,CBCA204,83,85,80,78,75,83,81,85
0924,CBCA201,86,73,75,76,77,87,79,81
0924,CBCA202,75,81,79,90,88,74,81,81
0924,CBCA203,90,73,81,78,74,77,79,81
0924,CBCA204,78,91,91,74,84,88,84,81
0925,CBCA201,69,63,64,62,59,60,63,67
0925,CBCA202,64,74,60,75,66,78,70,67
0925,CBCA203,59,70,59,74,68,78,68,67
0925,CBCA204,71,67,59,76,63,62,66,67
0926,CBCA201,29,29,29,23,30,31,29,28
0926,CBCA202,16,26,29,31,32,31,28,28
0926,CBCA203,16,30,37,19,25,32,27,28
0926,CBCA204,30,37,24,30,35,19,29,28
0927,CBCA201,34,40,35,43,43,40,39,41
0927,CBCA202,46,47,36,47,40,51,45,41
0927,CBCA203,40,35,33,31,48,48,39,41
0927,CBCA204,51,33,52,35,45,40,43,41
0928,CBCA201,47,55,52,58,52,58,54,54
0928,CBCA202,54,48,51,50,55,54,52,54
0928,CBCA203,52,49,50,63,63,63,57,54
0928,CBCA204,56,55,56,52,48,53,53,54
0929,CBCA201,81,77,76,68,79,75,76,71
0929,CBCA202,80,66,72,64,69,73,71,71
0929,CBCA203,70,70,77,63,75,73,71,71
0929,CBCA204,71,66,66,66,72,66,68,71
0930,CBCA201,93,85,88,90,84,89,88,88
0930,CBCA202,86,89,86,83,86,84,86,88
0930,CBCA203,85,95,85,93,85,99,90,88
0930,CBCA204,90,95,85,90,93,83,89,88
0931,CBCA201,64,67,70,72,68,66,68,69
0931,CBCA202,73,76,67,65,71,68,70,69
0931,CBCA203,71,75,76,66,76,61,71,69
0931,CBCA204,70,63,69,76,65,69,69,69
0932,CBCA201,60,59,65,59,55,59,60,61
0932,CBCA202,65,60,57,56,53,72,61,61
0932,CBCA203,55,61,56,61,68,63,61,61
0932,CBCA204,63,62,66,65,62,55,62,61
0933,CBCA201,56,43,50,51,51,58,52,49
0933,CBCA202,40,57,41,57,46,53,49,49
0933,CBCA203,49,52,47,55,41,41,48,49
0933,CBCA204,47,47,53,47,45,46,48,49
0934,CBCA201,68,63,71,63,74,71,68,68
0934,CBCA202,71,67,72,71,63,78,70,68
0934,CBCA203,64,72,59,72,60,73,67,68
0934,CBCA204,73,67,68,70,65,67,68,68
0935,CBCA201,83,87,87,85,84,84,85,81
0935,CBCA202,85,77,90,83,78,82,83,81
0935,CBCA203,77,89,83,79,82,82,82,81
0935,CBCA204,77,73,73,72,80,76,75,81
0936,CBCA201,69,82,70,68,77,70,73,72
0936,CBCA202,69,70,72,69,72,81,72,72
0936,CBCA203,81,74,71,65,77,66,72,72
0936,CBCA204,81,71,74,78,69,61,72,72
0937,CBCA201,81,83,74,84,81,85,81,81
0937,CBCA202,79,80,84,81,85,78,81,81
0937,CBCA203,74,89,85,85,73,84,82,81
0937,CBCA204,79,88,79,84,76,77,81,81
0938,CBCA201,58,59,53,50,53,56,55,56
0938,CBCA202,48,62,54,56,55,66,57,56
0938,CBCA203,44,54,62,58,60,60,56,56
0938,CBCA204,59,60,46,47,65,65,57,56
0939,CBCA201,70,61,62,66,64,62,64,65
0939,CBCA202,71,54,68,65,67,69,66,65
0939,CBCA203,62,62,72,73,58,70,66,65
0939,CBCA204,66,67,64,67,58,70,65,65
0940,CBCA201,86,94,87,91,93,89,90,87
0940,CBCA202,87,86,86,89,80,95,87,87
0940,CBCA203,82,84,80,87,78,97,85,87
0940,CBCA204,86,92,79,89,81,81,85,87
0941,CBCA201,48,41,40,32,37,40,40,43
0941,CBCA202,40,33,46,43,47,39,41,43
0941,CBCA203,45,49,43,40,48,45,45,43
0941,CBCA204,49,45,42,41,44,48,45,43
0942,CBCA201,78,93,85,97,97,83,89,89
0942,CBCA202,77,92,86,92,87,89,87,89
0942,CBCA203,84,83,94,91,89,85,88,89
0942,CBCA204,99,96,93,80,97,86,92,89
0943,CBCA201,95,99,99,97,100,100,98,97
0943,CBCA202,96,89,100,100,100,92,96,97
0943,CBCA203,99,93,100,99,96,95,97,97
0943,CBCA204,100,95,100,100,96,90,97,97
0944,CBCA201,37,41,34,44,38,28,37,37
0944,CBCA202,32,36,38,32,43,36,36,37
0944,CBCA203,40,27,37,38,40,39,37,37
0944,CBCA204,39,30,44,37,40,40,38,37
0945,CBCA201,67,73,66,68,79,79,72,71
0945,CBCA202,62,78,67,71,61,61,67,71
0945,CBCA203,73,66,70,80,66,73,71,71
0945,CBCA204,77,72,71,71,78,71,73,71
0946,CBCA201,95,86,90,82,91,77,87,87
0946,CBCA202,85,80,92,85,92,83,86,87
0946,CBCA203,84,87,93,84,75,93,86,87
0946,CBCA204,95,88,87,80,95,85,88,87
0947,CBCA201,65,68,70,75,70,74,70,72
0947,CBCA202,66,76,70,81,77,73,74,72
0947,CBCA203,67,68,77,69,68,63,69,72
0947,CBCA204,80,71,69,77,71,72,73,72
0948,CBCA201,97,91,88,98,84,85,91,90
0948,CBCA202,99,95,84,83,96,97,92,90
0948,CBCA203,84,85,87,93,94,83,88,90
0948,CBCA204,93,94,88,93,85,93,91,90
0949,CBCA201,64,55,65,51,57,70,60,61
0949,CBCA202,67,68,54,62,70,67,65,61
0949,CBCA203,62,56,61,59,60,52,58,61
0949,CBCA204,60,67,56,59,62,60,61,61
0950,CBCA201,62,47,48,49,50,46,50,50
0950,CBCA202,51,61,44,47,50,49,50,50
0950,CBCA203,49,48,48,58,56,53,52,50
0950,CBCA204,53,48,52,51,42,46,49,50
0951,CBCA201,92,92,100,90,100,90,94,97
0951,CBCA202,97,99,100,94,97,97,97,97
0951,CBCA203,99,100,100,100,100,96,99,97
0951,CBCA204,97,92,100,93,99,100,97,97
0952,CBCA201,44,39,46,35,41,37,40,41
0952,CBCA202,47,33,38,44,49,34,41,41
0952,CBCA203,40,46,47,40,44,35,42,41
0952,CBCA204,42,36,43,35,51,34,40,41
0953,CBCA201,79,90,80,76,74,72,79,80
0953,CBCA202,81,76,80,91,76,85,82,80
0953,CBCA203,86,89,81,76,75,78,81,80
0953,CBCA204,88,86,76,73,84,76,81,80
0954,CBCA201,50,55,56,51,53,58,54,53
0954,CBCA202,51,53,57,55,50,53,53,53
0954,CBCA203,64,44,44,49,55,43,50,53
0954,CBCA204,55,55,47,61,50,57,54,53
0955,CBCA201,97,100,100,85,100,96,96,97
0955,CBCA202,100,100,91,99,93,99,97,97
0955,CBCA203,98,100,95,96,93,97,97,97
0955,CBCA204,100,99,100,97,94,100,98,97
0956,CBCA201,85,82,84,83,85,79,83,80
0956,CBCA202,76,90,75,79,70,76,78,80
0956,CBCA203,68,79,77,74,79,88,78,80
0956,CBCA204,80,89,87,85,77,77,83,80
0957,CBCA201,81,84,75,85,79,78,80,78
0957,CBCA202,77,72,72,80,78,78,76,78
0957,CBCA203,81,79,78,73,79,79,78,78
0957,CBCA204,79,69,80,78,74,75,76,78
0958,CBCA201,77,82,88,73,79,79,80,79
0958,CBCA202,79,78,71,78,87,76,78,79
0958,CBCA203,78,78,80,82,74,72,77,79
0958,CBCA204,75,84,77,81,78,79,79,79
0959,CBCA201,76,79,73,82,67,76,76,76
0959,CBCA202,81,71,87,79,71,73,77,76
0959,CBCA203,75,77,80,74,76,75,76,76
0959,CBCA204,86,66,75,83,76,72,76,76
0960,CBCA201,65,61,65,67,67,70,66,65
0960,CBCA202,62,66,59,60,62,65,62,65
0960,CBCA203,69,76,63,59,71,63,67,65
0960,CBCA204,62,73,59,73,63,61,65,65
0961,CBCA201,91,87,82,84,87,88,87,86
0961,CBCA202,91,87,89,90,86,82,88,86
0961,CBCA203,83,81,89,76,88,83,83,86
0961,CBCA204,82,83,83,91,89,88,86,86
0962,CBCA201,97,97,94,100,95,92,96,95
0962,CBCA202,92,100,95,100,90,92,95,95
0962,CBCA203,100,97,99,86,97,100,97,95
0962,CBCA204,100,91,95,95,87,98,94,95
0963,CBCA201,83,94,85,90,82,96,88,88
0963,CBCA202,83,85,90,92,90,97,90,88
0963,CBCA203,90,88,85,85,87,96,89,88
0963,CBCA204,87,91,85,93,86,77,87,88
0964,CBCA201,88,84,92,77,84,88,86,86
0964,CBCA202,86,86,78,86,90,88,86,86
0964,CBCA203,84,92,79,95,85,96,89,86
0964,CBCA204,77,91,83,90,83,77,84,86
0965,CBCA201,51,55,50,60,43,54,52,53
0965,CBCA202,53,59,54,50,62,50,55,53
0965,CBCA203,60,53,52,54,47,54,53,53
0965,CBCA204,50,63,53,50,52,44,52,53
0966,CBCA201,65,64,64,68,65,75,67,68
0966,CBCA202,69,66,70,73,67,72,70,68
0966,CBCA203,65,66,65,78,59,71,67,68
0966,CBCA204,68,62,69,68,71,72,68,68
0967,CBCA201,60,69,80,69,61,67,68,67
0967,CBCA202,67,71,57,62,65,65,65,67
0967,CBCA203,64,62,74,58,66,72,66,67
0967,CBCA204,71,67,67,73,70,66,69,67
0968,CBCA201,57,62,50,63,45,53,55,56
0968,CBCA202,58,62,54,57,53,55,57,56
0968,CBCA203,57,48,62,52,54,58,55,56
0968,CBCA204,51,61,55,58,49,60,56,56
0969,CBCA201,85,99,83,81,83,93,87,88
0969,CBCA202,87,87,90,78,87,83,85,88
0969,CBCA203,92,89,83,98,91,96,92,88
0969,CBCA204,85,93,91,81,84,91,88,88
0970,CBCA201,67,61,63,73,70,62,66,63
0970,CBCA202,59,72,56,60,65,54,61,63
0970,CBCA203,63,70,60,58,61,59,62,63
0970,CBCA204,69,61,68,60,56,57,62,63
0971,CBCA201,57,54,49,64,42,57,54,55
0971,CBCA202,58,47,55,59,51,47,53,55
0971,CBCA203,59,53,51,58,59,59,57,55
0971,CBCA204,54,56,51,54,59,59,56,55
0972,CBCA201,86,84,69,76,79,74,78,77
0972,CBCA202,72,79,69,79,69,69,73,77
0972,CBCA203,80,78,73,74,69,81,76,77
0972,CBCA204,75,84,75,89,79,82,81,77
0973,CBCA201,27,24,26,33,15,22,25,23
0973,CBCA202,20,15,29,34,19,17,22,23
0973,CBCA203,28,14,20,17,27,22,21,23
0973,CBCA204,18,25,30,27,21,12,22,23
0974,CBCA201,49,57,49,51,46,55,51,51
0974,CBCA202,55,43,46,59,52,41,49,51
0974,CBCA203,52,49,42,54,48,58,51,51
0974,CBCA204,58,42,53,49,51,55,51,51
0975,CBCA201,49,57,51,50,59,52,53,56
0975,CBCA202,59,58,54,59,61,53,57,56
0975,CBCA203,54,59,54,58,59,50,56,56
0975,CBCA204,50,60,62,60,51,59,57,56
0976,CBCA201,31,43,37,43,40,42,39,36
0976,CBCA202,38,33,45,33,39,34,37,36
0976,CBCA203,30,42,37,32,32,37,35,36
0976,CBCA204,32,43,29,26,34,33,33,36
0977,CBCA201,74,73,81,65,76,67,73,72
0977,CBCA202,66,65,70,72,76,80,72,72
0977,CBCA203,70,68,70,80,67,69,71,72
0977,CBCA204,78,72,81,71,71,67,73,72
0978,CBCA201,78,76,90,91,77,90,84,82
0978,CBCA202,87,79,79,77,87,82,82,82
0978,CBCA203,86,88,79,94,78,85,85,82
0978,CBCA204,77,82,78,76,79,75,78,82
0979,CBCA201,78,79,84,82,90,92,84,82
0979,CBCA202,83,82,81,83,78,80,81,82
0979,CBCA203,85,81,77,78,82,80,81,82
0979,CBCA204,86,82,82,73,80,78,80,82
0980,CBCA201,100,100,100,96,100,95,99,97
0980,CBCA202,92,100,98,91,98,99,96,97
0980,CBCA203,91,97,95,100,91,95,95,97
0980,CBCA204,97,100,97,100,87,100,97,97
0981,CBCA201,56,48,52,58,65,67,58,56
0981,CBCA202,55,51,55,57,53,54,54,56
0981,CBCA203,54,57,58,63,55,53,57,56
0981,CBCA204,68,57,56,52,51,60,57,56
0982,CBCA201,55,49,59,58,52,58,55,55
0982,CBCA202,48,63,66,62,55,46,57,55
0982,CBCA203,50,52,51,57,51,56,53,55
0982,CBCA204,49,56,57,54,51,54,54,55
0983,CBCA201,80,69,69,71,73,79,74,72
0983,CBCA202,70,66,76,72,69,74,71,72
0983,CBCA203,67,75,74,72,70,71,72,72
0983,CBCA204,71,77,72,73,66,70,72,72
0984,CBCA201,64,54,66,60,64,54,60,57
0984,CBCA202,59,54,57,53,51,49,54,57
0984,CBCA203,54,58,59,59,54,65,58,57
0984,CBCA204,54,52,56,58,54,58,55,57
0985,CBCA201,41,39,40,39,38,26,37,39
0985,CBCA202,35,36,37,42,46,36,39,39
0985,CBCA203,34,30,30,42,38,38,35,39
0985,CBCA204,45,39,35,46,47,47,43,39
0986,CBCA201,45,54,51,51,44,55,50,47
0986,CBCA202,41,57,43,48,51,48,48,47
0986,CBCA203,41,45,43,52,44,43,45,47
0986,CBCA204,50,40,45,40,44,54,46,47
0987,CBCA201,98,100,92,85,87,85,91,89
0987,CBCA202,88,87,81,91,93,88,88,89
0987,CBCA203,84,86,90,90,90,83,87,89
0987,CBCA204,96,96,83,94,80,91,90,89
0988,CBCA201,52,56,55,68,57,64,59,58
0988,CBCA202,59,59,56,63,61,53,59,58
0988,CBCA203,54,51,48,63,63,67,58,58
0988,CBCA204,57,62,59,47,52,64,57,58
0989,CBCA201,83,74,69,74,83,70,76,77
0989,CBCA202,81,74,81,69,76,75,76,77
0989,CBCA203,78,73,75,72,74,77,75,77
0989,CBCA204,78,84,75,86,79,87,82,77
0990,CBCA201,73,80,74,78,78,86,78,79
0990,CBCA202,77,87,86,80,86,83,83,79
0990,CBCA203,78,77,70,73,82,77,76,79
0990,CBCA204,80,71,86,75,81,86,80,79
0991,CBCA201,54,57,65,52,57,56,57,57
0991,CBCA202,64,60,58,57,51,65,59,57
0991,CBCA203,58,59,48,58,58,55,56,57
0991,CBCA204,58,53,50,63,55,53,55,57
0992,CBCA201,76,86,82,76,82,81,81,82
0992,CBCA202,78,83,76,87,92,83,83,82
0992,CBCA203,76,91,76,76,78,84,80,82
0992,CBCA204,82,78,88,81,80,87,83,82
0993,CBCA201,72,62,74,66,56,67,66,67
0993,CBCA202,66,76,70,73,56,65,68,67
0993,CBCA203,69,56,60,66,63,72,64,67
0993,CBCA204,73,65,71,63,65,77,69,67
0994,CBCA201,73,65,75,57,71,60,67,68
0994,CBCA202,73,67,69,64,69,72,69,68
0994,CBCA203,63,67,75,71,76,59,69,68
0994,CBCA204,67,72,64,62,70,61,66,68
0995,CBCA201,87,74,71,82,81,85,80,81
0995,CBCA202,82,78,84,84,82,79,82,81
0995,CBCA203,77,91,85,86,72,77,81,81
0995,CBCA204,82,76,70,82,81,85,79,81
0996,CBCA201,83,81,91,85,86,89,86,81
0996,CBCA202,83,76,72,73,77,76,76,81
0996,CBCA203,85,81,79,84,87,82,83,81
0996,CBCA204,78,74,89,83,79,79,80,81
0997,CBCA201,42,40,42,44,50,33,42,41
0997,CBCA202,44,50,40,31,39,43,41,41
0997,CBCA203,41,37,40,45,30,42,39,41
0997,CBCA204,38,34,44,45,37,52,42,41
0998,CBCA201,30,32,35,28,31,26,30,31
0998,CBCA202,37,28,33,32,21,36,31,31
0998,CBCA203,28,27,29,34,37,35,32,31
0998,CBCA204,41,23,33,30,40,25,32,31
0999,CBCA201,82,92,82,92,88,92,88,87
0999,CBCA202,81,84,79,89,92,84,85,87
0999,CBCA203,92,91,77,85,85,90,87,87
0999,CBCA204,93,94,80,91,87,85,88,87
1000,CBCA201,96,85,83,93,92,95,91,92
1000,CBCA202,86,91,86,88,100,83,89,92
1000,CBCA203,94,95,100,100,92,95,96,92
1000,CBCA204,94,100,89,97,90,85,93,92
1001,CBCA201,67,57,69,52,55,60,60,58
1001,CBCA202,53,55,67,50,47,58,55,58
1001,CBCA203,55,57,65,64,63,64,61,58
1001,CBCA204,56,50,57,61,51,60,56,58
1002,CBCA201,0,3,0,9,0,0,2,4
1002,CBCA202,2,0,0,0,11,9,4,4
1002,CBCA203,3,3,7,0,9,4,4,4
1002,CBCA204,8,0,10,0,2,4,4,4
1003,CBCA201,85,75,83,70,82,85,80,79
1003,CBCA202,84,82,75,76,79,85,80,79
1003,CBCA203,75,83,74,73,83,77,78,79
1003,CBCA204,81,78,81,85,84,70,80,79
1004,CBCA201,91,85,89,81,82,91,87,84
1004,CBCA202,86,84,80,77,83,87,83,84
1004,CBCA203,85,92,88,85,85,79,86,84
1004,CBCA204,77,80,84,74,81,80,79,84
1005,CBCA201,42,52,46,36,51,56,47,46
1005,CBCA202,36,47,55,46,49,39,45,46
1005,CBCA203,53,40,46,43,47,47,46,46
1005,CBCA204,55,43,46,38,51,41,46,46
1006,CBCA201,82,89,94,84,95,82,88,87
1006,CBCA202,89,87,88,95,84,80,87,87
1006,CBCA203,86,91,91,84,89,90,89,87
1006,CBCA204,88,86,82,87,82,88,86,87
1007,CBCA201,15,27,20,28,32,17,23,22
1007,CBCA202,24,30,28,22,15,28,25,22
1007,CBCA203,15,22,16,18,25,21,20,22
1007,CBCA204,17,14,24,17,24,25,20,22
1008,CBCA201,58,59,48,49,47,52,52,54
1008,CBCA202,51,60,56,55,50,51,54,54
1008,CBCA203,60,53,47,58,50,50,53,54
1008,CBCA204,57,57,51,59,62,49,56,54
1009,CBCA201,78,76,79,77,73,79,77,79
1009,CBCA202,90,77,81,83,80,76,81,79
1009,CBCA203,74,75,68,80,88,81,78,79
1009,CBCA204,80,81,69,74,86,84,79,79
1010,CBCA201,70,64,69,72,64,72,69,70
1010,CBCA202,82,66,66,72,70,67,71,70
1010,CBCA203,72,64,64,82,67,73,70,70
1010,CBCA204,77,66,74,69,61,67,69,70
1011,CBCA201,46,53,55,51,56,57,53,54
1011,CBCA202,48,51,53,60,48,54,52,54
1011,CBCA203,60,52,55,50,66,46,55,54
1011,CBCA204,62,50,49,57,57,60,56,54
1012,CBCA201,92,78,85,82,91,79,85,83
1012,CBCA202,83,93,77,78,86,88,84,83
1012,CBCA203,95,86,76,87,77,82,84,83
1012,CBCA204,74,77,72,81,82,82,78,83
1013,CBCA201,56,47,60,50,46,54,52,50
1013,CBCA202,48,56,50,60,51,53,53,50
1013,CBCA203,54,51,45,45,48,48,49,50
1013,CBCA204,42,50,49,42,52,54,48,50
1014,CBCA201,46,46,45,51,46,44,46,47
1014,CBCA202,57,42,35,51,55,46,48,47
1014,CBCA203,57,38,47,54,38,43,46,47
1014,CBCA204,43,44,56,49,46,46,47,47
1015,CBCA201,91,87,79,80,75,81,82,82
1015,CBCA202,77,78,77,80,83,85,80,82
1015,CBCA203,91,85,82,75,90,72,83,82
1015,CBCA204,90,80,84,70,75,91,82,82
1016,CBCA201,64,58,63,62,58,64,62,62
1016,CBCA202,67,70,59,51,70,57,62,62
1016,CBCA203,67,55,68,69,67,60,64,62
1016,CBCA204,53,68,62,59,61,64,61,62
1017,CBCA201,61,54,47,51,61,51,54,55
1017,CBCA202,52,60,48,59,60,48,55,55
1017,CBCA203,54,57,59,51,55,60,56,55
1017,CBCA204,58,60,58,53,57,56,57,55
1018,CBCA201,100,87,97,100,99,97,97,95
1018,CBCA202,97,91,100,92,97,100,96,95
1018,CBCA203,92,88,100,88,94,100,94,95
1018,CBCA204,93,100,92,97,98,92,95,95
1019,CBCA201,11,20,23,25,22,22,21,21
1019,CBCA202,25,21,28,19,26,10,22,21
1019,CBCA203,12,24,12,29,18,16,19,21
1019,CBCA204,23,23,22,19,31,25,24,21
1020,CBCA201,85,90,88,86,93,92,89,88
1020,CBCA202,87,84,87,86,85,99,88,88
1020,CBCA203,83,90,82,90,87,88,87,88
1020,CBCA204,84,89,90,83,91,98,89,88
1021,CBCA201,22,28,28,30,23,28,27,27
1021,CBCA202,21,33,24,27,32,24,27,27
1021,CBCA203,31,23,21,31,28,25,27,27
1021,CBCA204,32,20,24,25,36,29,28,27
1022,CBCA201,13,14,17,26,16,22,18,19
1022,CBCA202,19,16,21,23,22,21,20,19
1022,CBCA203,15,16,16,24,27,19,20,19
1022,CBCA204,14,10,26,11,14,22,16,19
1023,CBCA201,66,60,63,71,72,71,67,65
1023,CBCA202,69,62,61,67,61,73,66,65
1023,CBCA203,64,57,68,67,61,72,65,65
1023,CBCA204,74,54,67,62,56,72,64,65
1024,CBCA201,43,47,42,51,48,47,46,50
1024,CBCA202,56,53,54,51,53,54,54,50
1024,CBCA203,51,52,47,48,47,57,50,50
1024,CBCA204,53,55,39,49,48,56,50,50
1025,CBCA201,68,68,69,57,60,68,65,67
1025,CBCA202,71,68,70,73,79,62,71,67
1025,CBCA203,67,72,72,62,61,78,69,67
1025,CBCA204,65,58,60,57,70,73,64,67
1026,CBCA201,54,63,55,65,69,58,61,61
1026,CBCA202,66,62,59,51,55,54,58,61
1026,CBCA203,58,63,64,69,66,69,65,61
1026,CBCA204,58,63,65,58,62,53,60,61
1027,CBCA201,54,60,47,61,57,63,57,56
1027,CBCA202,57,51,57,60,49,57,55,56
1027,CBCA203,56,53,62,62,59,49,57,56
1027,CBCA204,53,61,45,57,61,58,56,56
1028,CBCA201,51,49,45,39,51,48,47,46
1028,CBCA202,45,48,45,53,54,42,48,46
1028,CBCA203,43,51,45,38,34,48,43,46
1028,CBCA204,46,45,43,46,45,39,44,46
1029,CBCA201,77,67,73,70,62,69,70,71
1029,CBCA202,62,76,73,79,65,73,71,71
1029,CBCA203,68,71,68,74,73,62,69,71
1029,CBCA204,76,66,76,74,76,71,73,71
1030,CBCA201,79,86,73,75,83,73,78,79
1030,CBCA202,77,80,86,78,77,77,79,79
1030,CBCA203,78,84,79,80,78,81,80,79
1030,CBCA204,77,79,81,80,84,78,80,79
1031,CBCA201,41,54,54,59,45,57,52,53
1031,CBCA202,59,57,51,52,45,60,54,53
1031,CBCA203,51,56,52,47,60,55,54,53
1031,CBCA204,52,50,54,59,57,54,54,53
1032,CBCA201,33,36,24,37,37,39,34,33
1032,CBCA202,26,28,35,28,35,40,32,33
1032,CBCA203,33,24,26,36,39,31,32,33
1032,CBCA204,38,34,33,40,35,27,35,33
1033,CBCA201,86,94,84,88,90,90,89,89
1033,CBCA202,88,94,95,90,86,82,89,89
1033,CBCA203,93,90,89,89,78,87,88,89
1033,CBCA204,98,83,93,91,87,84,89,89
1034,CBCA201,93,88,100,96,92,89,93,93
1034,CBCA202,96,97,88,99,93,91,94,93
1034,CBCA203,90,98,99,90,96,90,94,93
1034,CBCA204,82,87,97,93,88,95,90,93
1035,CBCA201,86,78,72,77,70,76,77,77
1035,CBCA202,88,78,73,83,83,75,80,77
1035,CBCA203,79,74,71,72,77,76,75,77
1035,CBCA204,84,68,71,72,75,85,76,77
1036,CBCA201,64,65,67,66,71,74,68,68
1036,CBCA202,70,66,68,66,68,62,67,68
1036,CBCA203,71,74,67,62,69,63,68,68
1036,CBCA204,77,66,66,63,65,70,68,68
1037,CBCA201,29,31,35,26,29,25,29,29
1037,CBCA202,24,24,24,32,36,30,28,29
1037,CBCA203,26,29,23,30,34,26,28,29
1037,CBCA204,23,28,35,36,30,27,30,29
1038,CBCA201,69,75,74,78,76,73,74,78
1038,CBCA202,88,80,85,73,87,79,82,78
1038,CBCA203,76,84,77,82,75,84,80,78
1038,CBCA204,81,78,81,74,76,67,76,78
1039,CBCA201,48,39,36,35,39,50,41,42
1039,CBCA202,44,36,52,46,35,35,41,42
1039,CBCA203,39,50,36,32,45,48,42,42
1039,CBCA204,47,43,53,38,43,42,44,42
1040,CBCA201,84,84,85,90,90,85,86,86
1040,CBCA202,92,90,82,79,85,89,86,86
1040,CBCA203,89,95,81,79,91,91,88,86
1040,CBCA204,86,87,88,84,83,84,85,86
1041,CBCA201,58,55,67,59,59,56,59,60
1041,CBCA202,54,60,60,59,60,59,59,60
1041,CBCA203,62,64,65,55,57,70,62,60
1041,CBCA204,61,50,62,65,60,68,61,60
1042,CBCA201,39,40,50,37,47,44,43,41
1042,CBCA202,38,48,48,38,43,37,42,41
1042,CBCA203,32,33,42,43,37,28,36,41
1042,CBCA204,42,37,43,42,47,50,44,41
1043,CBCA201,48,54,49,56,55,52,52,52
1043,CBCA202,53,54,44,62,47,50,52,52
1043,CBCA203,55,49,50,52,48,54,51,52
1043,CBCA204,55,52,49,52,54,55,53,52
1044,CBCA201,74,85,82,83,76,75,79,78
1044,CBCA202,82,72,87,83,76,74,79,78
1044,CBCA203,71,81,70,72,73,81,75,78
1044,CBCA204,82,73,80,79,71,86,79,78
1045,CBCA201,89,95,87,94,100,100,94,94
1045,CBCA202,87,95,96,90,93,86,91,94
1045,CBCA203,96,93,96,88,99,100,95,94
1045,CBCA204,84,97,95,93,98,95,94,94
1046,CBCA201,87,86,85,75,91,91,86,85
1046,CBCA202,75,80,82,82,86,94,83,85
1046,CBCA203,76,84,93,86,85,78,84,85
1046,CBCA204,86,96,95,76,81,81,86,85
1047,CBCA201,67,56,60,58,60,66,61,60
1047,CBCA202,60,65,63,54,61,61,61,60
1047,CBCA203,51,65,63,59,64,53,59,60
1047,CBCA204,55,62,65,55,54,63,59,60
1048,CBCA201,78,73,71,74,76,65,73,72
1048,CBCA202,68,68,76,77,66,68,71,72
1048,CBCA203,71,68,70,75,82,77,74,72
1048,CBCA204,71,70,76,66,69,67,70,72
1049,CBCA201,79,74,77,73,89,76,78,79
1049,CBCA202,77,82,80,81,74,73,78,79
1049,CBCA203,85,75,78,84,87,83,82,79
1049,CBCA204,85,81,82,85,73,72,80,79
1050,CBCA201,34,37,41,40,38,45,39,44
1050,CBCA202,51,42,48,49,43,39,45,44
1050,CBCA203,34,50,42,42,54,39,44,44
1050,CBCA204,51,40,53,38,56,53,49,44
1051,CBCA201,72,78,71,71,73,84,75,79
1051,CBCA202,76,78,73,76,88,73,77,79
1051,CBCA203,81,71,90,83,86,86,83,79
1051,CBCA204,81,72,91,78,76,85,81,79
1052,CBCA201,86,80,87,91,81,76,84,85
1052,CBCA202,91,88,93,89,83,84,88,85
1052,CBCA203,76,87,94,76,79,93,84,85
1052,CBCA204,85,81,92,77,83,90,85,85
1053,CBCA201,48,48,52,52,57,62,53,52
1053,CBCA202,54,46,49,42,59,54,51,52
1053,CBCA203,52,52,44,49,46,54,50,52
1053,CBCA204,47,56,57,54,53,59,54,52
1054,CBCA201,70,75,72,80,79,68,74,73
1054,CBCA202,75,75,65,70,74,72,72,73
1054,CBCA203,76,66,72,75,74,68,72,73
1054,CBCA204,72,70,71,80,72,81,74,73
1055,CBCA201,53,51,55,61,58,47,54,53
1055,CBCA202,49,61,52,56,59,58,56,53
1055,CBCA203,60,55,54,43,46,50,51,53
1055,CBCA204,47,44,63,49,48,58,52,53
1056,CBCA201,96,100,92,93,88,97,94,96
1056,CBCA202,91,100,100,100,94,100,98,96
1056,CBCA203,95,97,88,100,100,97,96,96
1056,CBCA204,90,100,100,100,99,98,98,96
1057,CBCA201,100,95,91,97,100,100,97,95
1057,CBCA202,100,95,100,97,93,97,97,95
1057,CBCA203,98,94,89,97,98,90,94,95
1057,CBCA204,86,93,89,91,98,94,92,95
1058,CBCA201,24,33,35,25,34,30,30,28
1058,CBCA202,31,20,32,24,35,20,27,28
1058,CBCA203,36,25,25,27,32,30,29,28
1058,CBCA204,23,31,32,18,30,26,27,28
1059,CBCA201,58,60,54,46,52,56,54,54
1059,CBCA202,46,60,59,51,48,63,55,54
1059,CBCA203,54,55,59,55,53,51,55,54
1059,CBCA204,56,51,59,51,52,56,54,54
1060,CBCA201,69,81,68,79,72,86,76,77
1060,CBCA202,83,85,81,73,78,75,79,77
1060,CBCA203,75,70,73,79,81,73,75,77
1060,CBCA204,78,79,82,73,77,67,76,77
1061,CBCA201,84,85,92,88,78,93,87,87
1061,CBCA202,88,92,93,88,91,88,90,87
1061,CBCA203,77,84,83,86,86,76,82,87
1061,CBCA204,84,92,79,85,97,91,88,87
1062,CBCA201,99,94,83,85,97,98,93,90
1062,CBCA202,97,89,90,92,91,91,92,90
1062,CBCA203,87,88,88,87,85,86,87,90
1062,CBCA204,97,87,89,89,83,81,88,90
1063,CBCA201,63,60,68,69,67,67,66,64
1063,CBCA202,68,67,71,73,71,70,70,64
1063,CBCA203,57,57,59,62,56,61,59,64
1063,CBCA204,69,56,66,69,58,63,64,64
1064,CBCA201,57,62,69,62,73,55,63,61
1064,CBCA202,56,53,55,71,65,58,60,61
1064,CBCA203,63,63,64,71,62,63,64,61
1064,CBCA204,51,61,56,62,56,67,59,61
1065,CBCA201,53,61,57,58,50,58,56,59
1065,CBCA202,58,62,69,55,64,57,61,59
1065,CBCA203,65,52,59,60,55,61,59,59
1065,CBCA204,64,58,51,59,63,62,60,59
1066,CBCA201,51,44,43,51,43,51,47,49
1066,CBCA202,56,55,51,51,45,40,50,49
1066,CBCA203,54,42,49,52,48,56,50,49
1066,CBCA204,57,57,47,49,52,42,51,49
1067,CBCA201,77,71,73,70,70,74,73,75
1067,CBCA202,77,79,71,83,69,74,76,75
1067,CBCA203,67,85,76,68,79,85,77,75
1067,CBCA204,82,71,78,77,75,70,76,75
1068,CBCA201,38,27,24,35,28,30,30,29
1068,CBCA202,38,26,18,33,29,32,29,29
1068,CBCA203,19,36,24,36,39,26,30,29
1068,CBCA204,29,22,19,30,31,38,28,29
1069,CBCA201,92,93,95,100,86,100,94,93
1069,CBCA202,93,83,97,89,89,97,91,93
1069,CBCA203,98,89,100,90,97,92,94,93
1069,CBCA204,86,92,94,96,97,89,92,93
1070,CBCA201,67,72,62,70,68,68,68,68
1070,CBCA202,67,74,62,62,73,76,69,68
1070,CBCA203,77,72,73,56,72,59,68,68
1070,CBCA204,68,59,59,68,69,67,65,68
1071,CBCA201,76,66,70,74,68,67,70,74
1071,CBCA202,82,77,77,65,77,73,75,74
1071,CBCA203,82,74,83,68,73,83,77,74
1071,CBCA204,84,73,82,71,66,66,74,74
1072,CBCA201,59,63,65,48,59,57,59,55
1072,CBCA202,47,56,61,49,54,47,52,55
1072,CBCA203,54,66,49,57,54,56,56,55
1072,CBCA204,52,55,50,44,51,63,53,55
1073,CBCA201,89,83,85,84,78,86,84,83
1073,CBCA202,87,81,75,74,83,85,81,83
1073,CBCA203,78,82,78,87,83,90,83,83
1073,CBCA204,94,79,73,79,86,84,83,83
1074,CBCA201,84,73,88,81,88,93,85,84
1074,CBCA202,83,81,88,78,85,82,83,84
1074,CBCA203,88,76,86,90,87,80,85,84
1074,CBCA204,81,84,89,87,88,84,86,84
1075,CBCA201,21,20,29,23,29,18,23,25
1075,CBCA202,26,26,32,21,23,27,26,25
1075,CBCA203,31,30,25,32,25,27,28,25
1075,CBCA204,16,22,28,31,25,24,24,25
1076,CBCA201,46,54,52,61,49,57,53,51
1076,CBCA202,50,41,57,46,51,42,48,51
1076,CBCA203,50,44,55,48,58,54,52,51
1076,CBCA204,47,56,52,52,53,55,53,51
1077,CBCA201,64,72,73,72,65,62,68,68
1077,CBCA202,70,65,64,71,73,68,69,68
1077,CBCA203,72,73,73,69,67,59,69,68
1077,CBCA204,60,72,64,64,68,62,65,68
1078,CBCA201,88,84,69,80,80,72,79,78
1078,CBCA202,78,81,74,81,76,73,77,78
1078,CBCA203,73,80,71,78,78,74,76,78
1078,CBCA204,81,79,80,77,87,80,81,78
1079,CBCA201,80,81,90,82,91,81,84,85
1079,CBCA202,83,92,75,89,87,88,86,85
1079,CBCA203,86,79,87,93,85,78,85,85
1079,CBCA204,82,92,86,92,76,92,87,85
1080,CBCA201,95,80,78,92,86,86,86,84
1080,CBCA202,80,82,82,82,84,90,83,84
1080,CBCA203,93,86,83,84,81,83,85,84
1080,CBCA204,89,75,90,78,84,81,83,84
1081,CBCA201,59,61,60,64,50,55,58,58
1081,CBCA202,64,65,59,61,48,56,59,58
1081,CBCA203,58,54,59,65,65,55,59,58
1081,CBCA204,55,53,59,49,58,60,56,58
1082,CBCA201,64,64,67,67,71,59,65,66
1082,CBCA202,76,71,74,58,76,70,71,66
1082,CBCA203,59,72,63,62,59,69,64,66
1082,CBCA204,70,60,65,68,67,57,65,66
1083,CBCA201,74,63,69,77,77,63,71,70
1083,CBCA202,66,64,75,70,76,71,70,70
1083,CBCA203,57,78,63,72,64,77,69,70
1083,CBCA204,62,77,76,65,66,79,71,70
1084,CBCA201,76,79,79,82,69,82,78,75
1084,CBCA202,67,64,67,81,75,64,70,75
1084,CBCA203,71,87,71,73,77,75,76,75
1084,CBCA204,79,78,69,69,71,84,75,75
1085,CBCA201,47,51,53,44,54,47,49,50
1085,CBCA202,53,49,50,58,58,47,53,50
1085,CBCA203,47,41,54,53,47,51,49,50
1085,CBCA204,53,51,51,49,51,45,50,50
1086,CBCA201,71,75,63,75,68,67,70,68
1086,CBCA202,66,74,74,56,64,61,66,68
1086,CBCA203,71,68,74,70,76,67,71,68
1086,CBCA204,65,64,65,62,66,60,64,68
1087,CBCA201,58,58,70,59,56,62,61,64
1087,CBCA202,72,68,69,66,69,59,67,64
1087,CBCA203,71,59,60,53,67,66,63,64
1087,CBCA204,58,64,75,59,60,68,64,64
1088,CBCA201,40,35,35,45,42,35,39,42
1088,CBCA202,47,47,50,42,39,37,44,42
1088,CBCA203,40,48,42,41,42,43,43,42
1088,CBCA204,34,46,40,51,46,46,44,42
1089,CBCA201,81,87,88,78,84,87,84,85
1089,CBCA202,87,81,93,81,91,86,87,85
1089,CBCA203,85,89,90,78,82,88,85,85
1089,CBCA204,81,80,86,75,91,81,82,85
1090,CBCA201,75,62,72,63,64,57,66,67
1090,CBCA202,76,74,62,67,59,66,67,67
1090,CBCA203,73,67,62,66,67,64,67,67
1090,CBCA204,60,73,71,68,71,62,68,67
1091,CBCA201,54,52,59,45,48,52,52,52
1091,CBCA202,54,46,59,56,48,50,52,52
1091,CBCA203,57,40,52,48,48,57,50,52
1091,CBCA204,46,59,56,50,53,47,52,52
1092,CBCA201,34,42,43,38,25,42,37,37
1092,CBCA202,40,34,40,39,31,42,38,37
1092,CBCA203,32,36,32,38,35,29,34,37
1092,CBCA204,41,29,35,38,44,39,38,37
1093,CBCA201,0,16,11,11,9,4,9,8
1093,CBCA202,2,10,13,1,13,13,9,8
1093,CBCA203,4,10,11,14,0,5,7,8
1093,CBCA204,10,8,6,5,5,7,7,8
1094,CBCA201,97,93,95,100,100,100,98,97
1094,CBCA202,100,91,99,99,97,100,98,97
1094,CBCA203,100,95,93,97,94,100,97,97
1094,CBCA204,90,94,99,93,100,100,96,97
1095,CBCA201,47,64,56,51,61,52,55,55
1095,CBCA202,62,58,63,50,63,57,59,55
1095,CBCA203,55,52,53,53,52,62,55,55
1095,CBCA204,55,53,50,53,54,53,53,55
1096,CBCA201,85,93,87,90,98,82,89,89
1096,CBCA202,87,94,91,87,97,90,91,89
1096,CBCA203,87,82,79,85,95,86,86,89
1096,CBCA204,93,88,84,88,89,100,90,89
1097,CBCA201,100,100,95,100,94,91,97,96
1097,CBCA202,97,97,97,100,95,100,98,96
1097,CBCA203,100,86,100,100,100,92,96,96
1097,CBCA204,98,91,96,90,93,100,95,96
1098,CBCA201,33,19,26,32,32,25,28,27
1098,CBCA202,25,33,21,28,30,24,27,27
1098,CBCA203,27,26,24,28,25,19,25,27
1098,CBCA204,29,25,27,28,32,29,28,27
1099,CBCA201,22,33,27,34,34,21,29,31
1099,CBCA202,29,36,24,37,28,31,31,31
1099,CBCA203,27,29,34,35,23,24,29,31
1099,CBCA204,39,36,33,30,39,41,36,31
1100,CBCA201,53,56,60,63,66,55,59,60
1100,CBCA202,67,57,70,60,55,55,61,60
1100,CBCA203,64,52,65,55,62,61,60,60
1100,CBCA204,58,69,61,55,50,63,59,60
1101,CBCA201,74,68,68,69,68,82,72,71
1101,CBCA202,77,66,73,67,61,74,70,71
1101,CBCA203,69,72,68,74,68,63,69,71
1101,CBCA204,68,67,82,74,65,76,72,71
1102,CBCA201,68,69,68,79,70,68,70,70
1102,CBCA202,70,68,76,62,60,67,67,70
1102,CBCA203,74,71,75,68,69,71,71,70
1102,CBCA204,69,78,71,65,70,65,70,70
1103,CBCA201,93,92,77,95,82,82,87,88
1103,CBCA202,83,88,82,98,88,87,88,88
1103,CBCA203,89,87,97,84,85,91,89,88
1103,CBCA204,83,83,90,91,86,88,87,88
1104,CBCA201,54,61,51,62,62,62,59,60
1104,CBCA202,56,56,63,61,58,53,58,60
1104,CBCA203,64,69,62,59,60,67,64,60
1104,CBCA204,60,62,56,60,59,64,60,60
1105,CBCA201,37,45,38,40,35,44,40,36
1105,CBCA202,37,35,32,36,29,34,34,36
1105,CBCA203,26,45,37,38,34,43,37,36
1105,CBCA204,31,38,32,32,31,35,33,36
1106,CBCA201,18,20,23,29,25,29,24,25
1106,CBCA202,36,24,20,31,16,29,26,25
1106,CBCA203,23,19,33,25,25,34,27,25
1106,CBCA204,26,22,18,21,22,21,22,25
1107,CBCA201,23,31,35,39,33,33,32,36
1107,CBCA202,37,34,32,37,44,39,37,36
1107,CBCA203,26,40,33,42,45,35,37,36
1107,CBCA204,39,43,35,39,33,45,39,36
1108,CBCA201,44,40,39,42,43,36,41,39
1108,CBCA202,37,47,30,38,44,36,39,39
1108,CBCA203,40,31,34,46,49,35,39,39
1108,CBCA204,33,36,36,38,46,36,38,39
1109,CBCA201,69,67,63,76,66,66,68,70
1109,CBCA202,69,81,72,74,59,79,72,70
1109,CBCA203,68,80,67,68,79,66,71,70
1109,CBCA204,77,67,63,66,80,64,70,70
1110,CBCA201,78,72,81,74,85,84,79,83
1110,CBCA202,81,93,78,82,84,86,84,83
1110,CBCA203,86,85,73,82,81,86,82,83
1110,CBCA204,89,82,84,91,90,83,87,83
1111,CBCA201,32,34,20,31,31,20,28,23
1111,CBCA202,12,15,15,30,26,27,21,23
1111,CBCA203,23,19,31,22,22,27,24,23
1111,CBCA204,12,20,12,24,26,24,20,23
1112,CBCA201,85,84,82,86,87,82,84,84
1112,CBCA202,75,88,80,76,90,80,82,84
1112,CBCA203,90,83,84,92,77,89,86,84
1112,CBCA204,90,87,85,78,85,88,86,84
1113,CBCA201,21,18,17,19,10,14,17,16
1113,CBCA202,11,10,21,9,22,26,17,16
1113,CBCA203,5,5,11,22,11,19,12,16
1113,CBCA204,25,9,19,16,18,25,19,16
1114,CBCA201,95,85,88,84,91,98,90,89
1114,CBCA202,89,83,92,89,95,87,89,89
1114,CBCA203,84,80,92,94,93,80,87,89
1114,CBCA204,84,94,89,91,87,94,90,89
1115,CBCA201,75,81,72,78,85,80,79,79
1115,CBCA202,74,75,78,82,81,79,78,79
1115,CBCA203,77,82,74,89,76,89,81,79
1115,CBCA204,85,82,77,78,75,75,79,79
1116,CBCA201,23,22,30,17,14,21,21,22
1116,CBCA202,27,20,25,19,29,26,24,22
1116,CBCA203,22,15,24,23,16,22,20,22
1116,CBCA204,17,26,18,26,27,25,23,22
1117,CBCA201,30,28,36,30,33,24,30,32
1117,CBCA202,29,32,31,34,33,25,31,32
1117,CBCA203,37,35,38,37,39,29,36,32
1117,CBCA204,28,37,30,26,35,32,31,32
1118,CBCA201,33,32,27,29,29,27,30,30
1118,CBCA202,30,37,30,42,30,27,33,30
1118,CBCA203,40,28,25,24,34,26,30,30
1118,CBCA204,26,32,32,25,20,39,29,30
1119,CBCA201,49,54,55,47,49,47,50,50
1119,CBCA202,51,47,46,44,44,49,47,50
1119,CBCA203,60,52,45,52,57,42,51,50
1119,CBCA204,48,48,56,59,48,52,52,50
1120,CBCA201,50,55,65,61,57,66,59,57
1120,CBCA202,53,56,49,52,56,47,52,57
1120,CBCA203,62,65,66,55,61,53,60,57
1120,CBCA204,60,59,51,59,50,55,56,57
1121,CBCA201,75,75,91,87,83,82,82,85
1121,CBCA202,94,90,85,85,91,79,87,85
1121,CBCA203,87,80,90,84,90,86,86,85
1121,CBCA204,88,79,87,80,86,87,85,85
1122,CBCA201,74,63,68,63,72,65,68,66
1122,CBCA202,56,69,54,68,58,74,63,66
1122,CBCA203,76,62,75,69,61,70,69,66
1122,CBCA204,68,58,66,67,66,63,65,66
1123,CBCA201,78,78,69,79,69,77,75,74
1123,CBCA202,75,71,66,68,81,74,73,74
1123,CBCA203,74,71,77,76,77,79,76,74
1123,CBCA204,72,71,73,76,77,73,74,74
1124,CBCA201,44,52,45,55,44,47,48,51
1124,CBCA202,49,50,52,60,52,51,52,51
1124,CBCA203,53,58,52,47,46,62,53,51
1124,CBCA204,57,42,49,47,56,42,49,51
1125,CBCA201,46,51,58,58,53,52,53,52
1125,CBCA202,49,57,53,55,47,52,52,52
1125,CBCA203,52,47,52,52,43,51,50,52
1125,CBCA204,54,56,54,52,56,52,54,52
1126,CBCA201,55,58,56,64,54,60,58,55
1126,CBCA202,53,63,57,47,55,63,56,55
1126,CBCA203,52,63,53,52,46,55,54,55
1126,CBCA204,50,46,56,55,61,54,54,55
1127,CBCA201,100,97,100,100,86,100,97,95
1127,CBCA202,100,94,90,90,94,94,94,95
1127,CBCA203,85,97,92,100,95,91,93,95
1127,CBCA204,98,95,86,93,100,100,95,95
1128,CBCA201,75,82,78,84,76,75,78,78
1128,CBCA202,82,74,82,75,75,81,78,78
1128,CBCA203,78,79,73,75,78,80,77,78
1128,CBCA204,82,69,70,74,86,82,77,78
1129,CBCA201,65,62,60,58,51,54,58,59
1129,CBCA202,60,63,60,61,52,66,60,59
1129,CBCA203,56,63,58,48,56,50,55,59
1129,CBCA204,62,62,66,53,62,64,62,59
1130,CBCA201,82,82,75,79,88,79,81,78
1130,CBCA202,79,80,66,80,75,77,76,78
1130,CBCA203,83,76,72,85,82,74,79,78
1130,CBCA204,68,81,75,77,78,87,78,78
1131,CBCA201,80,85,86,84,81,84,83,82
1131,CBCA202,74,84,86,83,83,82,82,82
1131,CBCA203,88,84,81,77,78,78,81,82
1131,CBCA204,79,80,75,86,78,84,80,82
1132,CBCA201,80,82,81,76,81,86,81,82
1132,CBCA202,76,82,86,89,86,82,84,82
1132,CBCA203,81,85,80,85,85,75,82,82
1132,CBCA204,83,84,84,73,78,89,82,82
1133,CBCA201,11,10,6,10,7,13,10,14
1133,CBCA202,15,23,15,14,11,12,15,14
1133,CBCA203,21,7,19,10,14,6,13,14
1133,CBCA204,12,22,23,20,16,9,17,14
1134,CBCA201,6,0,10,0,2,0,3,2
1134,CBCA202,5,0,1,0,0,0,1,2
1134,CBCA203,1,0,0,9,3,5,3,2
1134,CBCA204,7,2,0,0,0,0,2,2
1135,CBCA201,71,78,70,76,72,83,75,72
1135,CBCA202,68,71,69,67,78,68,70,72
1135,CBCA203,66,68,71,71,65,77,70,72
1135,CBCA204,79,76,77,77,69,69,75,72
1136,CBCA201,100,91,93,99,95,100,96,95
1136,CBCA202,91,98,97,88,89,95,93,95
1136,CBCA203,93,100,94,100,88,96,95,95
1136,CBCA204,96,92,97,100,100,86,95,95
1137,CBCA201,94,100,96,100,96,100,98,98
1137,CBCA202,100,100,98,96,100,92,98,98
1137,CBCA203,96,100,99,98,100,100,99,98
1137,CBCA204,97,89,100,100,100,100,98,98
1138,CBCA201,18,20,20,25,25,25,22,23
1138,CBCA202,26,18,30,31,32,21,26,23
1138,CBCA203,21,17,29,13,24,27,22,23
1138,CBCA204,17,31,16,29,25,16,22,23
1139,CBCA201,100,100,100,100,94,94,98,98
1139,CBCA202,99,100,100,100,99,100,100,98
1139,CBCA203,97,98,96,91,90,100,95,98
1139,CBCA204,100,93,100,100,100,100,99,98
1140,CBCA201,49,50,57,56,50,58,53,57
1140,CBCA202,64,59,48,68,61,66,61,57
1140,CBCA203,68,55,57,62,48,46,56,57
1140,CBCA204,55,51,65,51,62,61,58,57
1141,CBCA201,46,40,45,46,49,45,45,49
1141,CBCA202,51,52,59,57,56,45,53,49
1141,CBCA203,61,50,54,42,53,50,52,49
1141,CBCA204,53,50,47,48,40,38,46,49
1142,CBCA201,25,21,27,23,15,21,22,22
1142,CBCA202,25,14,18,19,19,21,19,22
1142,CBCA203,34,22,24,24,21,22,25,22
1142,CBCA204,27,22,19,28,21,23,23,22
1143,CBCA201,93,87,93,82,84,93,89,87
1143,CBCA202,84,84,86,88,93,83,86,87
1143,CBCA203,85,90,81,86,89,78,85,87
1143,CBCA204,85,80,86,93,92,96,89,87
1144,CBCA201,94,92,97,85,90,96,92,92
1144,CBCA202,87,96,88,98,85,93,91,92
1144,CBCA203,88,88,94,98,89,95,92,92
1144,CBCA204,91,94,98,88,90,99,93,92
1145,CBCA201,12,0,3,2,6,10,6,5
1145,CBCA202,10,0,6,9,1,1,5,5
1145,CBCA203,5,5,1,0,8,9,5,5
1145,CBCA204,6,4,14,9,8,0,7,5
1146,CBCA201,0,0,4,1,0,4,2,2
1146,CBCA202,0,6,7,0,0,4,3,2
1146,CBCA203,0,2,4,3,0,5,2,2
1146,CBCA204,0,3,2,0,0,4,2,2
1147,CBCA201,98,100,87,95,91,98,95,94
1147,CBCA202,85,100,100,97,89,100,95,94
1147,CBCA203,98,97,88,100,96,91,95,94
1147,CBCA204,94,86,92,92,93,91,91,94
1148,CBCA201,82,91,83,98,87,85,88,88
1148,CBCA202,90,81,89,96,86,83,88,88
1148,CBCA203,86,90,86,90,84,99,89,88
1148,CBCA204,80,91,78,89,85,94,86,88
1149,CBCA201,72,70,63,70,67,74,69,69
1149,CBCA202,72,73,72,68,75,67,71,69
1149,CBCA203,63,60,70,74,68,71,68,69
1149,CBCA204,69,72,68,59,65,76,68,69
1150,CBCA201,75,72,60,62,68,76,69,70
1150,CBCA202,69,71,63,70,73,66,69,70
1150,CBCA203,78,70,81,70,69,71,73,70
1150,CBCA204,66,64,72,73,67,64,68,70
1151,CBCA201,99,99,100,99,100,97,99,97
1151,CBCA202,100,100,96,86,100,100,97,97
1151,CBCA203,90,93,100,100,100,98,97,97
1151,CBCA204,98,100,94,94,94,92,95,97
1152,CBCA201,0,2,4,0,5,0,2,3
1152,CBCA202,6,0,0,0,3,2,2,3
1152,CBCA203,0,0,0,3,0,4,1,3
1152,CBCA204,3,9,6,3,10,6,6,3
1153,CBCA201,47,46,52,44,50,47,48,51
1153,CBCA202,60,53,51,44,50,50,51,51
1153,CBCA203,49,56,54,52,49,53,52,51
1153,CBCA204,52,50,59,58,42,51,52,51
1154,CBCA201,91,88,83,99,90,83,89,89
1154,CBCA202,87,86,84,87,85,88,86,89
1154,CBCA203,82,86,94,95,90,100,91,89
1154,CBCA204,90,91,80,90,90,86,88,89
1155,CBCA201,18,16,29,19,20,13,19,19
1155,CBCA202,20,20,15,15,23,20,19,19
1155,CBCA203,17,24,24,19,9,19,19,19
1155,CBCA204,26,11,24,22,15,20,20,19
1156,CBCA201,83,69,82,86,83,79,80,80
1156,CBCA202,84,80,73,78,73,88,79,80
1156,CBCA203,79,78,77,79,81,86,80,80
1156,CBCA204,83,76,79,78,77,83,79,80
1157,CBCA201,63,77,72,72,77,64,71,69
1157,CBCA202,68,71,70,63,68,66,68,69
1157,CBCA203,70,74,68,60,75,59,68,69
1157,CBCA204,71,68,74,67,64,65,68,69
1158,CBCA201,40,42,51,52,51,58,49,48
1158,CBCA202,46,46,51,53,57,50,51,48
1158,CBCA203,52,37,37,42,52,52,45,48
1158,CBCA204,42,46,49,42,46,49,46,48
1159,CBCA201,91,88,81,91,79,94,87,85
1159,CBCA202,94,83,75,86,85,82,84,85
1159,CBCA203,88,82,76,86,81,89,84,85
1159,CBCA204,80,87,89,82,83,84,84,85
1160,CBCA201,71,57,67,58,61,67,64,60
1160,CBCA202,67,57,58,48,61,65,59,60
1160,CBCA203,59,49,62,67,60,63,60,60
1160,CBCA204,56,52,57,59,59,55,56,60
1161,CBCA201,46,37,26,29,31,34,34,35
1161,CBCA202,29,35,39,35,29,32,33,35
1161,CBCA203,39,40,30,44,40,44,40,35
1161,CBCA204,36,32,31,32,44,27,34,35
1162,CBCA201,31,28,19,15,23,19,23,20
1162,CBCA202,25,9,19,9,19,14,16,20
1162,CBCA203,21,20,17,18,14,20,18,20
1162,CBCA204,25,15,25,19,22,25,22,20
1163,CBCA201,65,57,72,73,69,56,65,63
1163,CBCA202,53,70,68,63,62,66,64,63
1163,CBCA203,73,59,61,59,54,73,63,63
1163,CBCA204,60,60,51,69,63,62,61,63
1164,CBCA201,68,65,70,69,73,75,70,67
1164,CBCA202,70,73,65,68,67,67,68,67
1164,CBCA203,63,67,66,61,63,60,63,67
1164,CBCA204,63,62,68,63,68,75,67,67
1165,CBCA201,93,89,89,94,100,98,94,92
1165,CBCA202,84,91,99,94,87,100,93,92
1165,CBCA203,86,92,84,95,95,92,91,92
1165,CBCA204,85,93,90,95,89,94,91,92
1166,CBCA201,74,86,86,81,69,75,79,78
1166,CBCA202,90,86,74,78,68,82,80,78
1166,CBCA203,77,79,71,77,70,78,75,78
1166,CBCA204,77,68,84,88,83,74,79,78
1167,CBCA201,25,23,24,21,21,15,22,20
1167,CBCA202,11,27,19,31,26,15,22,20
1167,CBCA203,11,16,29,12,24,19,19,20
1167,CBCA204,17,27,19,12,24,16,19,20
1168,CBCA201,73,90,78,74,81,80,79,79
1168,CBCA202,73,87,77,71,79,73,77,79
1168,CBCA203,76,80,85,82,85,76,81,79
1168,CBCA204,76,75,79,88,76,85,80,79
1169,CBCA201,66,63,63,70,64,63,65,65
1169,CBCA202,70,69,71,65,62,54,65,65
1169,CBCA203,59,71,67,57,66,63,64,65
1169,CBCA204,77,58,68,65,66,65,67,65
1170,CBCA201,92,100,86,95,89,94,93,95
1170,CBCA202,96,99,99,92,100,86,95,95
1170,CBCA203,92,91,100,100,95,98,96,95
1170,CBCA204,100,99,93,96,87,100,96,95
1171,CBCA201,31,21,17,20,8,14,19,20
1171,CBCA202,29,16,26,12,23,25,22,20
1171,CBCA203,21,27,13,19,9,28,20,20
1171,CBCA204,23,23,16,17,18,28,21,20
1172,CBCA201,89,95,83,98,84,88,90,90
1172,CBCA202,94,83,86,96,92,90,90,90
1172,CBCA203,99,88,87,92,92,92,92,90
1172,CBCA204,96,95,90,88,83,87,90,90
1173,CBCA201,79,87,89,82,93,75,84,83
1173,CBCA202,80,86,91,83,85,80,84,83
1173,CBCA203,85,74,91,77,81,88,83,83
1173,CBCA204,86,85,79,79,82,80,82,83
1174,CBCA201,70,79,72,78,74,77,75,73
1174,CBCA202,72,74,77,67,74,78,74,73
1174,CBCA203,74,73,63,73,65,64,69,73
1174,CBCA204,76,77,79,78,74,72,76,73
1175,CBCA201,69,67,63,63,62,65,65,66
1175,CBCA202,66,66,67,70,75,60,67,66
1175,CBCA203,69,63,66,71,56,71,66,66
1175,CBCA204,71,67,67,61,66,68,67,66
1176,CBCA201,33,37,25,29,32,43,33,35
1176,CBCA202,43,40,40,32,29,32,36,35
1176,CBCA203,39,33,37,35,37,43,37,35
1176,CBCA204,28,36,31,32,33,30,32,35
1177,CBCA201,32,26,30,24,22,32,28,27
1177,CBCA202,33,25,24,33,25,25,28,27
1177,CBCA203,32,26,22,26,25,21,25,27
1177,CBCA204,23,25,25,30,38,23,27,27
1178,CBCA201,45,50,55,52,50,51,51,49
1178,CBCA202,42,58,50,57,49,39,49,49
1178,CBCA203,55,42,42,45,45,46,46,49
1178,CBCA204,45,56,46,49,59,52,51,49
1179,CBCA201,61,56,60,65,57,61,60,64
1179,CBCA202,63,62,72,71,68,67,67,64
1179,CBCA203,68,68,59,67,70,69,67,64
1179,CBCA204,64,64,62,61,66,56,62,64
1180,CBCA201,56,60,44,58,48,54,53,54
1180,CBCA202,48,61,54,52,54,57,54,54
1180,CBCA203,44,65,52,47,61,60,55,54
1180,CBCA204,52,61,49,45,54,62,54,54
1181,CBCA201,68,69,65,69,78,70,70,68
1181,CBCA202,60,66,79,65,64,66,67,68
1181,CBCA203,79,75,62,67,71,59,69,68
1181,CBCA204,66,65,70,64,58,71,66,68
1182,CBCA201,60,64,61,49,54,50,56,57
1182,CBCA202,49,56,53,63,65,52,56,57
1182,CBCA203,67,57,57,62,61,52,59,57
1182,CBCA204,61,64,61,49,53,54,57,57
1183,CBCA201,55,58,58,59,61,60,59,61
1183,CBCA202,64,70,60,62,56,61,62,61
1183,CBCA203,62,65,60,60,64,60,62,61
1183,CBCA204,58,69,60,59,66,64,63,61
1184,CBCA201,84,90,92,90,94,83,89,89
1184,CBCA202,89,87,92,83,96,83,88,89
1184,CBCA203,82,86,94,90,89,92,89,89
1184,CBCA204,89,97,94,79,86,89,89,89
1185,CBCA201,61,49,56,59,59,60,57,57
1185,CBCA202,58,52,64,62,55,49,57,57
1185,CBCA203,47,54,63,56,57,55,55,57
1185,CBCA204,64,65,62,49,56,55,59,57
1186,CBCA201,84,100,90,90,88,86,90,89
1186,CBCA202,91,95,90,93,96,80,91,89
1186,CBCA203,84,86,83,92,93,98,89,89
1186,CBCA204,82,94,86,91,80,93,88,89
1187,CBCA201,53,54,59,54,44,49,52,54
1187,CBCA202,53,60,59,56,53,55,56,54
1187,CBCA203,48,59,47,55,50,59,53,54
1187,CBCA204,51,52,56,49,57,62,55,54
1188,CBCA201,18,18,18,31,16,26,21,21
1188,CBCA202,17,21,15,24,15,17,18,21
1188,CBCA203,14,16,25,27,25,14,20,21
1188,CBCA204,19,26,18,32,27,18,23,21
1189,CBCA201,79,83,87,80,88,83,83,85
1189,CBCA202,87,81,83,90,82,87,85,85
1189,CBCA203,83,84,92,88,91,92,88,85
1189,CBCA204,84,86,86,86,82,80,84,85
1190,CBCA201,100,100,95,100,90,100,98,98
1190,CBCA202,93,95,100,90,97,100,96,98
1190,CBCA203,97,100,100,100,100,100,100,98
1190,CBCA204,100,100,99,99,100,94,99,98
1191,CBCA201,84,87,84,96,85,95,89,88
1191,CBCA202,91,96,81,90,84,81,87,88
1191,CBCA203,93,86,90,88,92,95,91,88
1191,CBCA204,87,81,86,87,84,90,86,88
1192,CBCA201,72,67,67,60,75,71,69,71
1192,CBCA202,74,74,73,75,72,61,72,71
1192,CBCA203,72,68,73,69,78,71,72,71
1192,CBCA204,73,76,67,74,67,67,71,71
1193,CBCA201,70,59,66,60,63,70,65,63
1193,CBCA202,60,62,59,66,65,54,61,63
1193,CBCA203,58,67,61,69,53,67,63,63
1193,CBCA204,59,63,61,70,66,58,63,63
1194,CBCA201,90,93,98,88,89,100,93,95
1194,CBCA202,97,98,99,100,98,93,98,95
1194,CBCA203,94,83,100,92,93,100,94,95
1194,CBCA204,97,97,100,86,100,100,97,95
1195,CBCA201,69,69,56,64,57,49,61,60
1195,CBCA202,61,59,56,55,62,55,58,60
1195,CBCA203,63,57,60,62,62,57,60,60
1195,CBCA204,70,60,56,48,59,66,60,60
1196,CBCA201,85,83,90,86,75,81,83,81
1196,CBCA202,86,84,82,82,76,87,83,81
1196,CBCA203,82,82,75,86,76,76,80,81
1196,CBCA204,75,85,74,80,78,86,80,81
1197,CBCA201,36,25,24,30,40,24,30,34
1197,CBCA202,33,41,35,31,23,33,33,34
1197,CBCA203,35,34,43,33,38,36,37,34
1197,CBCA204,41,39,31,35,39,30,36,34
1198,CBCA201,68,68,63,60,72,64,66,66
1198,CBCA202,68,64,64,62,68,64,65,66
1198,CBCA203,72,67,73,70,70,62,69,66
1198,CBCA204,75,66,64,63,64,63,66,66
1199,CBCA201,87,82,90,79,89,82,85,86
1199,CBCA202,84,90,85,77,84,86,84,86
1199,CBCA203,92,88,93,92,89,80,89,86
1199,CBCA204,82,87,83,86,86,90,86,86
1200,CBCA201,62,60,60,61,78,73,66,66
1200,CBCA202,75,62,75,60,61,70,67,66
1200,CBCA203,64,60,67,62,74,71,66,66
1200,CBCA204,62,64,67,58,60,67,63,66
1201,CBCA201,88,76,91,77,76,88,83,83
1201,CBCA202,81,93,80,85,85,80,84,83
1201,CBCA203,81,85,78,81,85,90,83,83
1201,CBCA204,78,82,80,87,84,83,82,83
1202,CBCA201,74,71,70,73,72,61,70,72
1202,CBCA202,69,76,69,68,73,76,72,72
1202,CBCA203,76,80,69,77,70,69,74,72
1202,CBCA204,66,69,79,79,80,66,73,72
1203,CBCA201,28,41,44,32,37,34,36,35
1203,CBCA202,27,40,29,40,45,34,36,35
1203,CBCA203,32,28,38,23,43,39,34,35
1203,CBCA204,31,31,29,30,34,41,33,35
1204,CBCA201,63,68,66,76,67,71,69,69
1204,CBCA202,76,63,68,72,70,67,69,69
1204,CBCA203,64,68,79,59,74,71,69,69
1204,CBCA204,73,68,62,78,60,69,68,69
1205,CBCA201,82,77,86,84,83,74,81,81
1205,CBCA202,81,79,70,83,74,76,77,81
1205,CBCA203,85,85,92,74,81,88,84,81
1205,CBCA204,86,79,81,78,88,81,82,81
1206,CBCA201,45,52,60,48,47,59,52,55
1206,CBCA202,54,49,49,66,48,48,52,55
1206,CBCA203,59,58,66,46,55,59,57,55
1206,CBCA204,55,56,65,53,59,56,57,55
1207,CBCA201,59,70,68,55,72,56,63,60
1207,CBCA202,56,56,66,59,57,52,58,60
1207,CBCA203,65,50,65,56,63,61,60,60
1207,CBCA204,60,61,64,60,55,57,60,60
1208,CBCA201,87,87,96,98,96,99,94,89
1208,CBCA202,82,85,85,91,81,89,86,89
1208,CBCA203,99,89,89,88,78,94,90,89
1208,CBCA204,88,89,87,88,90,84,88,89
1209,CBCA201,88,95,91,86,91,85,89,90
1209,CBCA202,96,86,95,87,89,94,91,90
1209,CBCA203,87,94,84,92,89,89,89,90
1209,CBCA204,84,99,98,83,87,86,90,90
1210,CBCA201,81,66,67,79,70,75,73,72
1210,CBCA202,81,66,70,68,70,74,72,72
1210,CBCA203,80,69,72,76,69,76,74,72
1210,CBCA204,65,71,78,69,75,67,71,72
1211,CBCA201,23,34,41,28,31,26,31,31
1211,CBCA202,36,35,28,36,40,24,33,31
1211,CBCA203,32,24,29,36,39,30,32,31
1211,CBCA204,23,27,37,30,34,26,30,31
1212,CBCA201,63,58,58,67,62,66,62,62
1212,CBCA202,64,70,53,66,65,53,62,62
1212,CBCA203,67,65,50,64,67,58,62,62
1212,CBCA204,66,69,65,51,55,61,61,62
1213,CBCA201,69,73,82,66,78,77,74,74
1213,CBCA202,75,76,66,67,73,78,73,74
1213,CBCA203,85,73,81,82,76,65,77,74
1213,CBCA204,75,82,68,72,77,68,74,74
1214,CBCA201,57,47,61,58,61,61,58,55
1214,CBCA202,49,50,62,49,59,58,55,55
1214,CBCA203,53,48,58,60,59,48,54,55
1214,CBCA204,52,56,51,59,51,63,55,55
1215,CBCA201,93,95,98,99,91,91,95,93
1215,CBCA202,100,88,99,91,95,99,95,93
1215,CBCA203,88,90,93,83,96,90,90,93
1215,CBCA204,91,87,96,95,86,90,91,93
1216,CBCA201,89,92,84,85,86,90,88,90
1216,CBCA202,82,91,95,93,94,91,91,90
1216,CBCA203,92,82,89,85,87,95,88,90
1216,CBCA204,93,100,95,93,88,91,93,90
1217,CBCA201,56,57,67,61,53,59,59,58
1217,CBCA202,58,55,50,59,57,67,58,58
1217,CBCA203,52,48,60,54,54,56,54,58
1217,CBCA204,65,56,60,60,58,63,60,58
1218,CBCA201,60,49,55,52,53,58,55,53
1218,CBCA202,47,58,55,50,60,47,53,53
1218,CBCA203,50,58,54,53,52,46,52,53
1218,CBCA204,55,62,54,50,56,43,53,53
1219,CBCA201,66,69,60,65,62,64,64,64
1219,CBCA202,62,65,75,61,55,65,64,64
1219,CBCA203,66,65,73,73,59,67,67,64
1219,CBCA204,56,61,69,61,69,56,62,64
1220,CBCA201,15,18,14,9,12,11,13,15
1220,CBCA202,19,13,19,21,3,24,17,15
1220,CBCA203,18,22,23,13,13,21,18,15
1220,CBCA204,7,7,21,18,6,9,11,15
1221,CBCA201,75,86,87,74,76,68,78,77
1221,CBCA202,74,76,85,73,80,76,77,77
1221,CBCA203,75,75,77,78,69,78,75,77
1221,CBCA204,81,75,84,69,70,84,77,77
1222,CBCA201,65,66,71,59,63,61,64,69
1222,CBCA202,66,63,74,66,72,76,70,69
1222,CBCA203,71,66,79,67,73,62,70,69
1222,CBCA204,65,61,80,80,77,67,72,69
1223,CBCA201,78,83,74,71,71,77,76,77
1223,CBCA202,69,70,82,83,85,80,78,77
1223,CBCA203,80,79,78,69,80,72,76,77
1223,CBCA204,78,85,72,83,79,81,80,77
1224,CBCA201,50,45,50,48,39,40,45,48
1224,CBCA202,52,54,48,47,48,54,51,48
1224,CBCA203,38,58,54,40,60,46,49,48
1224,CBCA204,48,49,47,48,48,52,49,48
1225,CBCA201,33,34,29,25,31,35,31,31
1225,CBCA202,30,29,34,39,24,29,31,31
1225,CBCA203,27,35,26,26,27,29,28,31
1225,CBCA204,34,39,23,31,30,42,33,31
1226,CBCA201,94,100,97,90,100,96,96,98
1226,CBCA202,100,93,100,98,100,99,98,98
1226,CBCA203,96,100,100,94,97,94,97,98
1226,CBCA204,100,99,100,99,100,100,100,98
1227,CBCA201,79,85,98,89,92,98,90,90
1227,CBCA202,85,94,84,92,88,91,89,90
1227,CBCA203,97,91,92,84,91,84,90,90
1227,CBCA204,93,96,90,92,91,87,92,90
1228,CBCA201,95,84,100,99,86,96,93,94
1228,CBCA202,100,91,97,97,96,97,96,94
1228,CBCA203,99,98,95,89,85,93,93,94
1228,CBCA204,94,88,96,93,94,100,94,94
1229,CBCA201,91,81,87,95,85,91,88,88
1229,CBCA202,88,82,91,91,81,87,87,88
1229,CBCA203,81,81,93,100,87,79,87,88
1229,CBCA204,94,90,89,100,86,93,92,88
1230,CBCA201,93,80,89,91,77,93,87,86
1230,CBCA202,90,77,84,83,81,90,84,86
1230,CBCA203,78,90,81,85,97,87,86,86
1230,CBCA204,89,88,96,85,87,78,87,86
1231,CBCA201,54,38,46,43,47,42,45,47
1231,CBCA202,51,44,53,41,42,52,47,47
1231,CBCA203,50,54,46,43,36,48,46,47
1231,CBCA204,56,47,52,37,51,49,49,47
1232,CBCA201,76,80,80,79,81,81,80,81
1232,CBCA202,84,80,86,79,77,78,81,81
1232,CBCA203,84,74,74,85,77,85,80,81
1232,CBCA204,84,83,81,80,85,80,82,81
1233,CBCA201,46,44,50,43,43,49,46,46
1233,CBCA202,39,51,43,52,55,47,48,46
1233,CBCA203,42,40,40,56,48,50,46,46
1233,CBCA204,53,41,50,43,41,49,46,46
1234,CBCA201,68,69,68,67,65,75,69,70
1234,CBCA202,62,77,61,74,72,80,71,70
1234,CBCA203,76,70,71,68,74,66,71,70
1234,CBCA204,64,68,66,70,70,70,68,70
1235,CBCA201,71,60,55,57,65,59,61,65
1235,CBCA202,64,74,64,60,61,70,66,65
1235,CBCA203,74,60,55,69,66,60,64,65
1235,CBCA204,62,67,69,58,75,74,68,65
1236,CBCA201,70,78,70,75,71,79,74,74
1236,CBCA202,68,72,72,84,76,78,75,74
1236,CBCA203,78,73,81,69,80,70,75,74
1236,CBCA204,72,73,75,75,77,70,74,74
1237,CBCA201,76,73,77,82,74,77,77,74
1237,CBCA202,68,72,67,81,73,71,72,74
1237,CBCA203,76,71,82,72,72,66,73,74
1237,CBCA204,76,83,77,77,69,71,76,74
1238,CBCA201,15,15,8,5,17,7,11,12
1238,CBCA202,10,14,12,4,9,14,11,12
1238,CBCA203,13,8,9,15,19,9,12,12
1238,CBCA204,6,3,16,22,17,14,13,12
1239,CBCA201,48,52,47,56,61,41,51,53
1239,CBCA202,45,46,56,57,60,44,51,53
1239,CBCA203,47,57,59,55,59,48,54,53
1239,CBCA204,58,57,47,54,51,55,54,53
1240,CBCA201,72,65,80,78,70,77,74,74
1240,CBCA202,75,82,65,74,80,75,75,74
1240,CBCA203,76,82,62,71,67,76,72,74
1240,CBCA204,78,67,79,83,72,62,74,74
1241,CBCA201,80,75,75,72,86,79,78,80
1241,CBCA202,78,79,83,85,89,78,82,80
1241,CBCA203,74,84,75,88,82,83,81,80
1241,CBCA204,80,84,84,80,84,74,81,80
1242,CBCA201,81,78,71,80,84,70,77,75
1242,CBCA202,63,63,82,73,76,82,73,75
1242,CBCA203,67,74,64,73,78,66,70,75
1242,CBCA204,82,71,82,71,77,80,77,75
1243,CBCA201,63,74,72,73,79,69,72,72
1243,CBCA202,78,66,79,67,79,79,75,72
1243,CBCA203,60,67,65,77,74,66,68,72
1243,CBCA204,77,69,74,75,66,71,72,72
1244,CBCA201,42,52,49,52,56,52,51,49
1244,CBCA202,49,47,44,48,49,52,48,49
1244,CBCA203,47,55,43,45,49,53,49,49
1244,CBCA204,51,52,52,51,44,45,49,49
1245,CBCA201,50,42,36,44,55,50,46,47
1245,CBCA202,45,45,53,43,44,53,47,47
1245,CBCA203,41,35,40,53,47,55,45,47
1245,CBCA204,49,49,55,43,52,47,49,47
1246,CBCA201,84,87,73,76,80,89,82,82
1246,CBCA202,79,78,77,83,86,73,79,82
1246,CBCA203,84,76,89,83,85,80,83,82
1246,CBCA204,90,77,89,79,79,89,84,82
1247,CBCA201,75,73,81,89,84,68,78,78
1247,CBCA202,73,79,75,75,74,71,75,78
1247,CBCA203,75,77,85,79,77,86,80,78
1247,CBCA204,72,77,85,81,82,70,78,78
1248,CBCA201,58,69,69,69,62,64,65,65
1248,CBCA202,68,67,61,65,64,70,66,65
1248,CBCA203,61,54,59,63,73,62,62,65
1248,CBCA204,63,64,64,68,68,66,66,65
1249,CBCA201,71,73,71,76,74,81,74,77
1249,CBCA202,85,79,75,74,74,70,76,77
1249,CBCA203,71,81,74,86,69,87,78,77
1249,CBCA204,82,80,72,75,83,73,78,77
1250,CBCA201,70,75,62,56,56,66,64,66
1250,CBCA202,68,62,66,71,61,60,65,66
1250,CBCA203,58,77,73,78,60,68,69,66
1250,CBCA204,68,63,59,73,66,67,66,66
1251,CBCA201,46,55,42,59,45,41,48,51
1251,CBCA202,51,55,57,62,44,44,52,51
1251,CBCA203,54,49,53,59,55,50,53,51
1251,CBCA204,48,53,56,47,59,43,51,51
1252,CBCA201,69,63,67,66,66,68,67,62
1252,CBCA202,63,55,61,65,54,53,59,62
1252,CBCA203,60,60,58,64,60,61,61,62
1252,CBCA204,56,59,63,65,60,62,61,62
1253,CBCA201,63,73,75,71,64,77,71,70
1253,CBCA202,78,67,77,73,65,66,71,70
1253,CBCA203,74,69,69,67,71,68,70,70
1253,CBCA204,63,66,67,75,71,68,68,70
1254,CBCA201,50,52,49,48,56,52,51,52
1254,CBCA202,61,53,60,47,43,57,54,52
1254,CBCA203,43,54,57,52,59,50,53,52
1254,CBCA204,47,45,58,54,47,56,51,52
1255,CBCA201,54,42,51,50,53,44,49,51
1255,CBCA202,58,41,53,52,46,43,49,51
1255,CBCA203,55,53,58,47,54,60,55,51
1255,CBCA204,59,51,58,58,49,44,53,51
1256,CBCA201,47,45,36,46,43,53,45,45
1256,CBCA202,50,51,40,36,55,42,46,45
1256,CBCA203,56,39,41,51,33,43,44,45
1256,CBCA204,51,51,40,52,41,45,47,45
1257,CBCA201,21,12,16,22,17,19,18,18
1257,CBCA202,6,19,19,16,27,27,19,18
1257,CBCA203,23,17,23,20,7,12,17,18
1257,CBCA204,26,15,23,11,30,14,20,18
1258,CBCA201,59,58,63,62,48,48,56,57
1258,CBCA202,64,52,56,51,59,61,57,57
1258,CBCA203,53,53,65,58,49,56,56,57
1258,CBCA204,60,61,48,56,59,59,57,57
1259,CBCA201,31,36,30,28,23,35,31,33
1259,CBCA202,28,38,32,40,36,32,34,33
1259,CBCA203,40,24,35,31,32,33,33,33
1259,CBCA204,40,39,30,35,37,25,34,33
1260,CBCA201,56,65,65,52,53,55,58,57
1260,CBCA202,56,53,51,65,58,49,55,57
1260,CBCA203,54,56,55,50,52,52,53,57
1260,CBCA204,57,63,64,67,49,66,61,57
1261,CBCA201,86,81,82,90,81,77,83,81
1261,CBCA202,79,73,85,77,87,70,79,81
1261,CBCA203,86,84,74,84,90,77,83,81
1261,CBCA204,71,87,85,87,83,78,82,81
1262,CBCA201,86,82,86,83,75,81,82,82
1262,CBCA202,78,74,79,83,89,85,81,82
1262,CBCA203,75,87,90,79,80,89,83,82
1262,CBCA204,74,83,74,84,89,90,82,82
1263,CBCA201,5,1,10,7,5,13,7,8
1263,CBCA202,10,14,16,12,13,12,13,8
1263,CBCA203,15,8,3,2,18,6,9,8
1263,CBCA204,8,7,4,8,1,3,5,8
1264,CBCA201,68,81,71,75,75,77,75,75
1264,CBCA202,71,81,67,79,80,84,77,75
1264,CBCA203,74,80,68,71,66,71,72,75
1264,CBCA204,78,82,68,84,68,75,76,75
1265,CBCA201,62,73,60,75,61,58,65,66
1265,CBCA202,71,64,66,73,65,64,67,66
1265,CBCA203,61,59,55,61,70,68,62,66
1265,CBCA204,72,70,69,72,71,72,71,66
1266,CBCA201,68,61,59,60,60,69,63,64
1266,CBCA202,64,58,76,69,53,54,62,64
1266,CBCA203,65,60,70,65,64,73,66,64
1266,CBCA204,66,67,64,58,73,70,66,64
1267,CBCA201,100,94,97,99,89,100,97,96
1267,CBCA202,96,94,92,93,100,100,96,96
1267,CBCA203,99,100,86,98,91,100,96,96
1267,CBCA204,100,94,98,91,97,90,95,96
1268,CBCA201,80,79,86,85,71,87,81,80
1268,CBCA202,81,74,76,84,79,91,81,80
1268,CBCA203,82,83,79,80,80,76,80,80
1268,CBCA204,81,80,73,79,79,73,78,80
1269,CBCA201,90,95,78,84,98,88,89,89
1269,CBCA202,94,81,94,89,85,86,88,89
1269,CBCA203,93,93,85,90,93,99,92,89
1269,CBCA204,89,84,85,100,87,83,88,89
1270,CBCA201,72,81,78,74,68,78,75,75
1270,CBCA202,83,76,65,75,78,77,76,75
1270,CBCA203,76,65,78,77,70,70,73,75
1270,CBCA204,77,81,78,71,76,78,77,75
1271,CBCA201,30,29,36,33,34,28,32,31
1271,CBCA202,33,24,37,27,23,31,29,31
1271,CBCA203,41,31,30,32,39,30,34,31
1271,CBCA204,38,34,27,30,23,28,30,31
1272,CBCA201,13,23,25,21,31,26,23,23
1272,CBCA202,26,30,15,28,25,20,24,23
1272,CBCA203,25,20,26,20,27,27,24,23
1272,CBCA204,17,18,23,27,26,21,22,23
1273,CBCA201,50,58,64,60,52,58,57,60
1273,CBCA202,54,61,61,58,67,53,59,60
1273,CBCA203,52,71,71,71,60,62,65,60
1273,CBCA204,65,61,54,54,63,66,61,60
1274,CBCA201,52,64,61,49,52,52,55,54
1274,CBCA202,54,46,58,57,51,61,55,54
1274,CBCA203,51,55,50,43,59,43,50,54
1274,CBCA204,55,62,58,51,52,62,57,54
1275,CBCA201,76,78,65,64,66,80,72,72
1275,CBCA202,68,79,71,67,67,69,70,72
1275,CBCA203,80,66,74,77,73,76,74,72
1275,CBCA204,70,74,70,71,79,71,73,72
1276,CBCA201,65,64,66,69,78,68,68,67
1276,CBCA202,74,64,75,63,58,63,66,67
1276,CBCA203,70,64,71,68,70,60,67,67
1276,CBCA204,57,70,67,65,74,73,68,67
1277,CBCA201,85,80,71,84,83,78,80,81
1277,CBCA202,78,79,79,86,80,83,81,81
1277,CBCA203,76,82,74,78,83,90,81,81
1277,CBCA204,76,84,77,77,86,85,81,81
1278,CBCA201,46,54,44,63,50,46,51,49
1278,CBCA202,44,56,45,45,54,50,49,49
1278,CBCA203,45,53,54,55,42,46,49,49
1278,CBCA204,42,50,51,53,51,46,49,49
1279,CBCA201,60,56,59,62,45,53,56,56
1279,CBCA202,55,54,53,57,46,63,55,56
1279,CBCA203,60,51,55,61,54,62,57,56
1279,CBCA204,64,56,60,50,62,55,58,56
1280,CBCA201,43,41,28,42,25,31,35,35
1280,CBCA202,39,37,43,40,34,41,39,35
1280,CBCA203,35,26,34,32,35,30,32,35
1280,CBCA204,32,38,28,29,36,29,32,35
1281,CBCA201,66,63,55,54,59,63,60,60
1281,CBCA202,60,70,62,54,50,68,61,60
1281,CBCA203,59,66,57,59,58,58,60,60
1281,CBCA204,61,57,57,57,63,59,59,60
1282,CBCA201,65,69,71,59,71,61,66,66
1282,CBCA202,54,73,66,67,65,72,66,66
1282,CBCA203,66,62,62,70,70,67,66,66
1282,CBCA204,58,69,59,62,71,73,65,66
1283,CBCA201,65,57,54,66,63,50,59,60
1283,CBCA202,60,58,51,66,63,64,60,60
1283,CBCA203,64,65,58,63,58,59,61,60
1283,CBCA204,61,61,61,51,64,57,59,60
1284,CBCA201,22,31,30,22,18,29,25,25
1284,CBCA202,25,26,26,21,26,19,24,25
1284,CBCA203,33,25,23,32,14,25,25,25
1284,CBCA204,19,32,26,36,17,22,25,25
1285,CBCA201,74,80,69,69,83,77,75,77
1285,CBCA202,72,73,82,72,82,79,77,77
1285,CBCA203,77,87,75,77,68,82,78,77
1285,CBCA204,82,72,85,84,83,65,79,77
1286,CBCA201,58,68,68,67,73,58,65,62
1286,CBCA202,59,69,61,65,64,62,63,62
1286,CBCA203,59,62,57,65,57,63,61,62
1286,CBCA204,55,59,61,62,63,62,60,62
1287,CBCA201,52,53,60,57,59,59,57,55
1287,CBCA202,60,55,49,50,58,54,54,55
1287,CBCA203,55,50,59,55,59,52,55,55
1287,CBCA204,66,60,56,47,54,51,56,55
1288,CBCA201,84,77,88,85,94,94,87,86
1288,CBCA202,90,90,84,82,87,81,86,86
1288,CBCA203,83,92,81,78,88,88,85,86
1288,CBCA204,88,88,83,92,86,74,85,86
1289,CBCA201,79,70,68,70,77,69,72,73
1289,CBCA202,74,77,72,73,72,67,73,73
1289,CBCA203,75,79,78,71,78,73,76,73
1289,CBCA204,69,78,70,72,73,70,72,73
1290,CBCA201,85,77,88,94,88,77,85,84
1290,CBCA202,86,77,81,90,78,82,82,84
1290,CBCA203,78,94,92,82,74,87,85,84
1290,CBCA204,81,80,92,80,86,83,84,84
1291,CBCA201,62,59,76,69,67,64,66,64
1291,CBCA202,54,63,58,64,58,67,61,64
1291,CBCA203,65,67,70,70,63,65,67,64
1291,CBCA204,59,70,59,59,64,55,61,64
1292,CBCA201,73,67,74,75,69,79,73,75
1292,CBCA202,72,72,76,76,68,86,75,75
1292,CBCA203,68,78,76,69,74,85,75,75
1292,CBCA204,82,82,74,84,70,74,78,75
1293,CBCA201,88,77,82,82,87,79,83,79
1293,CBCA202,70,83,76,77,74,77,76,79
1293,CBCA203,79,82,81,84,86,74,81,79
1293,CBCA204,75,82,75,69,86,82,78,79
1294,CBCA201,60,68,59,55,63,67,62,58
1294,CBCA202,62,64,58,52,51,62,58,58
1294,CBCA203,51,60,51,53,52,59,54,58
1294,CBCA204,53,57,58,61,53,55,56,58
1295,CBCA201,83,78,75,89,88,79,82,82
1295,CBCA202,86,88,85,80,84,79,84,82
1295,CBCA203,84,83,77,84,77,81,81,82
1295,CBCA204,78,83,88,85,77,75,81,82
1296,CBCA201,70,66,69,72,73,54,67,62
1296,CBCA202,52,59,64,64,56,63,60,62
1296,CBCA203,65,66,70,57,61,62,64,62
1296,CBCA204,52,63,66,56,53,57,58,62
1297,CBCA201,52,59,47,57,65,53,56,56
1297,CBCA202,65,48,47,60,61,57,56,56
1297,CBCA203,54,50,64,58,52,56,56,56
1297,CBCA204,50,64,50,62,48,53,55,56
1298,CBCA201,45,45,46,51,37,59,47,49
1298,CBCA202,45,51,50,38,41,46,45,49
1298,CBCA203,53,53,51,57,54,45,52,49
1298,CBCA204,47,60,50,46,44,56,51,49
1299,CBCA201,79,89,88,91,94,86,88,86
1299,CBCA202,90,83,80,95,81,91,87,86
1299,CBCA203,88,76,76,89,86,77,82,86
1299,CBCA204,88,92,76,95,87,91,88,86
1300,CBCA201,59,67,65,55,69,72,65,65
1300,CBCA202,61,69,60,61,68,66,64,65
1300,CBCA203,66,62,57,77,61,71,66,65
1300,CBCA204,67,71,60,71,69,59,66,65
1301,CBCA201,57,61,58,49,52,62,57,59
1301,CBCA202,62,56,60,62,66,60,61,59
1301,CBCA203,55,53,61,66,54,65,59,59
1301,CBCA204,65,52,68,52,70,61,61,59
1302,CBCA201,78,72,87,82,76,83,80,81
1302,CBCA202,82,89,82,73,77,84,81,81
1302,CBCA203,80,83,87,72,86,85,82,81
1302,CBCA204,85,79,77,90,73,74,80,81
1303,CBCA201,26,23,24,13,26,15,21,23
1303,CBCA202,27,29,22,24,29,22,26,23
1303,CBCA203,27,20,20,27,14,11,20,23
1303,CBCA204,22,27,23,17,28,26,24,23
1304,CBCA201,42,41,43,48,41,46,44,45
1304,CBCA202,49,54,37,47,50,48,48,45
1304,CBCA203,42,47,44,53,52,44,47,45
1304,CBCA204,53,43,47,42,42,35,44,45
1305,CBCA201,80,80,82,85,92,77,83,81
1305,CBCA202,79,82,72,85,83,80,80,81
1305,CBCA203,75,75,75,83,82,77,78,81
1305,CBCA204,82,87,87,89,79,75,83,81
1306,CBCA201,91,97,91,100,94,99,95,94
1306,CBCA202,100,94,86,89,99,85,92,94
1306,CBCA203,100,90,93,90,86,100,93,94
1306,CBCA204,94,100,84,95,98,97,95,94
1307,CBCA201,55,61,56,57,53,56,56,57
1307,CBCA202,53,55,61,63,55,58,58,57
1307,CBCA203,60,64,60,59,50,60,59,57
1307,CBCA204,56,58,56,59,60,50,57,57
1308,CBCA201,53,49,52,55,65,57,55,57
1308,CBCA202,63,53,46,52,61,64,57,57
1308,CBCA203,61,52,59,56,54,60,57,57
1308,CBCA204,62,53,62,58,56,54,58,57
1309,CBCA201,19,28,28,22,23,16,23,26
1309,CBCA202,36,21,21,23,24,36,27,26
1309,CBCA203,27,29,20,32,29,19,26,26
1309,CBCA204,24,35,35,33,27,22,29,26
1310,CBCA201,0,0,4,1,0,0,1,3
1310,CBCA202,9,6,4,4,0,0,4,3
1310,CBCA203,2,3,0,5,3,0,2,3
1310,CBCA204,4,0,0,0,4,11,3,3
1311,CBCA201,74,77,77,72,74,76,75,78
1311,CBCA202,71,81,74,80,81,80,78,78
1311,CBCA203,72,73,79,84,78,88,79,78
1311,CBCA204,70,85,81,69,86,81,79,78
1312,CBCA201,52,48,60,61,57,47,54,53
1312,CBCA202,57,48,44,56,59,58,54,53
1312,CBCA203,45,52,49,53,52,53,51,53
1312,CBCA204,49,53,49,49,61,49,52,53
1313,CBCA201,19,3,13,5,7,16,11,10
1313,CBCA202,16,7,10,0,8,7,8,10
1313,CBCA203,7,21,11,13,8,12,12,10
1313,CBCA204,8,15,0,21,12,12,11,10
1314,CBCA201,81,69,85,80,65,74,76,74
1314,CBCA202,72,75,81,75,71,82,76,74
1314,CBCA203,78,69,65,66,69,78,71,74
1314,CBCA204,71,84,68,68,78,73,74,74
1315,CBCA201,74,79,83,87,81,77,80,79
1315,CBCA202,84,83,82,84,77,81,82,79
1315,CBCA203,69,81,76,79,81,82,78,79
1315,CBCA204,75,78,76,83,72,81,78,79
1316,CBCA201,86,80,95,89,86,96,89,87
1316,CBCA202,87,77,87,98,88,85,87,87
1316,CBCA203,79,92,91,83,85,88,86,87
1316,CBCA204,86,86,85,94,85,80,86,87
1317,CBCA201,96,100,98,94,99,100,98,96
1317,CBCA202,90,100,100,100,89,100,97,96
1317,CBCA203,100,96,88,94,100,92,95,96
1317,CBCA204,90,89,98,98,100,98,96,96
1318,CBCA201,93,77,77,91,87,86,85,86
1318,CBCA202,80,94,91,87,87,85,87,86
1318,CBCA203,83,90,98,83,79,86,87,86
1318,CBCA204,82,95,86,84,83,91,87,86
1319,CBCA201,48,44,41,50,53,47,47,49
1319,CBCA202,49,42,53,51,52,47,49,49
1319,CBCA203,48,50,53,55,42,51,50,49
1319,CBCA204,46,50,58,55,57,40,51,49
1320,CBCA201,84,91,86,88,89,85,87,86
1320,CBCA202,94,95,81,82,81,84,86,86
1320,CBCA203,83,82,97,89,78,87,86,86
1320,CBCA204,89,79,90,84,85,87,86,86
1321,CBCA201,80,76,84,74,81,80,79,78
1321,CBCA202,76,70,78,78,79,82,77,78
1321,CBCA203,73,75,81,80,81,79,78,78
1321,CBCA204,81,80,83,73,77,81,79,78
1322,CBCA201,62,65,58,60,58,75,63,63
1322,CBCA202,68,56,60,68,67,55,62,63
1322,CBCA203,57,66,66,73,62,58,64,63
1322,CBCA204,64,57,62,66,63,70,64,63
1323,CBCA201,81,69,76,83,67,74,75,74
1323,CBCA202,69,81,79,73,83,71,76,74
1323,CBCA203,76,71,65,74,68,66,70,74
1323,CBCA204,81,72,80,79,75,71,76,74
1324,CBCA201,10,18,7,7,7,9,10,10
1324,CBCA202,19,15,10,11,4,5,11,10
1324,CBCA203,12,12,6,16,11,8,11,10
1324,CBCA204,6,11,11,14,16,4,10,10
1325,CBCA201,81,79,73,84,75,85,80,82
1325,CBCA202,76,90,77,79,85,89,83,82
1325,CBCA203,91,79,80,75,83,78,81,82
1325,CBCA204,89,91,76,82,87,87,85,82
1326,CBCA201,17,34,26,22,17,15,22,23
1326,CBCA202,34,32,16,12,17,28,23,23
1326,CBCA203,28,23,23,17,29,19,23,23
1326,CBCA204,25,24,26,29,14,28,24,23
1327,CBCA201,30,26,33,34,34,31,31,35
1327,CBCA202,42,43,25,32,37,39,36,35
1327,CBCA203,32,42,31,32,32,27,33,35
1327,CBCA204,37,38,34,45,36,37,38,35
1328,CBCA201,44,49,50,54,47,46,48,49
1328,CBCA202,43,47,55,47,62,54,51,49
1328,CBCA203,53,44,51,45,45,47,48,49
1328,CBCA204,49,44,47,47,50,53,48,49
1329,CBCA201,82,84,83,83,81,74,81,81
1329,CBCA202,73,81,81,90,83,76,81,81
1329,CBCA203,82,81,77,83,77,85,81,81
1329,CBCA204,89,84,80,78,77,69,80,81
1330,CBCA201,86,90,92,90,82,84,87,85
1330,CBCA202,81,76,80,84,84,84,82,85
1330,CBCA203,93,81,95,86,86,80,87,85
1330,CBCA204,91,80,87,83,88,86,86,85
1331,CBCA201,55,56,46,41,41,56,49,49
1331,CBCA202,55,46,49,44,48,44,48,49
1331,CBCA203,48,46,40,44,51,53,47,49
1331,CBCA204,45,51,57,61,41,46,50,49
1332,CBCA201,80,89,88,79,88,95,87,86
1332,CBCA202,78,78,90,90,84,88,85,86
1332,CBCA203,85,87,95,85,93,90,89,86
1332,CBCA204,82,88,78,79,82,95,84,86
1333,CBCA201,74,76,83,69,81,72,76,81
1333,CBCA202,83,86,86,82,86,78,84,81
1333,CBCA203,89,87,84,86,79,79,84,81
1333,CBCA204,70,84,88,80,79,73,79,81
1334,CBCA201,75,68,73,77,69,83,74,74
1334,CBCA202,79,67,78,75,66,74,73,74
1334,CBCA203,82,76,74,72,75,72,75,74
1334,CBCA204,77,80,64,71,78,73,74,74
1335,CBCA201,83,89,81,88,82,87,85,82
1335,CBCA202,88,82,74,77,88,79,81,82
1335,CBCA203,85,81,84,81,82,73,81,82
1335,CBCA204,73,76,82,83,77,89,80,82
1336,CBCA201,63,66,55,52,65,66,61,62
1336,CBCA202,68,65,53,63,53,55,60,62
1336,CBCA203,59,65,60,68,62,67,64,62
1336,CBCA204,69,65,57,67,57,69,64,62
1337,CBCA201,42,37,37,49,38,50,42,46
1337,CBCA202,41,40,50,46,39,48,44,46
1337,CBCA203,42,46,50,40,57,57,49,46
1337,CBCA204,46,47,57,48,50,52,50,46
1338,CBCA201,39,46,40,44,40,51,43,47
1338,CBCA202,49,55,45,52,44,39,47,47
1338,CBCA203,52,59,47,50,46,45,50,47
1338,CBCA204,49,40,42,56,41,59,48,47
1339,CBCA201,12,21,14,17,8,17,15,11
1339,CBCA202,19,19,14,3,4,8,11,11
1339,CBCA203,21,17,4,14,4,5,11,11
1339,CBCA204,2,6,11,6,18,1,7,11
1340,CBCA201,23,36,34,30,23,32,30,31
1340,CBCA202,20,37,35,20,33,40,31,31
1340,CBCA203,40,25,19,35,39,38,33,31
1340,CBCA204,32,33,30,33,26,32,31,31
1341,CBCA201,68,67,59,59,53,53,60,57
1341,CBCA202,54,49,53,61,54,58,55,57
1341,CBCA203,67,56,59,65,54,62,61,57
1341,CBCA204,55,59,56,56,53,47,54,57
1342,CBCA201,86,83,78,79,84,81,82,81
1342,CBCA202,79,80,78,91,84,87,83,81
1342,CBCA203,76,83,79,73,82,72,78,81
1342,CBCA204,80,85,70,82,89,87,82,81
1343,CBCA201,67,66,66,69,74,63,68,70
1343,CBCA202,78,75,72,73,71,74,74,70
1343,CBCA203,63,67,65,72,75,72,69,70
1343,CBCA204,78,73,68,72,61,76,71,70
1344,CBCA201,64,61,67,74,75,70,69,71
1344,CBCA202,73,73,65,79,65,76,72,71
1344,CBCA203,80,70,78,64,62,71,71,71
1344,CBCA204,67,74,74,74,70,74,72,71
1345,CBCA201,79,71,80,69,62,67,71,74
1345,CBCA202,79,78,76,71,73,67,74,74
1345,CBCA203,79,85,72,73,75,79,77,74
1345,CBCA204,67,84,72,81,66,74,74,74
1346,CBCA201,71,69,61,70,72,61,67,70
1346,CBCA202,71,72,75,68,74,70,72,70
1346,CBCA203,66,78,68,72,80,64,71,70
1346,CBCA204,68,72,76,68,69,67,70,70
1347,CBCA201,78,80,77,76,78,74,77,77
1347,CBCA202,67,87,75,82,87,70,78,77
1347,CBCA203,83,82,76,71,79,84,79,77
1347,CBCA204,73,72,75,79,77,68,74,77
1348,CBCA201,84,86,91,87,84,93,88,91
1348,CBCA202,99,85,92,95,86,87,91,91
1348,CBCA203,95,97,95,89,94,94,94,91
1348,CBCA204,89,91,87,94,85,94,90,91
1349,CBCA201,61,77,79,80,74,73,74,71
1349,CBCA202,75,75,75,70,74,65,72,71
1349,CBCA203,61,68,74,65,64,66,66,71
1349,CBCA204,75,75,72,72,67,74,73,71
1350,CBCA201,75,67,63,67,75,68,69,71
1350,CBCA202,74,67,62,67,77,65,69,71
1350,CBCA203,67,73,83,70,71,66,72,71
1350,CBCA204,67,80,71,71,76,75,73,71
1351,CBCA201,50,54,56,50,65,51,54,57
1351,CBCA202,51,58,64,62,65,56,59,57
1351,CBCA203,66,56,64,65,51,58,60,57
1351,CBCA204,50,53,57,58,58,57,56,57
1352,CBCA201,88,89,94,96,80,83,88,87
1352,CBCA202,79,83,90,77,88,83,83,87
1352,CBCA203,78,94,85,87,86,98,88,87
1352,CBCA204,92,81,91,84,81,89,86,87
1353,CBCA201,92,92,94,94,89,84,91,89
1353,CBCA202,94,88,81,88,93,81,88,89
1353,CBCA203,97,89,83,97,84,87,90,89
1353,CBCA204,89,85,81,84,85,95,87,89
1354,CBCA201,90,91,86,88,80,86,87,89
1354,CBCA202,89,88,91,86,88,100,90,89
1354,CBCA203,98,85,91,90,83,94,90,89
1354,CBCA204,79,95,89,92,88,99,90,89
1355,CBCA201,59,60,49,54,54,57,56,55
1355,CBCA202,47,58,55,52,58,52,54,55
1355,CBCA203,59,46,57,50,55,60,55,55
1355,CBCA204,55,63,49,55,54,63,57,55
1356,CBCA201,99,100,87,85,92,100,94,94
1356,CBCA202,98,95,96,90,100,92,95,94
1356,CBCA203,100,97,91,90,87,88,92,94
1356,CBCA204,84,100,97,90,93,94,93,94
1357,CBCA201,57,67,60,71,71,63,65,64
1357,CBCA202,64,65,68,62,64,66,65,64
1357,CBCA203,71,58,67,67,64,65,65,64
1357,CBCA204,52,60,65,62,62,67,61,64
1358,CBCA201,63,80,72,82,71,66,72,76
1358,CBCA202,77,71,85,68,82,81,77,76
1358,CBCA203,83,76,73,78,73,77,77,76
1358,CBCA204,73,82,84,76,75,83,79,76
1359,CBCA201,66,59,64,68,70,77,67,67
1359,CBCA202,74,67,64,64,69,72,68,67
1359,CBCA203,67,77,67,65,65,65,68,67
1359,CBCA204,65,68,67,65,61,63,65,67
1360,CBCA201,84,75,84,80,89,88,83,83
1360,CBCA202,92,81,81,83,75,90,84,83
1360,CBCA203,79,84,82,81,90,74,82,83
1360,CBCA204,91,78,81,85,87,83,84,83
1361,CBCA201,71,67,65,59,56,66,64,62
1361,CBCA202,60,67,54,65,56,61,61,62
1361,CBCA203,58,68,55,66,67,59,62,62
1361,CBCA204,63,69,64,64,58,56,62,62
1362,CBCA201,65,61,56,57,62,53,59,61
1362,CBCA202,68,65,63,52,60,53,60,61
1362,CBCA203,52,64,62,58,61,58,59,61
1362,CBCA204,67,62,66,67,62,60,64,61
1363,CBCA201,100,99,98,100,100,96,99,97
1363,CBCA202,100,97,100,87,91,95,95,97
1363,CBCA203,97,100,100,89,100,99,98,97
1363,CBCA204,100,100,98,98,98,95,98,97
1364,CBCA201,85,76,75,80,79,79,79,76
1364,CBCA202,68,75,71,76,82,69,74,76
1364,CBCA203,74,85,85,72,73,78,78,76
1364,CBCA204,81,72,71,77,65,65,72,76
1365,CBCA201,0,2,8,6,0,0,3,3
1365,CBCA202,0,0,3,2,6,0,2,3
1365,CBCA203,0,8,0,9,0,1,3,3
1365,CBCA204,4,4,0,10,0,0,3,3
1366,CBCA201,84,70,79,70,74,76,76,78
1366,CBCA202,73,84,77,77,73,75,77,78
1366,CBCA203,74,82,85,76,83,82,80,78
1366,CBCA204,79,73,68,84,78,87,78,78
1367,CBCA201,81,78,79,68,81,80,78,75
1367,CBCA202,82,76,64,78,75,76,75,75
1367,CBCA203,78,77,73,73,67,70,73,75
1367,CBCA204,71,78,72,80,68,76,74,75
1368,CBCA201,79,65,78,79,77,83,77,75
1368,CBCA202,73,75,70,66,73,78,73,75
1368,CBCA203,83,68,79,76,70,73,75,75
1368,CBCA204,78,75,82,72,72,70,75,75
1369,CBCA201,85,90,89,92,88,95,90,88
1369,CBCA202,94,96,83,84,80,89,88,88
1369,CBCA203,91,88,82,95,78,90,87,88
1369,CBCA204,85,82,83,89,87,91,86,88
1370,CBCA201,94,87,78,74,91,76,83,83
1370,CBCA202,79,87,76,82,80,86,82,83
1370,CBCA203,85,86,83,90,89,81,86,83
1370,CBCA204,81,82,85,84,76,81,82,83
1371,CBCA201,59,66,63,66,66,59,63,64
1371,CBCA202,65,65,62,71,60,53,63,64
1371,CBCA203,59,69,63,70,60,67,65,64
1371,CBCA204,64,71,60,63,67,71,66,64
1372,CBCA201,68,71,80,69,74,73,73,70
1372,CBCA202,71,68,80,73,65,73,72,70
1372,CBCA203,73,65,67,73,72,72,70,70
1372,CBCA204,71,68,66,66,63,63,66,70
1373,CBCA201,66,71,69,80,70,66,70,73
1373,CBCA202,64,70,81,80,69,73,73,73
1373,CBCA203,76,69,74,72,74,76,74,73
1373,CBCA204,79,76,78,71,71,78,76,73
1374,CBCA201,64,57,58,53,58,53,57,58
1374,CBCA202,65,65,63,61,59,65,63,58
1374,CBCA203,50,55,52,59,59,60,56,58
1374,CBCA204,53,54,55,66,50,50,55,58
1375,CBCA201,61,54,52,55,57,47,54,54
1375,CBCA202,49,57,56,55,54,57,55,54
1375,CBCA203,47,54,49,50,48,58,51,54
1375,CBCA204,54,63,60,53,63,52,58,54
1376,CBCA201,87,90,92,90,89,95,91,87
1376,CBCA202,89,77,84,90,95,91,88,87
1376,CBCA203,88,77,81,81,96,84,85,87
1376,CBCA204,86,91,85,88,84,83,86,87
1377,CBCA201,62,71,73,68,64,61,67,67
1377,CBCA202,62,76,63,64,64,66,66,67
1377,CBCA203,70,61,72,65,68,76,69,67
1377,CBCA204,67,67,78,63,72,58,68,67
1378,CBCA201,19,20,19,18,32,26,22,22
1378,CBCA202,32,14,28,20,29,21,24,22
1378,CBCA203,22,22,19,18,22,12,19,22
1378,CBCA204,30,30,22,14,19,20,23,22
1379,CBCA201,95,100,83,85,84,93,90,92
1379,CBCA202,84,96,91,89,90,88,90,92
1379,CBCA203,96,85,99,93,99,92,94,92
1379,CBCA204,95,91,92,90,95,99,94,92
1380,CBCA201,88,81,86,79,79,92,84,84
1380,CBCA202,85,78,77,78,86,77,80,84
1380,CBCA203,78,92,89,95,88,76,86,84
1380,CBCA204,91,88,75,90,85,79,85,84
1381,CBCA201,36,39,33,47,45,33,39,36
1381,CBCA202,34,34,27,35,35,35,33,36
1381,CBCA203,41,46,40,29,47,46,42,36
1381,CBCA204,28,36,31,31,31,33,32,36
1382,CBCA201,12,10,4,15,11,8,10,5
1382,CBCA202,0,4,5,0,0,2,2,5
1382,CBCA203,0,1,7,7,2,9,4,5
1382,CBCA204,9,3,0,6,1,10,5,5
1383,CBCA201,62,72,68,78,76,77,72,72
1383,CBCA202,66,78,68,64,74,72,70,72
1383,CBCA203,77,63,78,72,71,73,72,72
1383,CBCA204,74,81,78,72,68,70,74,72
1384,CBCA201,37,34,38,43,43,30,38,37
1384,CBCA202,33,31,42,39,38,46,38,37
1384,CBCA203,42,33,30,27,35,30,33,37
1384,CBCA204,30,36,37,41,41,41,38,37
1385,CBCA201,94,89,84,88,81,83,87,88
1385,CBCA202,92,86,91,88,92,87,89,88
1385,CBCA203,89,86,91,95,81,93,89,88
1385,CBCA204,91,97,82,84,95,83,89,88
1386,CBCA201,41,47,47,45,43,42,44,44
1386,CBCA202,54,43,40,49,50,46,47,44
1386,CBCA203,40,34,45,50,49,51,45,44
1386,CBCA204,35,39,46,45,46,32,41,44
1387,CBCA201,34,37,30,32,33,31,33,30
1387,CBCA202,30,22,24,29,27,27,27,30
1387,CBCA203,26,33,30,29,36,20,29,30
1387,CBCA204,31,24,28,43,33,42,34,30
1388,CBCA201,57,65,53,63,51,54,57,59
1388,CBCA202,55,60,62,68,65,58,61,59
1388,CBCA203,52,56,61,53,62,49,56,59
1388,CBCA204,52,64,67,63,65,68,63,59
1389,CBCA201,2,5,19,17,20,16,13,14
1389,CBCA202,18,17,5,10,16,20,14,14
1389,CBCA203,8,7,15,20,26,15,15,14
1389,CBCA204,24,19,11,19,9,6,15,14
1390,CBCA201,72,73,64,73,65,68,69,67
1390,CBCA202,74,66,66,63,56,70,66,67
1390,CBCA203,61,65,73,58,63,74,66,67
1390,CBCA204,70,60,66,65,66,66,66,67
1391,CBCA201,73,85,78,77,72,73,76,75
1391,CBCA202,84,77,73,82,64,71,75,75
1391,CBCA203,70,73,71,71,72,68,71,75
1391,CBCA204,77,82,82,72,72,74,77,75
1392,CBCA201,91,91,96,82,96,84,90,89
1392,CBCA202,92,78,92,89,85,80,86,89
1392,CBCA203,93,80,83,94,90,97,90,89
1392,CBCA204,92,90,93,90,93,83,90,89
1393,CBCA201,65,43,56,57,63,58,57,55
1393,CBCA202,65,55,54,54,46,48,54,55
1393,CBCA203,54,58,51,59,44,51,53,55
1393,CBCA204,63,52,62,54,51,48,55,55
1394,CBCA201,95,78,94,93,83,82,88,89
1394,CBCA202,90,84,88,91,87,92,89,89
1394,CBCA203,91,83,90,82,96,89,89,89
1394,CBCA204,93,96,79,87,97,92,91,89
1395,CBCA201,33,42,34,36,34,32,35,36
1395,CBCA202,38,38,37,41,46,29,38,36
1395,CBCA203,28,33,42,44,32,40,37,36
1395,CBCA204,34,30,36,37,38,32,35,36
1396,CBCA201,84,71,74,78,81,81,78,77
1396,CBCA202,80,78,84,79,68,87,79,77
1396,CBCA203,80,69,81,75,87,71,77,77
1396,CBCA204,80,73,71,73,69,70,73,77
1397,CBCA201,53,60,65,64,50,60,59,58
1397,CBCA202,65,51,52,53,60,48,55,58
1397,CBCA203,60,60,58,67,58,61,61,58
1397,CBCA204,54,54,62,57,58,66,59,58
1398,CBCA201,0,0,0,0,0,0,0,2
1398,CBCA202,1,0,0,0,4,0,1,2
1398,CBCA203,0,0,1,5,3,4,2,2
1398,CBCA204,10,6,0,0,0,10,4,2
1399,CBCA201,75,78,82,70,68,76,75,72
1399,CBCA202,67,73,64,75,76,66,70,72
1399,CBCA203,74,84,66,68,73,64,72,72
1399,CBCA204,78,78,64,74,80,66,73,72
1400,CBCA201,72,80,89,72,72,81,78,81
1400,CBCA202,88,83,78,89,86,72,83,81
1400,CBCA203,89,83,74,78,88,81,82,81
1400,CBCA204,78,85,85,77,81,87,82,81
1401,CBCA201,64,61,57,58,59,71,62,63
1401,CBCA202,65,58,71,65,67,69,66,63
1401,CBCA203,56,63,63,57,60,60,60,63
1401,CBCA204,62,65,68,69,62,58,64,63
1402,CBCA201,66,75,65,59,68,67,67,70
1402,CBCA202,75,72,81,69,60,72,72,70
1402,CBCA203,70,70,79,68,71,70,71,70
1402,CBCA204,60,81,68,68,79,77,72,70
1403,CBCA201,97,93,98,100,97,96,97,94
1403,CBCA202,83,85,84,88,92,92,87,94
1403,CBCA203,100,94,98,100,92,87,95,94
1403,CBCA204,100,93,94,90,100,93,95,94
1404,CBCA201,80,78,80,72,78,74,77,80
1404,CBCA202,82,74,79,85,82,78,80,80
1404,CBCA203,82,84,79,78,79,84,81,80
1404,CBCA204,81,70,76,81,89,90,81,80
1405,CBCA201,45,47,54,42,43,46,46,48
1405,CBCA202,49,57,48,43,39,44,47,48
1405,CBCA203,55,52,50,52,55,53,53,48
1405,CBCA204,37,46,52,53,50,46,47,48
1406,CBCA201,90,88,88,69,81,74,82,81
1406,CBCA202,82,77,75,85,79,74,79,81
1406,CBCA203,78,86,84,81,79,84,82,81
1406,CBCA204,72,77,76,90,90,83,81,81
1407,CBCA201,47,41,46,45,49,46,46,42
1407,CBCA202,39,46,48,36,45,38,42,42
1407,CBCA203,47,50,38,36,42,48,44,42
1407,CBCA204,32,41,37,36,36,49,39,42
1408,CBCA201,50,50,62,67,54,46,55,55
1408,CBCA202,53,62,62,56,54,45,55,55
1408,CBCA203,49,56,51,63,48,58,54,55
1408,CBCA204,53,52,48,60,57,53,54,55
1409,CBCA201,64,76,67,68,76,79,72,74
1409,CBCA202,82,81,67,74,71,66,74,74
1409,CBCA203,81,63,71,79,76,75,74,74
1409,CBCA204,81,69,73,70,76,85,76,74
1410,CBCA201,57,55,55,61,66,52,58,62
1410,CBCA202,61,69,59,72,53,66,63,62
1410,CBCA203,61,60,66,68,58,57,62,62
1410,CBCA204,73,56,64,64,66,68,65,62
1411,CBCA201,70,75,74,64,71,73,71,71
1411,CBCA202,76,68,68,76,65,71,71,71
1411,CBCA203,69,69,69,74,70,67,70,71
1411,CBCA204,70,76,70,78,79,70,74,71
1412,CBCA201,46,39,36,44,44,43,42,42
1412,CBCA202,37,46,44,37,37,38,40,42
1412,CBCA203,40,43,46,46,36,42,42,42
1412,CBCA204,40,34,41,53,45,49,44,42
1413,CBCA201,100,100,100,94,100,96,98,98
1413,CBCA202,91,100,97,97,100,98,97,98
1413,CBCA203,99,100,96,98,94,99,98,98
1413,CBCA204,100,95,100,100,98,100,99,98
1414,CBCA201,47,56,44,57,53,59,53,50
1414,CBCA202,40,55,51,49,50,47,49,50
1414,CBCA203,50,45,59,46,48,46,49,50
1414,CBCA204,55,47,42,51,50,45,48,50
1415,CBCA201,98,92,100,98,100,94,97,96
1415,CBCA202,100,94,89,97,88,98,94,96
1415,CBCA203,100,100,95,95,100,89,97,96
1415,CBCA204,94,91,98,100,94,97,96,96
1416,CBCA201,73,79,72,70,65,68,71,73
1416,CBCA202,76,82,75,75,70,78,76,73
1416,CBCA203,73,75,76,66,71,72,72,73
1416,CBCA204,72,69,67,78,69,77,72,73
1417,CBCA201,10,27,8,23,13,18,17,20
1417,CBCA202,15,23,24,11,20,17,18,20
1417,CBCA203,18,29,23,24,19,25,23,20
1417,CBCA204,25,21,25,21,15,18,21,20
1418,CBCA201,81,89,96,81,82,84,86,89
1418,CBCA202,84,88,86,94,83,94,88,89
1418,CBCA203,94,93,91,91,95,95,93,89
1418,CBCA204,87,88,87,88,92,91,89,89
1419,CBCA201,58,69,62,66,71,59,64,61
1419,CBCA202,57,69,60,63,63,59,62,61
1419,CBCA203,57,60,52,58,60,58,58,61
1419,CBCA204,64,64,61,58,64,56,61,61
1420,CBCA201,52,47,47,47,49,57,50,48
1420,CBCA202,49,48,50,45,45,53,48,48
1420,CBCA203,46,45,56,39,50,41,46,48
1420,CBCA204,43,53,48,49,46,49,48,48
1421,CBCA201,61,71,58,66,62,52,62,61
1421,CBCA202,63,63,68,52,59,58,61,61
1421,CBCA203,60,60,58,62,66,64,62,61
1421,CBCA204,65,67,57,57,56,70,62,61
1422,CBCA201,61,62,56,64,58,63,61,59
1422,CBCA202,70,60,56,61,59,60,61,59
1422,CBCA203,59,56,57,55,65,53,58,59
1422,CBCA204,55,52,64,54,64,49,56,59
1423,CBCA201,70,62,68,60,69,60,65,63
1423,CBCA202,66,56,63,55,69,65,62,63
1423,CBCA203,59,66,56,72,68,64,64,63
1423,CBCA204,58,68,67,59,54,63,62,63
1424,CBCA201,90,82,90,95,82,91,88,89
1424,CBCA202,97,79,82,88,93,93,89,89
1424,CBCA203,82,92,92,92,90,84,89,89
1424,CBCA204,96,79,85,97,90,89,89,89
1425,CBCA201,65,61,67,57,66,61,63,65
1425,CBCA202,71,70,70,66,66,66,68,65
1425,CBCA203,53,72,61,68,67,66,65,65
1425,CBCA204,66,75,59,59,57,63,63,65
1426,CBCA201,54,59,58,58,55,62,58,59
1426,CBCA202,62,66,56,58,58,49,58,59
1426,CBCA203,54,54,66,60,60,61,59,59
1426,CBCA204,66,66,55,62,61,53,61,59
1427,CBCA201,80,91,80,79,87,80,83,83
1427,CBCA202,75,76,76,79,86,84,79,83
1427,CBCA203,87,80,81,81,90,92,85,83
1427,CBCA204,92,80,79,81,86,81,83,83
1428,CBCA201,40,44,31,24,32,35,34,36
1428,CBCA202,32,34,35,33,36,38,35,36
1428,CBCA203,41,32,43,35,39,37,38,36
1428,CBCA204,34,42,40,30,29,39,36,36
1429,CBCA201,80,78,69,76,72,62,73,72
1429,CBCA202,67,77,76,73,75,77,74,72
1429,CBCA203,65,74,74,72,74,71,72,72
1429,CBCA204,67,73,74,63,65,78,70,72
1430,CBCA201,18,19,17,13,18,17,17,14
1430,CBCA202,5,16,17,20,13,16,15,14
1430,CBCA203,15,8,7,19,13,9,12,14
1430,CBCA204,18,7,16,11,10,3,11,14
1431,CBCA201,47,51,47,38,45,38,44,43
1431,CBCA202,43,49,44,43,40,42,44,43
1431,CBCA203,43,40,43,42,40,49,43,43
1431,CBCA204,36,47,40,52,34,41,42,43
1432,CBCA201,65,75,68,77,78,73,73,74
1432,CBCA202,79,72,72,78,68,62,72,74
1432,CBCA203,71,75,79,72,69,73,73,74
1432,CBCA204,79,69,76,82,77,83,78,74
1433,CBCA201,94,92,100,94,99,100,97,97
1433,CBCA202,97,97,96,100,94,93,96,97
1433,CBCA203,92,98,100,100,100,99,98,97
1433,CBCA204,100,93,98,100,100,92,97,97
1434,CBCA201,76,83,79,84,71,78,79,79
1434,CBCA202,77,79,78,84,78,80,79,79
1434,CBCA203,80,81,87,76,78,83,81,79
1434,CBCA204,81,68,76,86,73,85,78,79
1435,CBCA201,67,72,69,84,71,79,74,73
1435,CBCA202,72,78,68,80,70,84,75,73
1435,CBCA203,62,65,62,71,72,76,68,73
1435,CBCA204,83,80,76,75,62,67,74,73
1436,CBCA201,40,33,34,35,31,36,35,34
1436,CBCA202,35,37,29,38,28,25,32,34
1436,CBCA203,31,42,39,38,34,36,37,34
1436,CBCA204,29,39,30,34,25,39,33,34
1437,CBCA201,42,41,42,38,38,44,41,37
1437,CBCA202,36,36,41,35,29,34,35,37
1437,CBCA203,31,34,37,39,38,34,36,37
1437,CBCA204,36,33,41,36,37,44,38,37
1438,CBCA201,48,46,54,59,45,51,51,51
1438,CBCA202,47,48,44,54,56,51,50,51
1438,CBCA203,48,47,45,48,47,62,50,51
1438,CBCA204,50,62,52,53,62,55,56,51
1439,CBCA201,45,43,46,49,46,46,46,48
1439,CBCA202,51,58,45,54,44,57,52,48
1439,CBCA203,48,46,49,50,46,42,47,48
1439,CBCA204,51,50,42,56,50,49,50,48
1440,CBCA201,72,77,80,81,72,79,77,76
1440,CBCA202,79,67,82,72,78,76,76,76
1440,CBCA203,81,73,77,63,66,74,72,76
1440,CBCA204,70,76,85,76,81,77,78,76
1441,CBCA201,47,56,55,54,59,62,56,56
1441,CBCA202,51,58,56,49,52,58,54,56
1441,CBCA203,57,55,56,59,60,55,57,56
1441,CBCA204,62,58,60,58,56,57,59,56
1442,CBCA201,78,81,79,81,80,79,80,79
1442,CBCA202,81,85,85,80,79,80,82,79
1442,CBCA203,73,89,82,70,70,79,77,79
1442,CBCA204,80,73,81,78,80,80,79,79
1443,CBCA201,83,88,83,86,82,85,85,83
1443,CBCA202,69,85,85,85,84,83,82,83
1443,CBCA203,76,87,86,87,71,83,82,83
1443,CBCA204,82,87,90,85,84,87,86,83
1444,CBCA201,81,82,77,80,79,81,80,80
1444,CBCA202,82,77,74,86,82,79,80,80
1444,CBCA203,82,79,81,78,80,72,79,80
1444,CBCA204,84,72,85,80,81,85,81,80
1445,CBCA201,54,49,55,46,50,59,52,50
1445,CBCA202,50,45,50,49,55,53,50,50
1445,CBCA203,56,51,53,46,42,48,49,50
1445,CBCA204,54,49,54,51,50,41,50,50
1446,CBCA201,91,77,84,76,85,88,84,81
1446,CBCA202,71,74,88,87,82,79,80,81
1446,CBCA203,85,74,85,85,80,78,81,81
1446,CBCA204,72,92,73,81,87,80,81,81
1447,CBCA201,20,12,13,23,16,26,18,20
1447,CBCA202,21,19,16,18,29,28,22,20
1447,CBCA203,24,27,23,14,18,12,20,20
1447,CBCA204,21,26,17,15,29,22,22,20
1448,CBCA201,62,78,69,68,64,73,69,69
1448,CBCA202,75,68,74,74,59,71,70,69
1448,CBCA203,66,66,63,61,63,70,65,69
1448,CBCA204,72,71,72,73,76,62,71,69
1449,CBCA201,83,78,88,79,83,78,82,81
1449,CBCA202,86,83,84,80,80,88,84,81
1449,CBCA203,71,79,70,77,83,83,77,81
1449,CBCA204,81,78,84,86,92,80,84,81
1450,CBCA201,52,58,59,59,59,60,58,58
1450,CBCA202,60,69,62,53,61,49,59,58
1450,CBCA203,61,57,51,53,60,57,57,58
1450,CBCA204,66,55,60,66,56,52,59,58
1451,CBCA201,85,77,87,86,90,90,86,87
1451,CBCA202,86,91,85,89,95,91,90,87
1451,CBCA203,85,91,90,81,87,85,87,87
1451,CBCA204,85,84,96,85,87,89,88,87
1452,CBCA201,89,79,93,90,87,92,88,88
1452,CBCA202,89,95,85,85,88,95,90,88
1452,CBCA203,89,93,90,82,88,82,87,88
1452,CBCA204,86,95,82,82,88,86,87,88
1453,CBCA201,64,72,67,68,73,64,68,69
1453,CBCA202,70,60,65,65,65,66,65,69
1453,CBCA203,79,73,77,73,63,72,73,69
1453,CBCA204,78,69,69,70,73,72,72,69
1454,CBCA201,20,31,25,24,31,27,26,24
1454,CBCA202,25,29,22,19,24,25,24,24
1454,CBCA203,27,26,24,21,19,16,22,24
1454,CBCA204,32,34,15,23,22,25,25,24
1455,CBCA201,51,64,56,52,60,51,56,53
1455,CBCA202,45,48,43,55,60,61,52,53
1455,CBCA203,54,52,58,46,42,52,51,53
1455,CBCA204,53,49,55,51,58,53,53,53
1456,CBCA201,76,83,77,71,80,76,77,78
1456,CBCA202,81,82,72,82,88,80,81,78
1456,CBCA203,76,73,78,84,74,75,77,78
1456,CBCA204,75,81,78,81,79,79,79,78
1457,CBCA201,71,74,69,71,66,72,71,70
1457,CBCA202,71,66,69,71,77,69,71,70
1457,CBCA203,63,62,74,67,68,64,66,70
1457,CBCA204,68,71,68,76,72,71,71,70
1458,CBCA201,94,100,100,100,100,97,99,97
1458,CBCA202,90,100,100,100,96,100,98,97
1458,CBCA203,93,94,100,100,95,91,96,97
1458,CBCA204,100,89,100,100,98,93,97,97
1459,CBCA201,76,77,84,74,82,76,78,76
1459,CBCA202,74,81,62,82,70,78,75,76
1459,CBCA203,77,70,77,81,81,69,76,76
1459,CBCA204,81,72,78,73,68,77,75,76
1460,CBCA201,55,60,47,60,55,52,55,56
1460,CBCA202,59,61,54,60,56,55,58,56
1460,CBCA203,53,51,54,52,53,57,53,56
1460,CBCA204,65,56,52,60,63,53,58,56
1461,CBCA201,0,9,9,6,2,12,6,6
1461,CBCA202,11,13,14,11,7,3,10,6
1461,CBCA203,0,9,6,4,3,0,4,6
1461,CBCA204,3,14,0,0,4,15,6,6
1462,CBCA201,34,46,40,33,41,45,40,41
1462,CBCA202,42,35,39,46,43,38,41,41
1462,CBCA203,36,45,47,39,46,49,44,41
1462,CBCA204,47,40,37,33,38,34,38,41
1463,CBCA201,86,79,85,92,81,90,86,85
1463,CBCA202,85,82,91,97,80,78,86,85
1463,CBCA203,87,75,79,84,81,89,83,85
1463,CBCA204,94,93,77,82,92,82,87,85
1464,CBCA201,75,74,73,63,76,62,71,69
1464,CBCA202,67,68,68,73,75,72,71,69
1464,CBCA203,69,65,69,62,69,68,67,69
1464,CBCA204,61,60,68,75,69,71,67,69
1465,CBCA201,86,92,90,91,100,93,92,93
1465,CBCA202,99,85,88,92,95,94,92,93
1465,CBCA203,92,85,94,98,92,100,94,93
1465,CBCA204,87,95,93,90,100,89,92,93
1466,CBCA201,80,82,83,75,78,77,79,80
1466,CBCA202,74,81,86,81,84,76,80,80
1466,CBCA203,84,77,77,78,89,79,81,80
1466,CBCA204,71,78,78,86,75,81,78,80
1467,CBCA201,20,20,23,20,23,27,22,24
1467,CBCA202,24,27,24,22,20,17,22,24
1467,CBCA203,20,27,18,22,30,21,23,24
1467,CBCA204,34,26,31,25,30,27,29,24
1468,CBCA201,64,56,57,56,65,56,59,60
1468,CBCA202,61,61,57,67,53,62,60,60
1468,CBCA203,62,62,51,60,64,60,60,60
1468,CBCA204,59,56,62,63,70,65,63,60
1469,CBCA201,67,73,74,71,67,72,71,67
1469,CBCA202,69,66,65,68,66,59,66,67
1469,CBCA203,61,66,64,70,78,65,67,67
1469,CBCA204,68,67,72,65,65,58,66,67
1470,CBCA201,48,50,49,55,54,51,51,52
1470,CBCA202,44,52,55,50,59,49,52,52
1470,CBCA203,47,49,61,56,50,52,53,52
1470,CBCA204,56,52,59,52,63,44,54,52
1471,CBCA201,15,30,28,17,20,16,21,22
1471,CBCA202,11,28,30,23,28,23,24,22
1471,CBCA203,20,15,19,24,26,21,21,22
1471,CBCA204,22,23,27,21,22,19,22,22
1472,CBCA201,100,99,100,94,95,95,97,95
1472,CBCA202,94,97,91,84,92,99,93,95
1472,CBCA203,92,100,100,95,93,89,95,95
1472,CBCA204,88,99,92,97,91,100,95,95
1473,CBCA201,73,66,64,77,62,66,68,69
1473,CBCA202,72,62,73,76,72,62,70,69
1473,CBCA203,63,70,74,63,63,69,67,69
1473,CBCA204,67,69,78,79,63,68,71,69
1474,CBCA201,69,73,74,67,64,67,69,68
1474,CBCA202,63,66,72,59,71,71,67,68
1474,CBCA203,59,66,73,73,75,59,68,68
1474,CBCA204,78,64,61,75,72,72,70,68
1475,CBCA201,51,47,45,55,52,42,49,51
1475,CBCA202,55,60,48,46,60,45,52,51
1475,CBCA203,49,56,55,60,49,52,54,51
1475,CBCA204,50,53,50,47,46,61,51,51
1476,CBCA201,16,27,16,11,24,10,17,18
1476,CBCA202,18,17,13,16,17,13,16,18
1476,CBCA203,12,14,26,27,25,24,21,18
1476,CBCA204,10,23,16,28,16,15,18,18
1477,CBCA201,55,65,55,62,73,74,64,64
1477,CBCA202,71,55,57,56,63,62,61,64
1477,CBCA203,68,70,65,70,56,70,67,64
1477,CBCA204,59,66,66,64,58,65,63,64
1478,CBCA201,61,64,58,69,73,69,66,63
1478,CBCA202,55,63,56,68,69,73,64,63
1478,CBCA203,67,63,59,68,60,58,63,63
1478,CBCA204,60,60,62,60,60,64,61,63
1479,CBCA201,56,55,46,66,54,53,55,54
1479,CBCA202,46,50,50,52,58,60,53,54
1479,CBCA203,55,50,57,60,49,50,54,54
1479,CBCA204,56,46,60,54,59,61,56,54
1480,CBCA201,66,60,67,70,62,67,65,65
1480,CBCA202,67,67,69,67,61,67,66,65
1480,CBCA203,67,59,75,55,60,63,63,65
1480,CBCA204,72,65,55,69,64,60,64,65
1481,CBCA201,99,86,92,91,94,84,91,90
1481,CBCA202,83,92,81,93,89,93,89,90
1481,CBCA203,86,92,88,91,93,99,92,90
1481,CBCA204,92,90,96,88,91,88,91,90
1482,CBCA201,70,60,67,65,64,55,64,64
1482,CBCA202,62,65,62,73,60,66,65,64
1482,CBCA203,66,70,71,72,75,68,70,64
1482,CBCA204,62,62,55,54,64,58,59,64
1483,CBCA201,63,70,72,71,64,72,69,72
1483,CBCA202,73,73,81,75,68,77,75,72
1483,CBCA203,66,79,79,71,72,79,74,72
1483,CBCA204,77,62,65,73,78,66,70,72
1484,CBCA201,80,82,76,77,76,79,78,81
1484,CBCA202,88,87,75,77,78,91,83,81
1484,CBCA203,76,84,72,81,82,90,81,81
1484,CBCA204,89,90,78,77,89,70,82,81
1485,CBCA201,52,58,59,45,54,58,54,55
1485,CBCA202,50,63,50,53,45,55,53,55
1485,CBCA203,57,50,54,59,51,59,55,55
1485,CBCA204,54,64,51,57,62,59,58,55
1486,CBCA201,67,53,65,57,57,55,59,62
1486,CBCA202,70,67,63,67,64,64,66,62
1486,CBCA203,70,60,64,64,64,67,65,62
1486,CBCA204,60,52,59,52,60,58,57,62
1487,CBCA201,70,70,63,65,74,80,70,71
1487,CBCA202,73,77,67,66,78,65,71,71
1487,CBCA203,79,71,74,74,66,70,72,71
1487,CBCA204,67,73,65,72,76,71,71,71
1488,CBCA201,91,91,89,73,87,89,87,85
1488,CBCA202,80,87,90,85,86,74,84,85
1488,CBCA203,87,92,88,88,75,84,86,85
1488,CBCA204,86,80,89,83,86,90,86,85
1489,CBCA201,99,94,88,92,91,91,93,91
1489,CBCA202,93,99,86,85,90,90,91,91
1489,CBCA203,89,90,95,91,99,89,92,91
1489,CBCA204,97,89,86,89,81,91,89,91
1490,CBCA201,87,95,89,79,92,89,89,85
1490,CBCA202,77,83,83,86,81,93,84,85
1490,CBCA203,78,85,85,82,79,86,83,85
1490,CBCA204,83,93,81,87,89,80,86,85
1491,CBCA201,17,14,25,13,20,23,19,22
1491,CBCA202,16,32,22,22,23,30,24,22
1491,CBCA203,26,25,27,28,24,16,24,22
1491,CBCA204,28,23,18,20,26,11,21,22
1492,CBCA201,89,85,72,76,84,81,81,79
1492,CBCA202,77,80,81,73,86,76,79,79
1492,CBCA203,77,78,75,82,74,76,77,79
1492,CBCA204,75,77,82,87,76,86,81,79
1493,CBCA201,43,55,56,47,54,47,50,51
1493,CBCA202,47,43,55,57,50,46,50,51
1493,CBCA203,49,51,45,53,52,59,52,51
1493,CBCA204,56,58,49,47,46,49,51,51
1494,CBCA201,24,23,25,37,31,22,27,28
1494,CBCA202,26,30,17,26,32,30,27,28
1494,CBCA203,28,38,37,20,32,18,29,28
1494,CBCA204,29,33,35,29,21,30,30,28
1495,CBCA201,76,88,74,72,86,78,79,81
1495,CBCA202,81,82,89,80,75,89,83,81
1495,CBCA203,86,78,81,80,81,86,82,81
1495,CBCA204,85,78,84,79,78,75,80,81
1496,CBCA201,33,36,40,40,29,35,36,36
1496,CBCA202,31,35,33,40,38,38,36,36
1496,CBCA203,40,38,34,23,44,42,37,36
1496,CBCA204,36,42,29,34,38,37,36,36
1497,CBCA201,93,97,84,93,89,82,90,91
1497,CBCA202,83,86,87,93,93,91,89,91
1497,CBCA203,93,90,100,97,97,82,93,91
1497,CBCA204,96,90,88,97,90,84,91,91
1498,CBCA201,86,98,95,88,92,89,91,90
1498,CBCA202,87,88,83,91,91,91,89,90
1498,CBCA203,87,95,95,89,88,89,91,90
1498,CBCA204,87,82,93,90,88,98,90,90
1499,CBCA201,82,81,92,87,85,76,84,85
1499,CBCA202,76,88,87,91,86,97,88,85
1499,CBCA203,81,81,78,81,87,89,83,85
1499,CBCA204,81,83,92,91,80,85,85,85
1500,CBCA201,100,100,91,100,100,93,97,97
1500,CBCA202,99,100,98,98,100,94,98,97
1500,CBCA203,94,90,97,95,100,98,96,97
1500,CBCA204,100,100,93,100,94,91,96,97
1501,CBCA201,78,76,78,84,70,76,77,77
1501,CBCA202,76,79,78,75,80,74,77,77
1501,CBCA203,73,74,81,83,78,78,78,77
1501,CBCA204,78,78,77,76,77,70,76,77
1502,CBCA201,18,15,23,11,11,17,16,14
1502,CBCA202,10,11,11,7,9,17,11,14
1502,CBCA203,17,18,22,9,18,14,16,14
1502,CBCA204,13,15,3,13,16,14,12,14
1503,CBCA201,64,76,77,76,71,70,72,74
1503,CBCA202,79,77,78,68,79,76,76,74
1503,CBCA203,72,64,83,73,75,68,73,74
1503,CBCA204,78,74,75,82,64,66,73,74
1504,CBCA201,78,85,85,83,88,84,84,83
1504,CBCA202,82,85,86,82,90,80,84,83
1504,CBCA203,76,76,77,83,82,90,81,83
1504,CBCA204,85,92,84,89,79,78,85,83
1505,CBCA201,33,38,25,38,39,24,33,31
1505,CBCA202,23,38,37,32,33,30,32,31
1505,CBCA203,33,32,27,28,28,32,30,31
1505,CBCA204,34,24,31,37,34,25,31,31
1506,CBCA201,26,22,21,23,14,12,20,22
1506,CBCA202,27,31,22,27,20,10,23,22
1506,CBCA203,23,31,21,31,16,29,25,22
1506,CBCA204,24,13,26,19,14,27,21,22
1507,CBCA201,87,81,81,89,94,85,86,88
1507,CBCA202,89,88,83,89,82,87,86,88
1507,CBCA203,82,82,97,93,91,87,89,88
1507,CBCA204,93,88,89,88,88,89,89,88
1508,CBCA201,39,43,36,47,43,37,41,42
1508,CBCA202,45,39,46,45,40,45,43,42
1508,CBCA203,43,50,39,53,34,33,42,42
1508,CBCA204,44,48,44,44,43,38,44,42
1509,CBCA201,50,60,57,43,44,53,51,49
1509,CBCA202,48,40,44,44,50,49,46,49
1509,CBCA203,45,52,54,42,49,50,49,49
1509,CBCA204,57,46,55,56,43,49,51,49
1510,CBCA201,79,81,90,88,89,79,84,85
1510,CBCA202,85,92,83,86,79,91,86,85
1510,CBCA203,76,78,88,85,86,78,82,85
1510,CBCA204,93,89,82,86,90,92,89,85
1511,CBCA201,57,45,41,57,51,55,51,52
1511,CBCA202,47,49,56,49,53,54,51,52
1511,CBCA203,57,57,55,47,58,56,55,52
1511,CBCA204,49,47,48,52,55,50,50,52
1512,CBCA201,69,77,71,83,77,82,77,73
1512,CBCA202,77,65,72,68,71,71,71,73
1512,CBCA203,79,65,71,80,77,70,74,73
1512,CBCA204,79,67,69,73,61,85,72,73
1513,CBCA201,32,30,36,39,34,32,34,36
1513,CBCA202,33,38,35,30,44,45,38,36
1513,CBCA203,27,40,39,36,44,46,39,36
1513,CBCA204,45,25,25,33,39,37,34,36
1514,CBCA201,92,100,86,98,96,99,95,94
1514,CBCA202,85,92,89,89,94,92,90,94
1514,CBCA203,98,98,100,96,91,93,96,94
1514,CBCA204,88,94,96,89,100,95,94,94
1515,CBCA201,97,99,86,100,98,91,95,93
1515,CBCA202,99,98,88,86,97,88,93,93
1515,CBCA203,99,100,90,92,87,98,94,93
1515,CBCA204,91,93,92,85,83,91,89,93
1516,CBCA201,93,88,93,84,99,82,90,87
1516,CBCA202,78,84,90,91,83,87,86,87
1516,CBCA203,89,79,95,94,85,77,87,87
1516,CBCA204,79,97,88,79,90,81,86,87
1517,CBCA201,4,15,5,17,4,20,11,9
1517,CBCA202,10,13,19,8,8,18,13,9
1517,CBCA203,6,8,12,11,7,6,8,9
1517,CBCA204,4,1,2,3,10,7,5,9
1518,CBCA201,76,82,82,84,83,78,81,82
1518,CBCA202,76,79,80,88,79,80,80,82
1518,CBCA203,85,88,85,77,78,85,83,82
1518,CBCA204,76,86,80,85,84,82,82,82
1519,CBCA201,91,92,88,86,79,77,86,81
1519,CBCA202,71,92,80,81,85,81,82,81
1519,CBCA203,79,77,72,84,87,76,79,81
1519,CBCA204,84,86,80,70,84,73,80,81
1520,CBCA201,90,84,79,88,79,85,84,85
1520,CBCA202,92,80,75,91,82,87,85,85
1520,CBCA203,81,86,83,82,86,83,84,85
1520,CBCA204,88,93,86,81,86,84,86,85
1521,CBCA201,95,98,100,100,100,97,98,98
1521,CBCA202,94,100,100,91,100,100,98,98
1521,CBCA203,100,91,99,100,91,95,96,98
1521,CBCA204,100,98,96,100,97,100,99,98
1522,CBCA201,91,86,98,94,83,83,89,89
1522,CBCA202,86,87,94,83,90,88,88,89
1522,CBCA203,93,88,94,86,87,91,90,89
1522,CBCA204,83,84,90,95,83,88,87,89
1523,CBCA201,55,56,60,51,51,56,55,51
1523,CBCA202,53,40,50,43,51,47,47,51
1523,CBCA203,51,56,42,48,53,45,49,51
1523,CBCA204,42,49,58,53,54,48,51,51
1524,CBCA201,25,35,32,31,37,33,32,30
1524,CBCA202,23,26,28,35,32,38,30,30
1524,CBCA203,31,33,30,24,28,31,30,30
1524,CBCA204,30,33,28,32,28,23,29,30
1525,CBCA201,15,32,17,15,18,13,18,19
1525,CBCA202,19,12,10,17,14,21,16,19
1525,CBCA203,11,24,18,22,23,19,20,19
1525,CBCA204,18,22,24,30,15,24,22,19
1526,CBCA201,61,62,62,53,55,65,60,60
1526,CBCA202,52,54,62,66,65,54,59,60
1526,CBCA203,57,57,67,69,64,64,63,60
1526,CBCA204,65,56,60,54,66,56,60,60
1527,CBCA201,68,68,59,56,62,59,62,64
1527,CBCA202,62,55,69,68,71,68,66,64
1527,CBCA203,56,64,64,67,72,70,66,64
1527,CBCA204,60,59,75,53,70,62,63,64
1528,CBCA201,63,63,66,64,57,60,62,62
1528,CBCA202,64,54,64,59,68,63,62,62
1528,CBCA203,57,56,58,61,65,67,61,62
1528,CBCA204,68,55,66,56,67,57,62,62
1529,CBCA201,51,53,61,54,50,62,55,56
1529,CBCA202,44,58,47,51,64,50,52,56
1529,CBCA203,52,62,62,53,55,64,58,56
1529,CBCA204,52,56,50,64,62,56,57,56
1530,CBCA201,49,54,41,43,48,43,46,47
1530,CBCA202,39,44,47,52,48,42,45,47
1530,CBCA203,44,47,47,49,41,40,45,47
1530,CBCA204,44,55,52,62,59,40,52,47
1531,CBCA201,19,36,36,27,28,27,29,27
1531,CBCA202,19,32,20,30,34,24,27,27
1531,CBCA203,31,26,30,25,34,26,29,27
1531,CBCA204,22,27,26,24,26,23,25,27
1532,CBCA201,97,92,88,93,91,87,91,91
1532,CBCA202,96,91,88,90,89,94,91,91
1532,CBCA203,80,83,88,96,94,89,88,91
1532,CBCA204,97,82,89,89,98,93,91,91
1533,CBCA201,78,93,83,91,74,84,84,84
1533,CBCA202,88,82,88,85,85,79,85,84
1533,CBCA203,82,73,80,84,91,81,82,84
1533,CBCA204,89,83,93,88,84,80,86,84
1534,CBCA201,72,78,71,74,67,61,71,70
1534,CBCA202,72,65,76,69,69,67,70,70
1534,CBCA203,66,59,69,76,63,63,66,70
1534,CBCA204,79,64,76,73,70,75,73,70
1535,CBCA201,86,98,86,94,85,82,89,90
1535,CBCA202,97,77,88,92,97,93,91,90
1535,CBCA203,94,92,85,84,90,99,91,90
1535,CBCA204,79,94,91,92,92,87,89,90
1536,CBCA201,74,77,82,75,73,71,75,77
1536,CBCA202,70,83,81,70,73,81,76,77
1536,CBCA203,85,85,69,72,77,72,77,77
1536,CBCA204,83,75,74,84,77,74,78,77
1537,CBCA201,61,62,58,56,65,67,62,59
1537,CBCA202,61,56,60,52,65,61,59,59
1537,CBCA203,61,48,51,63,69,53,58,59
1537,CBCA204,62,55,61,58,58,50,57,59
1538,CBCA201,58,71,72,63,64,55,64,61
1538,CBCA202,65,64,65,57,58,62,62,61
1538,CBCA203,58,57,53,53,65,66,59,61
1538,CBCA204,68,59,54,63,60,61,61,61
1539,CBCA201,84,95,91,92,87,94,91,89
1539,CBCA202,89,88,89,94,82,87,88,89
1539,CBCA203,92,90,85,94,88,86,89,89
1539,CBCA204,81,84,94,87,97,83,88,89
1540,CBCA201,22,23,26,27,31,19,25,28
1540,CBCA202,28,26,36,28,35,32,31,28
1540,CBCA203,29,35,34,17,19,34,28,28
1540,CBCA204,27,33,33,20,37,23,29,28
1541,CBCA201,49,49,56,53,57,55,53,53
1541,CBCA202,55,46,53,54,60,51,53,53
1541,CBCA203,49,63,53,53,43,49,52,53
1541,CBCA204,46,57,49,57,53,50,52,53
1542,CBCA201,49,51,51,51,51,48,50,51
1542,CBCA202,47,50,49,45,56,56,51,51
1542,CBCA203,56,59,48,64,48,51,54,51
1542,CBCA204,57,45,49,49,49,56,51,51
1543,CBCA201,59,54,48,42,60,59,54,54
1543,CBCA202,51,61,60,46,47,50,53,54
1543,CBCA203,54,59,54,60,44,56,55,54
1543,CBCA204,59,49,54,56,60,47,54,54
1544,CBCA201,83,79,83,83,75,82,81,82
1544,CBCA202,84,83,85,73,82,89,83,82
1544,CBCA203,84,89,82,82,83,88,85,82
1544,CBCA204,87,73,91,80,85,73,82,82
1545,CBCA201,50,47,50,55,51,48,50,51
1545,CBCA202,54,58,43,55,48,55,52,51
1545,CBCA203,44,61,47,44,46,50,49,51
1545,CBCA204,50,54,46,53,56,49,51,51
1546,CBCA201,79,81,81,85,91,87,84,83
1546,CBCA202,82,76,83,82,82,82,81,83
1546,CBCA203,89,85,74,81,80,87,83,83
1546,CBCA204,79,89,88,71,88,87,84,83
1547,CBCA201,70,70,70,71,72,74,71,73
1547,CBCA202,70,76,77,81,68,71,74,73
1547,CBCA203,83,66,83,72,73,75,75,73
1547,CBCA204,64,72,69,79,79,72,73,73
1548,CBCA201,94,97,80,90,81,88,88,88
1548,CBCA202,96,88,90,86,86,86,89,88
1548,CBCA203,96,90,86,87,84,86,88,88
1548,CBCA204,92,85,89,94,83,84,88,88
1549,CBCA201,63,59,47,61,53,51,56,54
1549,CBCA202,51,56,49,55,46,58,53,54
1549,CBCA203,53,47,53,47,57,46,51,54
1549,CBCA204,52,63,61,49,53,56,56,54
1550,CBCA201,60,79,72,69,76,65,70,69
1550,CBCA202,76,62,67,66,63,69,67,69
1550,CBCA203,70,73,74,65,68,73,71,69
1550,CBCA204,59,72,61,74,64,71,67,69
1551,CBCA201,93,81,80,83,82,78,83,87
1551,CBCA202,88,93,90,92,92,92,91,87
1551,CBCA203,96,87,79,84,86,88,87,87
1551,CBCA204,88,89,85,82,87,86,86,87
1552,CBCA201,56,61,46,54,62,48,55,56
1552,CBCA202,64,50,66,62,54,52,58,56
1552,CBCA203,60,54,52,58,57,57,56,56
1552,CBCA204,57,50,51,47,67,61,56,56
1553,CBCA201,85,80,85,81,74,70,79,79
1553,CBCA202,75,73,85,78,73,88,79,79
1553,CBCA203,80,81,78,70,78,77,77,79
1553,CBCA204,77,77,79,78,86,86,81,79
1554,CBCA201,93,92,85,83,93,85,89,89
1554,CBCA202,78,91,91,94,91,85,88,89
1554,CBCA203,85,88,89,83,98,99,90,89
1554,CBCA204,88,84,98,91,83,86,88,89
1555,CBCA201,56,51,47,53,45,53,51,50
1555,CBCA202,51,48,48,55,48,45,49,50
1555,CBCA203,44,47,50,56,49,55,50,50
1555,CBCA204,45,55,43,50,50,60,51,50
1556,CBCA201,72,78,76,71,68,79,74,74
1556,CBCA202,74,68,64,65,77,77,71,74
1556,CBCA203,80,82,64,76,77,74,76,74
1556,CBCA204,82,78,77,73,73,74,76,74
1557,CBCA201,62,56,61,64,51,60,59,58
1557,CBCA202,52,51,66,54,47,61,55,58
1557,CBCA203,61,58,51,64,67,64,61,58
1557,CBCA204,58,57,48,60,64,54,57,58
1558,CBCA201,26,24,22,31,36,35,29,28
1558,CBCA202,27,31,31,28,30,28,29,28
1558,CBCA203,24,22,33,22,28,19,25,28
1558,CBCA204,34,29,25,28,37,24,30,28
1559,CBCA201,87,83,77,83,88,90,85,84
1559,CBCA202,89,92,79,90,84,82,86,84
1559,CBCA203,79,84,94,83,76,87,84,84
1559,CBCA204,79,84,87,89,79,82,83,84
1560,CBCA201,65,67,67,61,56,77,66,66
1560,CBCA202,67,70,57,65,66,67,65,66
1560,CBCA203,62,64,62,64,72,65,65,66
1560,CBCA204,57,66,77,71,72,69,69,66
1561,CBCA201,66,65,61,58,61,57,61,64
1561,CBCA202,66,70,65,65,71,71,68,64
1561,CBCA203,61,64,59,61,68,71,64,64
1561,CBCA204,56,62,68,69,69,60,64,64
1562,CBCA201,77,86,87,96,81,84,85,85
1562,CBCA202,84,83,91,87,82,78,84,85
1562,CBCA203,88,81,80,82,82,87,83,85
1562,CBCA204,85,79,79,94,93,82,85,85
1563,CBCA201,58,45,61,58,59,43,54,50
1563,CBCA202,47,48,50,44,45,51,48,50
1563,CBCA203,50,49,51,39,46,60,49,50
1563,CBCA204,51,53,43,47,51,42,48,50
1564,CBCA201,80,67,76,73,69,79,74,74
1564,CBCA202,80,80,81,75,68,80,77,74
1564,CBCA203,65,82,71,71,73,69,72,74
1564,CBCA204,77,83,72,73,73,66,74,74
1565,CBCA201,19,12,7,20,18,6,14,14
1565,CBCA202,11,10,16,15,15,12,13,14
1565,CBCA203,15,16,21,20,21,9,17,14
1565,CBCA204,11,5,18,24,8,18,14,14
1566,CBCA201,80,59,67,64,71,69,68,68
1566,CBCA202,71,71,71,68,62,65,68,68
1566,CBCA203,67,74,64,65,66,63,67,68
1566,CBCA204,74,70,74,67,62,65,69,68
1567,CBCA201,57,63,54,59,46,58,56,56
1567,CBCA202,58,62,54,56,62,57,58,56
1567,CBCA203,64,48,61,48,49,59,55,56
1567,CBCA204,51,57,64,57,48,49,54,56
1568,CBCA201,35,34,27,29,38,37,33,32
1568,CBCA202,32,35,41,33,38,32,35,32
1568,CBCA203,35,23,29,34,25,39,31,32
1568,CBCA204,33,33,27,23,29,36,30,32
1569,CBCA201,62,59,63,67,58,62,62,65
1569,CBCA202,62,70,68,62,62,62,64,65
1569,CBCA203,66,72,72,64,67,65,68,65
1569,CBCA204,59,70,64,68,66,61,65,65
1570,CBCA201,67,50,59,67,57,64,61,61
1570,CBCA202,59,59,61,70,64,64,63,61
1570,CBCA203,65,62,63,52,50,55,58,61
1570,CBCA204,53,71,69,57,54,60,61,61
1571,CBCA201,88,100,86,100,96,93,94,95
1571,CBCA202,97,100,89,87,92,93,93,95
1571,CBCA203,98,94,100,92,95,85,94,95
1571,CBCA204,100,94,100,99,100,95,98,95
1572,CBCA201,57,55,69,62,50,61,59,58
1572,CBCA202,59,55,64,59,57,63,60,58
1572,CBCA203,53,54,61,55,59,53,56,58
1572,CBCA204,57,54,54,66,59,57,58,58
1573,CBCA201,79,72,83,78,82,74,78,77
1573,CBCA202,75,76,82,73,69,83,76,77
1573,CBCA203,75,74,83,68,82,85,78,77
1573,CBCA204,75,71,78,72,73,83,75,77
1574,CBCA201,37,25,26,20,22,32,27,27
1574,CBCA202,21,26,27,28,31,33,28,27
1574,CBCA203,21,26,31,34,22,22,26,27
1574,CBCA204,31,26,21,31,22,25,26,27
1575,CBCA201,55,63,47,50,49,46,52,52
1575,CBCA202,53,52,54,59,53,51,54,52
1575,CBCA203,48,54,51,58,54,47,52,52
1575,CBCA204,47,57,51,45,46,51,50,52
1576,CBCA201,61,53,60,54,58,52,56,59
1576,CBCA202,65,65,52,50,58,61,59,59
1576,CBCA203,57,64,63,64,64,68,63,59
1576,CBCA204,59,60,61,51,68,51,58,59
1577,CBCA201,69,69,72,77,78,67,72,74
1577,CBCA202,71,71,80,75,81,83,77,74
1577,CBCA203,78,66,74,79,72,68,73,74
1577,CBCA204,77,79,71,66,80,84,76,74
1578,CBCA201,91,93,94,93,83,87,90,90
1578,CBCA202,89,96,95,87,90,95,92,90
1578,CBCA203,97,86,88,89,87,91,90,90
1578,CBCA204,87,86,91,97,86,87,89,90
1579,CBCA201,84,81,92,85,85,93,87,89
1579,CBCA202,93,88,87,99,89,91,91,89
1579,CBCA203,94,97,86,96,83,93,92,89
1579,CBCA204,92,87,93,77,88,82,87,89
1580,CBCA201,84,92,95,98,87,87,91,91
1580,CBCA202,93,93,91,93,94,89,92,91
1580,CBCA203,89,98,95,88,100,83,92,91
1580,CBCA204,81,90,98,86,83,86,87,91
1581,CBCA201,83,86,86,78,77,83,82,83
1581,CBCA202,78,85,77,87,86,83,83,83
1581,CBCA203,79,80,90,78,71,80,80,83
1581,CBCA204,92,91,82,83,88,82,86,83
1582,CBCA201,88,91,89,92,91,93,91,89
1582,CBCA202,96,91,91,86,81,90,89,89
1582,CBCA203,88,86,96,85,95,80,88,89
1582,CBCA204,82,91,82,89,87,86,86,89
1583,CBCA201,86,84,80,84,77,82,82,81
1583,CBCA202,79,84,81,77,72,80,79,81
1583,CBCA203,73,85,80,81,80,83,80,81
1583,CBCA204,83,80,84,84,92,76,83,81
1584,CBCA201,50,43,43,57,53,54,50,51
1584,CBCA202,59,49,56,51,46,49,52,51
1584,CBCA203,46,52,58,44,60,53,52,51
1584,CBCA204,46,46,52,60,48,58,52,51
1585,CBCA201,82,87,78,78,91,89,84,80
1585,CBCA202,89,70,78,74,74,78,77,80
1585,CBCA203,70,84,91,84,75,87,82,80
1585,CBCA204,75,86,75,76,72,79,77,80
1586,CBCA201,65,67,59,61,60,64,63,61
1586,CBCA202,53,68,56,64,57,65,61,61
1586,CBCA203,65,72,56,59,62,56,62,61
1586,CBCA204,59,51,61,56,64,57,58,61
1587,CBCA201,83,88,75,74,75,79,79,78
1587,CBCA202,76,72,72,76,81,77,76,78
1587,CBCA203,86,81,91,80,79,69,81,78
1587,CBCA204,83,81,78,73,75,77,78,78
1588,CBCA201,61,57,46,47,53,58,54,54
1588,CBCA202,49,53,60,47,55,55,53,54
1588,CBCA203,65,48,49,56,53,50,54,54
1588,CBCA204,59,52,59,49,58,54,55,54
1589,CBCA201,41,52,40,46,47,49,46,49
1589,CBCA202,52,56,51,53,53,49,52,49
1589,CBCA203,45,40,49,57,45,47,47,49
1589,CBCA204,50,57,49,54,50,50,52,49
1590,CBCA201,70,62,68,62,75,62,67,65
1590,CBCA202,68,72,64,66,56,67,66,65
1590,CBCA203,70,60,59,69,59,65,64,65
1590,CBCA204,67,69,62,68,62,59,65,65
1591,CBCA201,97,87,91,92,92,86,91,90
1591,CBCA202,95,87,89,79,96,93,90,90
1591,CBCA203,91,88,87,96,82,91,89,90
1591,CBCA204,92,84,94,84,89,91,89,90
1592,CBCA201,65,63,59,64,59,62,62,63
1592,CBCA202,62,60,67,66,64,75,66,63
1592,CBCA203,65,72,61,59,62,59,63,63
1592,CBCA204,56,54,70,65,66,61,62,63
1593,CBCA201,87,81,91,92,94,92,90,89
1593,CBCA202,86,92,84,93,79,94,88,89
1593,CBCA203,80,82,82,89,90,95,86,89
1593,CBCA204,95,97,89,91,86,96,92,89
1594,CBCA201,7,5,16,17,3,6,9,11
1594,CBCA202,21,11,5,2,7,19,11,11
1594,CBCA203,11,13,6,14,4,9,10,11
1594,CBCA204,20,12,12,9,6,17,13,11
1595,CBCA201,80,94,94,88,87,84,88,88
1595,CBCA202,88,81,86,86,83,81,84,88
1595,CBCA203,94,94,94,81,81,81,88,88
1595,CBCA204,82,87,98,97,91,89,91,88
1596,CBCA201,54,55,66,53,48,59,56,58
1596,CBCA202,57,66,51,61,52,61,58,58
1596,CBCA203,55,65,60,60,54,48,57,58
1596,CBCA204,60,56,59,65,65,53,60,58
1597,CBCA201,83,83,76,88,89,79,83,81
1597,CBCA202,81,74,78,79,75,85,79,81
1597,CBCA203,83,81,81,90,92,70,83,81
1597,CBCA204,77,80,73,91,79,75,79,81
1598,CBCA201,90,100,95,96,97,96,96,97
1598,CBCA202,93,96,100,98,91,100,96,97
1598,CBCA203,97,100,93,97,100,100,98,97
1598,CBCA204,100,92,99,100,91,100,97,97
1599,CBCA201,85,89,92,87,97,82,89,87
1599,CBCA202,89,88,92,78,85,94,88,87
1599,CBCA203,78,78,86,85,95,95,86,87
1599,CBCA204,76,91,89,84,88,88,86,87
1600,CBCA201,65,60,69,62,60,50,61,59
1600,CBCA202,51,67,54,54,57,59,57,59
1600,CBCA203,58,57,69,57,56,57,59,59
1600,CBCA204,54,57,69,58,61,57,59,59
1601,CBCA201,87,79,89,90,76,84,84,85
1601,CBCA202,91,82,86,87,83,84,86,85
1601,CBCA203,91,76,83,89,88,94,87,85
1601,CBCA204,87,86,75,85,84,83,83,85
1602,CBCA201,88,91,87,85,75,89,86,84
1602,CBCA202,88,79,87,88,97,83,87,84
1602,CBCA203,84,81,82,88,75,78,81,84
1602,CBCA204,83,87,75,78,78,93,82,84
1603,CBCA201,51,53,57,51,46,57,53,49
1603,CBCA202,54,55,52,49,51,49,52,49
1603,CBCA203,44,41,41,51,48,48,46,49
1603,CBCA204,48,54,48,45,50,44,48,49
1604,CBCA201,91,89,92,93,91,93,92,93
1604,CBCA202,96,93,92,93,99,100,96,93
1604,CBCA203,95,93,99,82,100,89,93,93
1604,CBCA204,95,92,89,100,89,94,93,93
1605,CBCA201,68,77,72,68,67,70,70,72
1605,CBCA202,77,81,62,76,74,69,73,72
1605,CBCA203,68,72,65,81,66,80,72,72
1605,CBCA204,77,74,70,69,68,75,72,72
1606,CBCA201,19,22,32,23,20,23,23,24
1606,CBCA202,29,28,25,16,29,24,25,24
1606,CBCA203,33,25,16,25,22,20,24,24
1606,CBCA204,22,25,21,29,31,17,24,24
1607,CBCA201,54,64,61,55,59,63,59,58
1607,CBCA202,61,59,58,49,57,56,57,58
1607,CBCA203,65,54,61,63,66,52,60,58
1607,CBCA204,54,53,58,59,55,67,58,58
1608,CBCA201,4,4,6,0,5,11,5,5
1608,CBCA202,1,12,2,3,5,6,5,5
1608,CBCA203,0,12,11,0,9,12,7,5
1608,CBCA204,2,4,0,3,4,8,4,5
1609,CBCA201,64,64,67,72,59,58,64,66
1609,CBCA202,68,65,68,60,67,64,65,66
1609,CBCA203,65,76,65,62,68,68,67,66
1609,CBCA204,68,71,56,69,65,72,67,66
1610,CBCA201,20,11,23,5,7,19,14,15
1610,CBCA202,19,15,5,23,14,18,16,15
1610,CBCA203,9,12,20,18,21,15,16,15
1610,CBCA204,12,12,10,22,25,16,16,15
1611,CBCA201,68,63,68,70,70,61,67,66
1611,CBCA202,60,57,65,71,63,68,64,66
1611,CBCA203,56,69,64,73,67,66,66,66
1611,CBCA204,64,62,73,73,72,65,68,66
1612,CBCA201,84,83,88,96,94,92,90,91
1612,CBCA202,84,96,93,93,85,100,92,91
1612,CBCA203,97,88,93,88,93,96,93,91
1612,CBCA204,84,99,100,79,90,86,90,91
1613,CBCA201,42,41,45,36,41,33,40,40
1613,CBCA202,40,39,39,40,36,46,40,40
1613,CBCA203,40,52,34,43,39,36,41,40
1613,CBCA204,37,44,35,42,43,45,41,40
1614,CBCA201,86,90,92,80,78,82,85,84
1614,CBCA202,90,89,83,79,82,87,85,84
1614,CBCA203,86,74,82,94,78,90,84,84
1614,CBCA204,79,87,92,80,77,82,83,84
1615,CBCA201,79,74,77,66,74,75,74,77
1615,CBCA202,73,80,83,76,79,68,77,77
1615,CBCA203,74,73,69,81,79,87,77,77
1615,CBCA204,80,78,78,81,74,85,79,77
1616,CBCA201,91,83,75,89,88,89,86,83
1616,CBCA202,84,77,73,87,90,78,82,83
1616,CBCA203,80,73,81,85,85,75,80,83
1616,CBCA204,75,86,82,87,81,90,84,83
1617,CBCA201,79,89,84,89,88,94,87,86
1617,CBCA202,80,92,76,91,92,91,87,86
1617,CBCA203,83,90,82,85,83,80,84,86
1617,CBCA204,82,89,87,85,88,95,88,86
1618,CBCA201,94,100,100,100,90,96,97,95
1618,CBCA202,93,98,97,84,88,96,93,95
1618,CBCA203,95,99,100,89,87,100,95,95
1618,CBCA204,99,86,89,100,92,100,94,95
1619,CBCA201,82,86,84,96,88,95,89,89
1619,CBCA202,84,86,89,88,85,92,87,89
1619,CBCA203,97,92,86,84,88,91,90,89
1619,CBCA204,85,97,91,88,92,78,89,89
1620,CBCA201,49,62,58,60,62,64,59,58
1620,CBCA202,62,64,61,57,53,55,59,58
1620,CBCA203,63,48,57,54,62,50,56,58
1620,CBCA204,55,67,63,54,62,55,59,58
1621,CBCA201,90,92,85,91,93,84,89,87
1621,CBCA202,90,82,92,91,94,78,88,87
1621,CBCA203,88,83,86,91,84,86,86,87
1621,CBCA204,94,88,83,82,79,82,85,87
1622,CBCA201,39,32,37,34,31,27,33,34
1622,CBCA202,31,25,35,39,43,30,34,34
1622,CBCA203,42,30,26,43,37,33,35,34
1622,CBCA204,41,40,33,32,29,31,34,34
1623,CBCA201,4,10,0,7,0,12,6,3
1623,CBCA202,0,0,3,5,0,0,1,3
1623,CBCA203,5,0,0,3,0,0,1,3
1623,CBCA204,3,0,0,0,3,9,3,3
1624,CBCA201,97,92,77,81,80,75,84,84
1624,CBCA202,86,81,84,84,78,92,84,84
1624,CBCA203,82,84,82,79,83,84,82,84
1624,CBCA204,80,88,85,87,95,89,87,84
1625,CBCA201,27,25,36,36,31,36,32,31
1625,CBCA202,29,36,31,35,26,33,32,31
1625,CBCA203,29,21,30,27,37,35,30,31
1625,CBCA204,30,33,30,30,25,31,30,31
1626,CBCA201,68,69,73,81,76,85,75,79
1626,CBCA202,79,74,78,87,86,78,80,79
1626,CBCA203,81,77,86,80,82,85,82,79
1626,CBCA204,75,85,72,87,79,77,79,79
1627,CBCA201,2,14,13,10,6,19,11,9
1627,CBCA202,2,13,8,6,6,1,6,9
1627,CBCA203,14,4,11,15,0,10,9,9
1627,CBCA204,6,1,9,15,20,16,11,9
1628,CBCA201,82,81,83,78,89,73,81,83
1628,CBCA202,77,87,81,81,82,83,82,83
1628,CBCA203,88,82,78,87,88,88,85,83
1628,CBCA204,83,92,80,76,84,79,82,83
1629,CBCA201,56,51,65,56,53,50,55,56
1629,CBCA202,55,59,51,53,49,57,54,56
1629,CBCA203,63,52,61,61,65,53,59,56
1629,CBCA204,56,55,54,61,46,62,56,56
1630,CBCA201,27,36,32,28,33,32,31,28
1630,CBCA202,20,36,25,33,18,21,26,28
1630,CBCA203,27,28,29,31,36,33,31,28
1630,CBCA204,29,29,28,18,22,26,25,28
1631,CBCA201,93,91,95,89,97,98,94,95
1631,CBCA202,93,91,100,99,98,93,96,95
1631,CBCA203,92,97,95,92,96,100,95,95
1631,CBCA204,89,98,100,100,97,92,96,95
1632,CBCA201,2,12,2,0,2,6,4,7
1632,CBCA202,2,8,6,9,10,11,8,7
1632,CBCA203,0,10,13,4,11,0,6,7
1632,CBCA204,6,0,12,6,11,13,8,7
1633,CBCA201,54,50,55,62,49,52,54,54
1633,CBCA202,56,56,60,55,52,52,55,54
1633,CBCA203,51,61,50,54,54,53,54,54
1633,CBCA204,63,51,51,53,46,52,53,54
1634,CBCA201,82,85,76,84,79,74,80,80
1634,CBCA202,80,75,79,85,84,86,82,80
1634,CBCA203,86,82,71,70,82,76,78,80
1634,CBCA204,78,83,84,74,70,83,79,80
1635,CBCA201,78,72,67,80,68,80,74,73
1635,CBCA202,74,62,83,69,73,73,72,73
1635,CBCA203,70,78,76,62,72,74,72,73
1635,CBCA204,74,77,75,75,69,73,74,73
1636,CBCA201,65,66,58,72,61,59,64,64
1636,CBCA202,57,67,67,68,72,66,66,64
1636,CBCA203,58,57,59,64,62,71,62,64
1636,CBCA204,60,59,72,73,64,70,66,64
1637,CBCA201,54,59,53,54,59,60,57,57
1637,CBCA202,51,50,59,54,63,61,56,57
1637,CBCA203,47,62,63,56,59,57,57,57
1637,CBCA204,46,64,61,57,45,62,56,57
1638,CBCA201,9,1,0,8,4,0,4,5
1638,CBCA202,4,4,0,8,4,6,4,5
1638,CBCA203,1,9,1,7,10,0,5,5
1638,CBCA204,1,8,13,0,14,7,7,5
1639,CBCA201,78,85,86,78,83,79,82,83
1639,CBCA202,86,77,75,77,82,79,79,83
1639,CBCA203,78,73,85,83,92,93,84,83
1639,CBCA204,94,84,95,85,84,85,88,83
1640,CBCA201,90,93,87,85,89,93,90,89
1640,CBCA202,85,98,91,92,85,85,89,89
1640,CBCA203,81,87,95,88,92,95,90,89
1640,CBCA204,84,83,94,88,90,83,87,89
1641,CBCA201,23,27,26,29,27,22,26,29
1641,CBCA202,36,20,28,31,31,38,31,29
1641,CBCA203,25,27,28,31,32,25,28,29
1641,CBCA204,27,32,27,31,27,37,30,29
1642,CBCA201,79,87,83,79,76,74,80,80
1642,CBCA202,77,86,77,82,78,83,81,80
1642,CBCA203,71,73,81,74,84,84,78,80
1642,CBCA204,81,79,79,81,85,75,80,80
1643,CBCA201,46,39,45,42,40,41,42,40
1643,CBCA202,41,47,35,41,39,36,40,40
1643,CBCA203,36,36,51,36,31,42,39,40
1643,CBCA204,33,45,39,45,35,41,40,40
1644,CBCA201,88,81,75,80,73,81,80,79
1644,CBCA202,84,79,69,76,79,84,79,79
1644,CBCA203,85,76,80,80,71,83,79,79
1644,CBCA204,70,72,82,81,84,80,78,79
1645,CBCA201,84,97,84,88,86,93,89,89
1645,CBCA202,83,96,90,80,84,98,89,89
1645,CBCA203,83,85,90,91,100,86,89,89
1645,CBCA204,100,84,98,82,89,89,90,89
1646,CBCA201,64,62,68,59,55,57,61,59
1646,CBCA202,61,59,63,69,68,55,63,59
1646,CBCA203,58,55,52,47,53,55,53,59
1646,CBCA204,50,64,53,57,65,60,58,59
1647,CBCA201,47,48,56,58,45,44,50,48
1647,CBCA202,53,48,50,52,43,43,48,48
1647,CBCA203,41,43,43,48,43,56,46,48
1647,CBCA204,44,44,59,42,52,48,48,48
1648,CBCA201,84,98,84,91,88,87,89,87
1648,CBCA202,79,87,91,97,90,85,88,87
1648,CBCA203,78,85,91,85,81,95,86,87
1648,CBCA204,92,87,89,83,87,80,86,87
1649,CBCA201,78,82,77,79,74,82,79,78
1649,CBCA202,79,86,80,77,69,82,79,78
1649,CBCA203,79,83,69,72,79,77,77,78
1649,CBCA204,81,83,76,77,84,76,80,78
1650,CBCA201,3,0,10,0,3,3,3,3
1650,CBCA202,0,5,3,4,9,0,4,3
1650,CBCA203,1,5,4,1,0,2,2,3
1650,CBCA204,0,0,6,2,0,0,1,3
1651,CBCA201,65,57,63,52,57,63,60,61
1651,CBCA202,54,62,60,56,68,64,61,61
1651,CBCA203,67,68,63,60,59,61,63,61
1651,CBCA204,57,62,55,63,67,72,63,61
1652,CBCA201,70,66,72,58,57,59,64,60
1652,CBCA202,64,55,56,55,64,64,60,60
1652,CBCA203,56,60,49,60,52,61,56,60
1652,CBCA204,58,67,52,58,64,56,59,60
1653,CBCA201,85,89,82,84,93,87,87,84
1653,CBCA202,79,87,86,85,89,82,85,84
1653,CBCA203,89,77,78,83,84,86,83,84
1653,CBCA204,76,86,75,90,87,78,82,84
1654,CBCA201,49,36,44,45,45,40,43,42
1654,CBCA202,45,35,42,33,42,43,40,42
1654,CBCA203,40,46,41,51,48,46,45,42
1654,CBCA204,44,42,50,35,33,38,40,42
1655,CBCA201,69,57,65,65,66,68,65,64
1655,CBCA202,62,61,63,64,68,66,64,64
1655,CBCA203,73,55,66,64,69,61,65,64
1655,CBCA204,59,63,66,66,65,66,64,64
1656,CBCA201,78,83,91,92,76,86,84,83
1656,CBCA202,86,84,79,79,88,78,82,83
1656,CBCA203,84,85,83,86,86,83,85,83
1656,CBCA204,77,82,86,73,80,86,81,83
1657,CBCA201,74,78,75,67,75,71,73,77
1657,CBCA202,74,84,86,88,74,79,81,77
1657,CBCA203,77,80,71,75,87,77,78,77
1657,CBCA204,82,81,69,75,77,80,77,77
1658,CBCA201,46,51,52,51,49,46,49,50
1658,CBCA202,50,47,54,53,48,52,51,50
1658,CBCA203,51,54,51,45,54,45,50,50
1658,CBCA204,53,51,49,44,55,56,51,50
1659,CBCA201,52,53,38,58,53,43,50,50
1659,CBCA202,45,43,51,50,48,46,47,50
1659,CBCA203,50,51,52,41,45,48,48,50
1659,CBCA204,57,53,54,57,53,52,54,50
1660,CBCA201,84,89,93,89,87,83,88,87
1660,CBCA202,91,91,80,90,89,80,87,87
1660,CBCA203,89,91,80,77,86,90,86,87
1660,CBCA204,82,85,90,83,94,83,86,87
1661,CBCA201,6,10,4,0,3,0,4,7
1661,CBCA202,17,6,6,11,17,2,10,7
1661,CBCA203,10,14,4,9,0,5,7,7
1661,CBCA204,6,15,9,2,10,9,9,7
1662,CBCA201,76,80,71,84,86,75,79,80
1662,CBCA202,87,83,91,87,81,76,84,80
1662,CBCA203,78,81,79,84,77,74,79,80
1662,CBCA204,80,80,85,69,74,84,79,80
1663,CBCA201,60,65,69,66,72,73,68,68
1663,CBCA202,71,64,74,67,76,78,72,68
1663,CBCA203,64,77,61,66,73,66,68,68
1663,CBCA204,64,58,70,69,61,79,67,68
1664,CBCA201,74,75,77,73,67,78,74,73
1664,CBCA202,65,69,79,72,74,70,72,73
1664,CBCA203,83,76,73,70,73,66,74,73
1664,CBCA204,76,74,69,67,72,72,72,73
1665,CBCA201,87,87,82,88,88,90,87,86
1665,CBCA202,85,80,93,94,87,84,87,86
1665,CBCA203,77,88,87,81,86,91,85,86
1665,CBCA204,92,85,84,77,83,87,85,86
1666,CBCA201,93,92,88,91,87,89,90,89
1666,CBCA202,78,83,91,77,92,93,86,89
1666,CBCA203,79,83,92,90,93,93,88,89
1666,CBCA204,91,89,84,91,94,93,90,89
1667,CBCA201,66,74,79,66,63,74,70,68
1667,CBCA202,73,60,69,65,67,71,68,68
1667,CBCA203,71,61,59,69,75,70,68,68
1667,CBCA204,70,68,63,64,59,77,67,68
1668,CBCA201,5,18,14,0,12,6,9,7
1668,CBCA202,4,0,3,7,11,3,5,7
1668,CBCA203,6,3,5,5,4,13,6,7
1668,CBCA204,7,1,15,3,10,17,9,7
1669,CBCA201,84,85,72,77,79,77,79,83
1669,CBCA202,83,88,89,84,77,80,84,83
1669,CBCA203,81,87,80,87,86,80,84,83
1669,CBCA204,89,79,86,93,78,91,86,83
1670,CBCA201,62,65,62,58,71,64,64,62
1670,CBCA202,67,57,67,62,66,58,63,62
1670,CBCA203,64,67,55,56,62,59,61,62
1670,CBCA204,57,54,68,64,62,59,61,62
1671,CBCA201,39,42,31,36,30,27,34,33
1671,CBCA202,30,34,30,34,30,31,32,33
1671,CBCA203,40,43,31,26,26,31,33,33
1671,CBCA204,44,35,30,28,36,21,32,33
1672,CBCA201,74,76,81,83,70,69,76,79
1672,CBCA202,85,81,76,84,71,85,80,79
1672,CBCA203,79,81,84,83,83,78,81,79
1672,CBCA204,72,84,84,86,74,82,80,79
1673,CBCA201,40,38,48,41,45,55,45,50
1673,CBCA202,53,50,51,53,54,55,53,50
1673,CBCA203,51,47,57,51,53,56,53,50
1673,CBCA204,52,48,55,50,46,57,51,50
1674,CBCA201,12,14,23,9,11,5,12,12
1674,CBCA202,6,11,17,14,23,11,14,12
1674,CBCA203,11,14,11,5,17,10,11,12
1674,CBCA204,12,12,21,11,9,9,12,12
1675,CBCA201,78,73,87,84,80,72,79,83
1675,CBCA202,92,93,82,87,78,80,85,83
1675,CBCA203,76,84,87,81,93,86,85,83
1675,CBCA204,86,84,85,78,85,86,84,83
1676,CBCA201,100,95,88,100,90,100,96,95
1676,CBCA202,100,100,88,88,94,95,94,95
1676,CBCA203,98,86,91,91,92,100,93,95
1676,CBCA204,100,98,94,100,100,100,99,95
1677,CBCA201,66,69,79,72,73,71,72,71
1677,CBCA202,75,78,71,69,71,67,72,71
1677,CBCA203,75,76,75,66,68,70,72,71
1677,CBCA204,62,66,72,80,67,68,69,71
1678,CBCA201,58,61,64,51,63,59,59,58
1678,CBCA202,65,52,58,56,58,60,58,58
1678,CBCA203,52,51,51,60,54,52,53,58
1678,CBCA204,66,59,53,63,64,53,60,58
1679,CBCA201,57,64,69,68,66,73,66,66
1679,CBCA202,65,56,65,60,75,70,65,66
1679,CBCA203,59,65,65,63,70,72,66,66
1679,CBCA204,72,62,61,66,65,67,66,66
1680,CBCA201,89,96,91,90,90,85,90,89
1680,CBCA202,97,88,96,87,84,84,89,89
1680,CBCA203,79,88,93,88,89,91,88,89
1680,CBCA204,88,91,92,84,82,90,88,89
1681,CBCA201,67,69,73,63,71,66,68,67
1681,CBCA202,63,73,71,68,58,69,67,67
1681,CBCA203,63,58,66,65,68,73,66,67
1681,CBCA204,58,73,67,71,65,70,67,67
1682,CBCA201,59,68,76,79,73,67,70,70
1682,CBCA202,67,62,70,75,70,66,68,70
1682,CBCA203,69,70,70,75,77,78,73,70
1682,CBCA204,73,68,71,63,66,75,69,70
1683,CBCA201,16,18,26,16,28,16,20,21
1683,CBCA202,14,22,27,22,28,21,22,21
1683,CBCA203,10,23,30,20,26,23,22,21
1683,CBCA204,13,18,22,16,28,16,19,21
1684,CBCA201,87,91,99,98,86,93,92,92
1684,CBCA202,97,95,86,90,86,92,91,92
1684,CBCA203,93,95,94,88,92,89,92,92
1684,CBCA204,93,90,90,98,95,86,92,92
1685,CBCA201,46,57,50,48,57,48,51,52
1685,CBCA202,54,56,54,56,48,49,53,52
1685,CBCA203,48,48,59,50,50,52,51,52
1685,CBCA204,50,48,51,51,59,53,52,52
1686,CBCA201,93,92,87,94,100,87,92,92
1686,CBCA202,97,92,91,91,100,88,93,92
1686,CBCA203,92,83,96,100,84,93,91,92
1686,CBCA204,90,97,90,86,88,91,90,92
1687,CBCA201,84,88,80,85,85,74,83,79
1687,CBCA202,83,85,74,82,81,80,81,79
1687,CBCA203,85,78,69,75,76,76,77,79
1687,CBCA204,76,83,75,75,76,66,75,79
1688,CBCA201,58,55,55,59,45,56,55,56
1688,CBCA202,58,61,51,66,59,49,57,56
1688,CBCA203,59,65,49,56,60,59,58,56
1688,CBCA204,60,50,59,57,52,56,56,56
1689,CBCA201,23,24,30,27,30,26,27,25
1689,CBCA202,22,31,25,20,19,19,23,25
1689,CBCA203,26,25,26,21,23,21,24,25
1689,CBCA204,21,31,21,24,29,24,25,25
1690,CBCA201,92,100,90,100,100,95,96,97
1690,CBCA202,100,90,100,99,100,99,98,97
1690,CBCA203,95,99,95,100,96,97,97,97
1690,CBCA204,100,100,90,100,100,88,96,97
1691,CBCA201,100,98,95,96,93,93,96,96
1691,CBCA202,97,100,96,96,100,92,97,96
1691,CBCA203,100,97,96,88,100,98,97,96
1691,CBCA204,100,92,100,88,95,94,95,96
1692,CBCA201,87,89,91,78,94,98,90,88
1692,CBCA202,89,88,86,84,80,97,87,88
1692,CBCA203,88,89,83,86,83,87,86,88
1692,CBCA204,86,96,89,85,86,88,88,88
1693,CBCA201,56,44,53,48,54,58,52,52
1693,CBCA202,56,50,50,52,44,48,50,52
1693,CBCA203,52,57,58,45,47,51,52,52
1693,CBCA204,52,51,46,62,43,60,52,52
1694,CBCA201,53,52,53,52,59,55,54,59
1694,CBCA202,63,58,57,59,55,59,59,59
1694,CBCA203,68,62,62,67,60,55,62,59
1694,CBCA204,53,64,65,63,60,51,59,59
1695,CBCA201,98,98,100,96,100,100,99,95
1695,CBCA202,99,91,97,100,90,88,94,95
1695,CBCA203,100,91,90,88,92,93,92,95
1695,CBCA204,84,97,91,99,100,88,93,95
1696,CBCA201,60,52,62,60,61,63,60,59
1696,CBCA202,50,60,68,66,63,51,60,59
1696,CBCA203,57,57,65,60,57,58,59,59
1696,CBCA204,61,63,57,55,49,59,57,59
1697,CBCA201,65,48,65,60,57,58,59,58
1697,CBCA202,60,59,58,57,66,69,62,58
1697,CBCA203,60,58,61,57,48,55,57,58
1697,CBCA204,59,54,63,50,59,57,57,58
1698,CBCA201,35,35,32,40,34,36,35,38
1698,CBCA202,47,50,42,38,41,41,43,38
1698,CBCA203,38,34,31,45,41,30,37,38
1698,CBCA204,34,40,36,41,36,41,38,38
1699,CBCA201,46,42,37,54,45,41,44,45
1699,CBCA202,45,42,36,56,45,39,44,45
1699,CBCA203,44,46,42,45,50,39,44,45
1699,CBCA204,38,48,49,45,51,56,48,45
1700,CBCA201,100,94,100,95,95,93,96,97
1700,CBCA202,100,94,100,100,93,96,97,97
1700,CBCA203,100,97,98,100,95,100,98,97
1700,CBCA204,97,95,98,90,94,100,96,97
1701,CBCA201,92,92,96,87,88,94,92,91
1701,CBCA202,92,90,90,96,95,83,91,91
1701,CBCA203,89,90,92,92,93,82,90,91
1701,CBCA204,87,94,88,82,91,97,90,91
1702,CBCA201,27,40,43,39,36,42,38,36
1702,CBCA202,31,25,35,36,28,35,32,36
1702,CBCA203,35,37,39,42,36,37,38,36
1702,CBCA204,32,37,36,42,42,26,36,36
1703,CBCA201,85,86,95,90,82,96,89,84
1703,CBCA202,89,84,83,95,81,73,84,84
1703,CBCA203,84,77,87,85,79,74,81,84
1703,CBCA204,89,79,84,83,84,83,84,84
1704,CBCA201,68,71,68,78,78,69,72,71
1704,CBCA202,74,65,64,75,81,69,71,71
1704,CBCA203,64,72,63,70,76,75,70,71
1704,CBCA204,77,75,62,74,70,75,72,71
1705,CBCA201,77,69,82,78,82,80,78,79
1705,CBCA202,73,76,74,77,69,83,75,79
1705,CBCA203,79,71,84,85,76,84,80,79
1705,CBCA204,77,85,85,81,77,80,81,79
1706,CBCA201,21,25,22,23,27,32,25,26
1706,CBCA202,26,28,27,25,31,20,26,26
1706,CBCA203,31,21,37,18,30,31,28,26
1706,CBCA204,19,17,38,27,35,20,26,26
1707,CBCA201,63,63,59,69,72,59,64,64
1707,CBCA202,58,72,66,63,66,65,65,64
1707,CBCA203,65,61,62,66,75,64,66,64
1707,CBCA204,62,60,66,64,65,62,63,64
1708,CBCA201,93,85,82,97,87,95,90,87
1708,CBCA202,92,82,78,77,84,92,84,87
1708,CBCA203,89,80,94,86,76,96,87,87
1708,CBCA204,85,92,88,89,94,80,88,87
1709,CBCA201,88,92,98,86,85,88,90,88
1709,CBCA202,95,87,85,94,91,80,89,88
1709,CBCA203,79,85,90,81,89,91,86,88
1709,CBCA204,83,88,94,91,94,88,90,88
1710,CBCA201,66,56,58,55,70,62,61,63
1710,CBCA202,60,61,72,60,67,72,65,63
1710,CBCA203,64,65,67,59,59,65,63,63
1710,CBCA204,67,56,59,71,65,58,63,63
1711,CBCA201,61,75,74,67,58,62,66,67
1711,CBCA202,56,73,63,75,67,62,66,67
1711,CBCA203,65,63,66,65,66,76,67,67
1711,CBCA204,66,64,58,76,74,74,69,67
1712,CBCA201,88,94,90,84,92,85,89,90
1712,CBCA202,86,82,91,97,90,90,89,90
1712,CBCA203,92,86,92,92,95,94,92,90
1712,CBCA204,96,93,83,92,87,95,91,90
1713,CBCA201,82,83,73,81,78,80,80,80
1713,CBCA202,71,84,86,76,77,77,79,80
1713,CBCA203,78,73,79,82,83,88,81,80
1713,CBCA204,86,86,68,77,75,87,80,80
1714,CBCA201,91,87,97,76,84,84,87,88
1714,CBCA202,89,87,93,89,93,85,89,88
1714,CBCA203,91,79,92,88,78,90,86,88
1714,CBCA204,91,94,87,87,92,93,91,88
1715,CBCA201,82,82,80,71,79,68,77,77
1715,CBCA202,78,75,82,74,90,76,79,77
1715,CBCA203,72,77,69,73,80,66,73,77
1715,CBCA204,71,78,75,81,81,79,78,77
1716,CBCA201,73,74,78,62,68,66,70,70
1716,CBCA202,65,70,66,79,65,70,69,70
1716,CBCA203,73,71,72,72,69,68,71,70
1716,CBCA204,64,76,58,75,68,66,68,70
1717,CBCA201,90,75,92,88,82,90,86,84
1717,CBCA202,73,84,89,76,85,82,82,84
1717,CBCA203,82,94,90,88,82,82,86,84
1717,CBCA204,85,87,93,83,78,77,84,84
1718,CBCA201,33,39,48,35,28,39,37,35
1718,CBCA202,29,29,29,35,35,31,31,35
1718,CBCA203,28,30,34,40,34,41,35,35
1718,CBCA204,37,42,31,39,33,39,37,35
1719,CBCA201,92,86,93,96,99,94,93,91
1719,CBCA202,96,93,98,90,92,78,91,91
1719,CBCA203,93,83,89,88,96,90,90,91
1719,CBCA204,92,91,89,95,89,86,90,91
1720,CBCA201,76,69,79,65,74,81,74,76
1720,CBCA202,79,68,81,81,77,69,76,76
1720,CBCA203,80,78,80,76,70,78,77,76
1720,CBCA204,79,72,75,69,73,86,76,76
1721,CBCA201,51,53,48,47,57,56,52,50
1721,CBCA202,44,51,42,54,53,47,49,50
1721,CBCA203,43,59,44,55,49,44,49,50
1721,CBCA204,54,47,44,58,49,44,49,50
1722,CBCA201,70,65,66,71,65,74,69,71
1722,CBCA202,76,70,68,68,76,75,72,71
1722,CBCA203,68,77,76,70,76,67,72,71
1722,CBCA204,80,81,79,62,66,69,73,71
1723,CBCA201,83,84,87,89,82,80,84,84
1723,CBCA202,73,83,81,86,84,79,81,84
1723,CBCA203,89,87,86,84,86,85,86,84
1723,CBCA204,87,83,90,80,83,79,84,84
1724,CBCA201,52,64,65,61,65,65,62,63
1724,CBCA202,67,58,63,62,67,58,63,63
1724,CBCA203,68,59,73,58,65,61,64,63
1724,CBCA204,66,61,60,69,64,68,65,63
1725,CBCA201,87,100,100,100,97,92,96,96
1725,CBCA202,100,98,100,100,100,100,100,96
1725,CBCA203,94,92,100,99,94,87,94,96
1725,CBCA204,91,96,100,95,92,100,96,96
1726,CBCA201,22,20,19,11,20,17,18,17
1726,CBCA202,24,15,7,7,22,14,15,17
1726,CBCA203,11,16,14,21,18,17,16,17
1726,CBCA204,26,21,17,24,19,14,20,17
1727,CBCA201,67,66,80,74,75,75,73,75
1727,CBCA202,78,69,82,73,73,78,76,75
1727,CBCA203,74,83,71,75,76,66,74,75
1727,CBCA204,82,80,75,64,81,85,78,75
1728,CBCA201,8,14,10,11,17,16,13,12
1728,CBCA202,19,0,6,12,13,6,9,12
1728,CBCA203,17,10,11,14,8,20,13,12
1728,CBCA204,11,15,9,15,12,16,13,12
1729,CBCA201,62,68,56,60,59,65,62,65
1729,CBCA202,65,73,60,64,62,77,67,65
1729,CBCA203,67,65,61,68,58,68,65,65
1729,CBCA204,67,72,68,66,63,66,67,65
1730,CBCA201,40,38,41,35,42,25,37,34
1730,CBCA202,27,26,35,37,28,37,32,34
1730,CBCA203,43,37,36,31,40,27,36,34
1730,CBCA204,29,35,38,24,41,32,33,34
1731,CBCA201,65,62,75,65,71,62,67,66
1731,CBCA202,72,62,70,62,57,60,64,66
1731,CBCA203,67,65,74,70,69,62,68,66
1731,CBCA204,72,60,58,70,68,65,66,66
1732,CBCA201,8,3,5,1,1,12,5,7
1732,CBCA202,6,11,13,6,14,3,9,7
1732,CBCA203,7,16,0,11,2,11,8,7
1732,CBCA204,2,11,2,6,2,5,5,7
1733,CBCA201,74,81,79,90,78,84,81,84
1733,CBCA202,85,76,81,80,88,88,83,84
1733,CBCA203,74,84,93,84,94,88,86,84
1733,CBCA204,92,76,92,81,81,87,85,84
1734,CBCA201,60,70,68,70,66,69,67,65
1734,CBCA202,67,57,68,68,57,62,63,65
1734,CBCA203,57,54,62,72,56,74,63,65
1734,CBCA204,76,66,67,61,63,62,66,65
1735,CBCA201,80,85,71,85,79,85,81,79
1735,CBCA202,80,88,80,75,86,79,81,79
1735,CBCA203,76,72,80,80,73,75,76,79
1735,CBCA204,75,84,76,88,73,73,78,79
1736,CBCA201,89,91,93,87,84,88,89,85
1736,CBCA202,90,83,85,84,79,86,85,85
1736,CBCA203,89,86,81,79,81,87,84,85
1736,CBCA204,82,81,77,78,86,85,82,85
1737,CBCA201,83,88,92,80,96,88,88,88
1737,CBCA202,88,92,81,89,93,90,89,88
1737,CBCA203,85,78,83,93,87,97,87,88
1737,CBCA204,88,80,89,89,95,90,89,88
1738,CBCA201,84,97,90,89,100,89,92,91
1738,CBCA202,86,100,94,92,84,85,90,91
1738,CBCA203,85,94,91,90,92,83,89,91
1738,CBCA204,96,100,90,88,87,95,93,91
1739,CBCA201,91,80,91,89,82,92,88,87
1739,CBCA202,81,86,82,88,87,84,85,87
1739,CBCA203,89,93,88,83,80,77,85,87
1739,CBCA204,96,96,84,87,85,87,89,87
1740,CBCA201,88,98,86,90,86,91,90,88
1740,CBCA202,87,88,82,89,77,91,86,88
1740,CBCA203,92,84,78,97,85,90,88,88
1740,CBCA204,86,89,88,90,83,86,87,88
1741,CBCA201,83,78,92,95,87,83,86,89
1741,CBCA202,91,89,91,99,99,92,94,89
1741,CBCA203,96,90,83,91,87,84,89,89
1741,CBCA204,89,96,84,89,91,86,89,89
1742,CBCA201,100,96,96,100,95,100,98,98
1742,CBCA202,100,92,100,99,96,93,97,98
1742,CBCA203,100,93,100,100,95,98,98,98
1742,CBCA204,94,100,100,100,100,100,99,98
1743,CBCA201,73,62,61,61,68,67,65,66
1743,CBCA202,66,74,60,63,68,67,66,66
1743,CBCA203,64,65,64,56,74,55,63,66
1743,CBCA204,67,64,73,74,56,70,67,66
1744,CBCA201,72,87,80,86,74,79,80,77
1744,CBCA202,85,79,74,72,84,77,79,77
1744,CBCA203,82,73,77,79,70,68,75,77
1744,CBCA204,75,76,74,72,72,79,75,77
1745,CBCA201,78,90,85,88,86,79,84,83
1745,CBCA202,76,76,81,91,84,90,83,83
1745,CBCA203,81,78,90,86,81,82,83,83
1745,CBCA204,92,81,88,87,78,71,83,83
1746,CBCA201,33,25,22,27,18,20,24,25
1746,CBCA202,26,18,22,32,27,21,24,25
1746,CBCA203,22,28,24,22,22,32,25,25
1746,CBCA204,30,35,37,27,19,17,28,25
1747,CBCA201,71,81,75,75,73,81,76,78
1747,CBCA202,81,71,68,81,82,81,77,78
1747,CBCA203,76,81,82,80,86,86,82,78
1747,CBCA204,87,69,76,79,77,71,77,78
1748,CBCA201,30,39,34,37,30,37,35,34
1748,CBCA202,37,34,35,31,43,29,35,34
1748,CBCA203,33,26,33,29,27,38,31,34
1748,CBCA204,40,36,39,39,36,34,37,34
1749,CBCA201,58,60,61,67,57,56,60,60
1749,CBCA202,50,61,63,64,61,68,61,60
1749,CBCA203,63,62,48,51,56,67,58,60
1749,CBCA204,63,60,58,67,66,56,62,60
1750,CBCA201,78,76,73,75,68,75,74,75
1750,CBCA202,79,78,71,67,72,75,74,75
1750,CBCA203,68,68,77,70,78,73,72,75
1750,CBCA204,85,76,86,75,72,75,78,75
1751,CBCA201,68,66,70,67,64,76,69,66
1751,CBCA202,58,71,64,62,63,57,63,66
1751,CBCA203,72,74,60,68,73,62,68,66
1751,CBCA204,73,66,64,60,67,67,66,66
1752,CBCA201,74,72,67,71,78,75,73,72
1752,CBCA202,75,62,69,73,68,71,70,72
1752,CBCA203,61,78,74,64,69,78,71,72
1752,CBCA204,78,81,63,70,72,74,73,72
1753,CBCA201,92,90,97,99,89,87,92,89
1753,CBCA202,78,98,79,77,86,86,84,89
1753,CBCA203,93,92,86,81,84,97,89,89
1753,CBCA204,86,92,89,90,96,93,91,89
1754,CBCA201,67,63,59,67,62,74,65,68
1754,CBCA202,69,65,70,63,65,70,67,68
1754,CBCA203,63,77,67,59,58,66,65,68
1754,CBCA204,73,77,69,69,74,74,73,68
1755,CBCA201,77,71,63,77,78,69,73,72
1755,CBCA202,76,81,69,70,71,64,72,72
1755,CBCA203,77,76,76,65,74,70,73,72
1755,CBCA204,65,73,73,74,80,64,72,72
1756,CBCA201,77,71,77,67,75,76,74,72
1756,CBCA202,71,65,64,75,62,69,68,72
1756,CBCA203,79,74,78,73,71,70,74,72
1756,CBCA204,70,80,73,78,69,73,74,72
1757,CBCA201,12,19,16,18,12,13,15,19
1757,CBCA202,22,23,22,24,22,22,23,19
1757,CBCA203,15,22,17,26,17,20,20,19
1757,CBCA204,15,25,19,29,18,15,20,19
1758,CBCA201,92,82,88,84,89,94,88,85
1758,CBCA202,87,85,78,87,87,92,86,85
1758,CBCA203,83,93,80,78,78,87,83,85
1758,CBCA204,79,82,89,75,85,90,83,85
1759,CBCA201,54,57,57,52,62,50,55,57
1759,CBCA202,63,66,65,55,53,50,59,57
1759,CBCA203,53,58,61,48,65,59,57,57
1759,CBCA204,52,67,58,54,54,55,57,57
1760,CBCA201,69,68,72,58,70,63,67,68
1760,CBCA202,71,66,63,73,62,76,69,68
1760,CBCA203,69,65,73,61,74,71,69,68
1760,CBCA204,62,76,59,59,70,74,67,68
1761,CBCA201,58,51,43,56,54,50,52,53
1761,CBCA202,53,52,45,57,48,51,51,53
1761,CBCA203,49,58,59,44,60,53,54,53
1761,CBCA204,57,53,50,54,62,55,55,53
1762,CBCA201,36,19,30,28,30,26,28,29
1762,CBCA202,38,31,29,18,31,34,30,29
1762,CBCA203,31,23,28,27,31,27,28,29
1762,CBCA204,32,36,37,19,31,27,30,29
1763,CBCA201,70,71,58,74,64,75,69,67
1763,CBCA202,69,62,62,62,67,65,65,67
1763,CBCA203,70,68,63,66,75,63,68,67
1763,CBCA204,72,58,68,70,73,67,68,67
1764,CBCA201,85,85,90,87,70,71,81,80
1764,CBCA202,74,78,76,84,74,86,79,80
1764,CBCA203,76,76,83,86,79,74,79,80
1764,CBCA204,78,86,87,78,79,75,81,80
1765,CBCA201,87,73,80,79,79,75,79,80
1765,CBCA202,86,72,80,72,87,86,81,80
1765,CBCA203,80,83,75,81,87,84,82,80
1765,CBCA204,82,77,74,82,72,76,77,80
1766,CBCA201,96,86,92,82,81,92,88,90
1766,CBCA202,91,98,91,86,90,86,90,90
1766,CBCA203,90,85,97,84,99,94,92,90
1766,CBCA204,85,92,85,92,85,93,89,90
1767,CBCA201,39,34,47,47,47,39,42,40
1767,CBCA202,47,33,49,29,42,41,40,40
1767,CBCA203,47,40,31,48,37,44,41,40
1767,CBCA204,38,36,33,43,33,34,36,40
1768,CBCA201,78,83,94,87,85,91,86,86
1768,CBCA202,88,92,81,88,86,87,87,86
1768,CBCA203,92,82,93,86,90,80,87,86
1768,CBCA204,77,77,86,88,93,85,84,86
1769,CBCA201,73,77,65,60,71,69,69,69
1769,CBCA202,70,72,73,66,67,60,68,69
1769,CBCA203,76,72,67,64,77,76,72,69
1769,CBCA204,77,65,71,63,62,67,68,69
1770,CBCA201,42,38,46,54,49,47,46,48
1770,CBCA202,50,57,46,46,53,52,51,48
1770,CBCA203,52,41,51,49,47,42,47,48
1770,CBCA204,41,46,53,41,56,41,46,48
1771,CBCA201,52,60,54,52,51,48,53,51
1771,CBCA202,59,46,54,58,50,47,52,51
1771,CBCA203,56,53,56,53,50,54,54,51
1771,CBCA204,47,49,39,49,47,46,46,51
1772,CBCA201,59,51,46,64,53,51,54,54
1772,CBCA202,58,51,55,62,53,51,55,54
1772,CBCA203,49,53,55,52,54,58,54,54
1772,CBCA204,60,50,58,52,52,59,55,54
1773,CBCA201,94,100,94,100,100,89,96,97
1773,CBCA202,95,100,100,97,100,94,98,97
1773,CBCA203,100,99,93,92,100,98,97,97
1773,CBCA204,97,99,91,95,100,100,97,97
1774,CBCA201,100,100,95,100,95,95,98,97
1774,CBCA202,99,100,90,94,99,100,97,97
1774,CBCA203,91,99,93,99,96,98,96,97
1774,CBCA204,100,100,99,100,96,95,98,97
1775,CBCA201,32,30,31,34,42,42,35,36
1775,CBCA202,26,35,30,29,43,45,35,36
1775,CBCA203,39,30,29,35,37,41,35,36
1775,CBCA204,38,36,35,39,34,45,38,36
1776,CBCA201,17,11,20,16,11,25,17,16
1776,CBCA202,18,7,11,28,6,19,15,16
1776,CBCA203,17,27,15,16,17,18,18,16
1776,CBCA204,15,15,15,17,10,9,14,16
1777,CBCA201,55,55,52,48,55,45,52,54
1777,CBCA202,46,44,61,54,59,52,53,54
1777,CBCA203,52,60,61,66,52,59,58,54
1777,CBCA204,51,65,54,54,55,45,54,54
1778,CBCA201,96,90,95,93,100,100,96,95
1778,CBCA202,95,85,90,98,100,100,95,95
1778,CBCA203,92,100,100,94,93,98,96,95
1778,CBCA204,90,94,87,87,100,98,93,95
1779,CBCA201,68,76,67,67,68,73,70,69
1779,CBCA202,78,69,73,72,70,75,73,69
1779,CBCA203,68,58,69,64,58,68,64,69
1779,CBCA204,62,78,61,69,76,73,70,69
1780,CBCA201,95,98,100,99,89,96,96,94
1780,CBCA202,92,94,88,98,100,98,95,94
1780,CBCA203,96,94,92,95,97,98,95,94
1780,CBCA204,90,84,84,100,97,91,91,94
1781,CBCA201,49,48,42,35,39,36,42,42
1781,CBCA202,46,54,44,38,52,38,45,42
1781,CBCA203,35,44,52,40,45,32,41,42
1781,CBCA204,39,36,32,38,46,47,40,42
1782,CBCA201,59,58,72,70,66,55,63,63
1782,CBCA202,59,68,63,57,58,67,62,63
1782,CBCA203,65,61,64,62,57,72,64,63
1782,CBCA204,64,57,65,60,68,53,61,63
1783,CBCA201,84,97,87,95,89,87,90,87
1783,CBCA202,86,94,80,82,89,91,87,87
1783,CBCA203,84,82,88,75,93,87,85,87
1783,CBCA204,89,86,81,93,86,84,87,87
1784,CBCA201,55,51,51,50,58,53,53,55
1784,CBCA202,61,62,61,64,50,56,59,55
1784,CBCA203,56,59,61,48,56,55,56,55
1784,CBCA204,55,52,56,56,46,58,54,55
1785,CBCA201,85,87,77,89,82,83,84,84
1785,CBCA202,86,75,89,76,90,81,83,84
1785,CBCA203,89,82,94,85,89,82,87,84
1785,CBCA204,79,75,87,78,87,91,83,84
1786,CBCA201,67,65,67,79,75,72,71,72
1786,CBCA202,60,73,64,77,75,79,71,72
1786,CBCA203,69,75,72,79,67,75,73,72
1786,CBCA204,71,66,80,65,76,72,72,72
1787,CBCA201,84,79,86,84,85,79,83,85
1787,CBCA202,88,93,91,78,90,86,88,85
1787,CBCA203,84,89,81,80,96,81,85,85
1787,CBCA204,82,84,87,81,79,86,83,85
1788,CBCA201,23,20,23,15,25,20,21,20
1788,CBCA202,20,23,19,22,18,16,20,20
1788,CBCA203,19,14,22,15,22,21,19,20
1788,CBCA204,21,21,19,21,19,21,20,20
1789,CBCA201,71,75,73,75,76,82,75,77
1789,CBCA202,86,76,82,74,73,70,77,77
1789,CBCA203,72,78,74,80,73,76,76,77
1789,CBCA204,82,83,81,84,76,73,80,77
1790,CBCA201,40,49,61,58,53,53,52,51
1790,CBCA202,51,54,47,51,48,52,51,51
1790,CBCA203,49,53,54,54,47,44,50,51
1790,CBCA204,56,48,41,58,50,51,51,51
1791,CBCA201,21,22,27,30,22,32,26,27
1791,CBCA202,34,34,36,24,27,30,31,27
1791,CBCA203,21,24,32,24,28,34,27,27
1791,CBCA204,26,20,24,30,30,24,26,27
1792,CBCA201,61,53,48,50,57,49,53,52
1792,CBCA202,57,49,60,47,54,56,54,52
1792,CBCA203,48,48,54,52,52,44,50,52
1792,CBCA204,58,49,63,53,48,46,53,52
1793,CBCA201,58,55,61,63,58,64,60,61
1793,CBCA202,59,60,64,58,58,59,60,61
1793,CBCA203,67,64,70,70,70,65,68,61
1793,CBCA204,66,52,61,53,56,55,57,61
1794,CBCA201,47,48,54,63,59,53,54,57
1794,CBCA202,64,65,51,58,65,59,60,57
1794,CBCA203,53,51,56,58,56,57,55,57
1794,CBCA204,61,48,64,67,53,62,59,57
1795,CBCA201,0,3,9,0,0,2,2,3
1795,CBCA202,9,0,0,7,1,5,4,3
1795,CBCA203,6,0,0,7,5,0,3,3
1795,CBCA204,10,4,0,2,3,0,3,3
1796,CBCA201,95,86,91,84,88,89,89,88
1796,CBCA202,86,94,85,78,95,87,88,88
1796,CBCA203,95,88,84,84,93,82,88,88
1796,CBCA204,98,86,88,89,91,87,90,88
1797,CBCA201,68,62,61,67,56,64,63,59
1797,CBCA202,59,55,61,59,56,52,57,59
1797,CBCA203,48,61,62,63,61,48,57,59
1797,CBCA204,58,61,58,64,54,60,59,59
1798,CBCA201,89,84,84,96,97,93,91,89
1798,CBCA202,90,85,85,82,91,80,86,89
1798,CBCA203,92,93,91,92,83,84,89,89
1798,CBCA204,86,81,90,91,96,89,89,89
1799,CBCA201,77,67,69,75,70,72,72,73
1799,CBCA202,71,71,66,75,76,76,73,73
1799,CBCA203,73,78,70,76,67,72,73,73
1799,CBCA204,77,68,70,74,77,73,73,73
1800,CBCA201,34,44,36,44,36,35,38,37
1800,CBCA202,38,43,26,35,32,31,34,37
1800,CBCA203,32,40,44,41,30,37,37,37
1800,CBCA204,47,40,40,32,32,44,39,37
1801,CBCA201,51,64,62,49,62,57,58,55
1801,CBCA202,50,63,51,61,48,56,55,55
1801,CBCA203,62,55,55,49,67,52,57,55
1801,CBCA204,55,51,48,51,59,53,53,55
1802,CBCA201,76,79,79,83,72,85,79,78
1802,CBCA202,74,79,71,81,83,76,77,78
1802,CBCA203,86,75,68,86,87,80,80,78
1802,CBCA204,77,75,70,76,83,72,76,78
1803,CBCA201,79,97,93,90,92,84,89,87
1803,CBCA202,90,86,83,84,84,86,86,87
1803,CBCA203,84,85,88,89,81,80,85,87
1803,CBCA204,86,85,96,83,91,89,88,87
1804,CBCA201,71,78,78,59,67,64,70,68
1804,CBCA202,70,66,64,71,69,64,67,68
1804,CBCA203,62,72,67,72,63,64,67,68
1804,CBCA204,71,78,66,62,69,75,70,68
1805,CBCA201,27,17,13,17,16,20,18,17
1805,CBCA202,16,16,15,13,11,13,14,17
1805,CBCA203,18,18,18,15,9,16,16,17
1805,CBCA204,14,10,19,27,25,19,19,17
1806,CBCA201,49,49,47,51,50,50,49,51
1806,CBCA202,58,53,51,47,47,48,51,51
1806,CBCA203,53,43,48,52,55,60,52,51
1806,CBCA204,54,51,45,51,64,51,53,51
1807,CBCA201,16,15,4,14,22,7,13,14
1807,CBCA202,15,20,4,14,17,11,14,14
1807,CBCA203,20,16,19,11,9,8,14,14
1807,CBCA204,12,14,19,9,5,23,14,14
1808,CBCA201,60,67,65,64,69,68,66,65
1808,CBCA202,69,55,65,55,68,66,63,65
1808,CBCA203,72,73,75,58,60,65,67,65
1808,CBCA204,64,55,64,67,63,66,63,65
1809,CBCA201,85,90,86,90,78,76,84,84
1809,CBCA202,78,82,83,84,86,88,84,84
1809,CBCA203,93,78,87,85,79,90,85,84
1809,CBCA204,88,76,82,80,81,91,83,84
1810,CBCA201,89,78,79,83,74,74,80,82
1810,CBCA202,81,80,90,84,79,91,84,82
1810,CBCA203,88,76,78,84,86,79,82,82
1810,CBCA204,80,89,76,80,92,87,84,82
1811,CBCA201,56,47,53,59,62,64,57,55
1811,CBCA202,53,50,54,57,60,55,55,55
1811,CBCA203,55,55,59,58,50,47,54,55
1811,CBCA204,60,50,50,56,53,61,55,55
1812,CBCA201,43,53,45,48,46,44,47,50
1812,CBCA202,58,57,57,50,54,46,54,50
1812,CBCA203,57,41,50,54,50,40,49,50
1812,CBCA204,61,46,52,52,54,45,52,50
1813,CBCA201,78,75,79,83,77,73,78,74
1813,CBCA202,74,69,69,80,81,71,74,74
1813,CBCA203,71,68,66,78,70,74,71,74
1813,CBCA204,72,74,65,80,70,81,74,74
1814,CBCA201,94,98,100,94,97,98,97,97
1814,CBCA202,97,100,99,97,96,100,98,97
1814,CBCA203,86,100,87,93,98,100,94,97
1814,CBCA204,100,99,100,98,93,93,97,97
1815,CBCA201,69,61,52,57,53,57,58,60
1815,CBCA202,62,57,62,56,70,59,61,60
1815,CBCA203,63,62,53,61,65,59,61,60
1815,CBCA204,72,50,69,55,67,58,62,60
1816,CBCA201,66,66,64,54,65,54,62,62
1816,CBCA202,67,64,57,60,60,68,63,62
1816,CBCA203,62,63,56,61,64,55,60,62
1816,CBCA204,71,62,62,68,64,58,64,62
1817,CBCA201,90,80,84,92,83,90,87,90
1817,CBCA202,91,88,86,84,96,94,90,90
1817,CBCA203,89,88,99,94,96,87,92,90
1817,CBCA204,92,90,93,85,91,98,92,90
1818,CBCA201,27,32,26,21,22,15,24,23
1818,CBCA202,33,23,19,27,24,28,26,23
1818,CBCA203,14,21,25,18,21,32,22,23
1818,CBCA204,30,14,15,26,23,18,21,23
1819,CBCA201,73,79,83,87,70,75,78,78
1819,CBCA202,75,84,75,78,81,75,78,78
1819,CBCA203,74,79,75,75,70,85,76,78
1819,CBCA204,79,84,76,83,72,78,79,78
1820,CBCA201,60,56,52,65,56,48,56,58
1820,CBCA202,59,61,54,60,52,56,57,58
1820,CBCA203,61,61,62,62,57,61,61,58
1820,CBCA204,58,54,56,66,57,53,57,58
1821,CBCA201,43,40,32,31,38,36,37,37
1821,CBCA202,37,39,41,36,38,39,38,37
1821,CBCA203,34,40,33,37,39,36,37,37
1821,CBCA204,34,39,43,38,40,34,38,37
1822,CBCA201,64,51,63,60,57,52,58,54
1822,CBCA202,55,52,53,48,47,47,50,54
1822,CBCA203,50,56,49,52,63,52,54,54
1822,CBCA204,45,61,60,59,52,54,55,54
1823,CBCA201,96,94,99,86,93,96,94,95
1823,CBCA202,94,95,97,97,99,86,95,95
1823,CBCA203,100,100,100,100,90,93,97,95
1823,CBCA204,94,90,95,90,100,98,95,95
1824,CBCA201,11,1,7,11,5,5,7,5
1824,CBCA202,9,6,0,11,6,4,6,5
1824,CBCA203,4,5,1,7,5,0,4,5
1824,CBCA204,1,3,6,0,6,1,3,5
1825,CBCA201,73,67,63,70,66,71,68,68
1825,CBCA202,76,74,78,68,70,71,73,68
1825,CBCA203,70,66,64,75,66,59,67,68
1825,CBCA204,73,57,69,61,74,58,65,68
1826,CBCA201,39,45,49,49,45,48,46,48
1826,CBCA202,46,52,48,43,47,52,48,48
1826,CBCA203,52,54,49,60,42,40,50,48
1826,CBCA204,45,52,55,50,43,48,49,48
1827,CBCA201,85,80,87,84,89,88,86,87
1827,CBCA202,94,87,76,80,79,81,83,87
1827,CBCA203,93,95,89,97,83,88,91,87
1827,CBCA204,93,86,86,92,91,88,89,87
1828,CBCA201,12,25,20,18,21,13,18,19
1828,CBCA202,17,27,20,11,16,29,20,19
1828,CBCA203,20,27,10,15,13,24,18,19
1828,CBCA204,23,24,10,22,19,12,18,19
1829,CBCA201,98,100,94,94,98,100,97,95
1829,CBCA202,100,93,94,97,100,100,97,95
1829,CBCA203,94,92,98,99,85,83,92,95
1829,CBCA204,85,93,95,99,94,91,93,95
1830,CBCA201,89,75,81,89,77,72,81,79
1830,CBCA202,80,83,85,72,80,76,79,79
1830,CBCA203,80,75,86,76,76,75,78,79
1830,CBCA204,76,85,82,73,79,79,79,79
1831,CBCA201,97,100,100,98,99,92,98,97
1831,CBCA202,100,100,95,95,100,100,98,97
1831,CBCA203,100,100,99,100,99,100,100,97
1831,CBCA204,87,90,89,96,96,100,93,97
1832,CBCA201,71,86,84,81,76,78,79,83
1832,CBCA202,85,84,90,91,78,81,85,83
1832,CBCA203,82,91,85,88,82,89,86,83
1832,CBCA204,86,90,78,77,81,79,82,83
1833,CBCA201,80,79,85,81,84,83,82,80
1833,CBCA202,74,74,86,84,83,75,79,80
1833,CBCA203,72,85,84,70,72,81,77,80
1833,CBCA204,74,81,90,81,77,87,82,80
1834,CBCA201,58,76,58,60,66,69,65,68
1834,CBCA202,61,66,59,64,74,70,66,68
1834,CBCA203,64,73,69,76,70,74,71,68
1834,CBCA204,71,79,65,70,69,73,71,68
1835,CBCA201,77,83,73,77,69,68,75,78
1835,CBCA202,82,71,80,82,84,79,80,78
1835,CBCA203,70,80,83,80,76,71,77,78
1835,CBCA204,82,84,83,80,76,80,81,78
1836,CBCA201,22,25,22,32,31,26,26,24
1836,CBCA202,19,16,18,27,28,19,21,24
1836,CBCA203,30,27,27,28,28,22,27,24
1836,CBCA204,21,23,22,20,23,29,23,24
1837,CBCA201,60,59,71,64,64,69,65,62
1837,CBCA202,70,59,59,60,63,59,62,62
1837,CBCA203,60,55,56,65,60,56,59,62
1837,CBCA204,66,54,67,67,61,69,64,62
1838,CBCA201,13,20,9,28,26,14,18,20
1838,CBCA202,25,23,21,28,23,19,23,20
1838,CBCA203,14,26,32,18,14,20,21,20
1838,CBCA204,21,11,25,12,20,21,18,20
1839,CBCA201,85,86,88,85,83,94,87,87
1839,CBCA202,90,87,92,86,91,94,90,87
1839,CBCA203,91,85,93,85,91,78,87,87
1839,CBCA204,90,89,77,81,82,80,83,87
1840,CBCA201,14,7,5,14,2,11,9,9
1840,CBCA202,13,6,18,7,2,5,9,9
1840,CBCA203,17,11,12,4,12,8,11,9
1840,CBCA204,3,16,3,9,9,11,9,9
1841,CBCA201,24,37,32,29,32,28,30,31
1841,CBCA202,33,28,27,32,27,40,31,31
1841,CBCA203,30,40,39,29,31,27,33,31
1841,CBCA204,21,32,30,35,28,28,29,31
1842,CBCA201,46,44,52,55,47,58,50,51
1842,CBCA202,48,55,48,49,47,43,48,51
1842,CBCA203,52,46,56,53,59,56,54,51
1842,CBCA204,41,51,57,51,50,52,50,51
1843,CBCA201,91,97,93,83,90,96,92,93
1843,CBCA202,100,91,93,96,100,92,95,93
1843,CBCA203,100,85,82,96,98,89,92,93
1843,CBCA204,87,92,100,94,94,94,94,93
1844,CBCA201,65,78,80,66,77,84,75,74
1844,CBCA202,78,73,74,76,80,75,76,74
1844,CBCA203,79,68,71,73,71,71,72,74
1844,CBCA204,81,67,64,69,78,78,73,74
1845,CBCA201,80,78,71,73,68,83,76,73
1845,CBCA202,68,67,70,64,75,72,69,73
1845,CBCA203,67,82,75,83,69,68,74,73
1845,CBCA204,67,74,78,63,80,79,74,73
1846,CBCA201,63,67,61,62,60,59,62,65
1846,CBCA202,67,61,62,68,64,61,64,65
1846,CBCA203,65,62,57,59,71,71,64,65
1846,CBCA204,70,70,68,72,69,69,70,65
1847,CBCA201,78,86,86,83,98,87,86,86
1847,CBCA202,85,88,81,85,89,87,86,86
1847,CBCA203,95,86,90,92,85,90,90,86
1847,CBCA204,83,80,86,90,80,85,84,86
1848,CBCA201,60,69,58,72,64,64,65,65
1848,CBCA202,69,62,60,59,64,64,63,65
1848,CBCA203,71,64,61,75,65,63,67,65
1848,CBCA204,66,63,74,65,65,68,67,65
1849,CBCA201,84,95,91,89,88,99,91,90
1849,CBCA202,94,88,80,92,80,91,88,90
1849,CBCA203,90,94,94,98,93,83,92,90
1849,CBCA204,82,87,93,91,83,89,88,90
1850,CBCA201,25,24,24,22,20,29,24,28
1850,CBCA202,31,22,25,26,30,31,28,28
1850,CBCA203,34,27,35,29,37,34,33,28
1850,CBCA204,23,26,23,32,26,26,26,28
1851,CBCA201,5,1,0,3,3,0,2,2
1851,CBCA202,8,3,0,0,8,0,3,2
1851,CBCA203,0,6,0,3,0,0,2,2
1851,CBCA204,0,0,8,4,0,3,3,2
1852,CBCA201,70,77,66,68,68,69,70,71
1852,CBCA202,64,65,73,63,70,66,67,71
1852,CBCA203,79,73,68,83,71,80,76,71
1852,CBCA204,66,79,75,79,67,75,74,71
1853,CBCA201,70,72,71,66,77,80,73,73
1853,CBCA202,83,75,73,69,69,68,73,73
1853,CBCA203,80,66,75,70,67,71,72,73
1853,CBCA204,78,75,67,77,67,76,73,73
1854,CBCA201,67,68,61,61,68,60,64,65
1854,CBCA202,60,65,62,73,64,65,65,65
1854,CBCA203,64,69,56,58,64,61,62,65
1854,CBCA204,71,68,66,69,67,62,67,65
1855,CBCA201,100,92,93,93,100,97,96,94
1855,CBCA202,90,94,93,100,92,96,94,94
1855,CBCA203,100,95,92,91,89,96,94,94
1855,CBCA204,93,90,88,90,100,100,94,94
1856,CBCA201,64,64,61,65,68,73,66,67
1856,CBCA202,63,73,66,63,68,67,67,67
1856,CBCA203,66,71,72,68,70,69,69,67
1856,CBCA204,58,68,62,65,75,77,68,67
1857,CBCA201,88,90,92,94,93,89,91,91
1857,CBCA202,93,96,96,90,94,95,94,91
1857,CBCA203,100,87,89,88,84,98,91,91
1857,CBCA204,85,100,90,79,91,89,89,91
1858,CBCA201,81,82,79,81,72,83,80,77
1858,CBCA202,68,79,69,75,70,80,74,77
1858,CBCA203,72,80,82,72,83,72,77,77
1858,CBCA204,69,86,75,83,82,76,79,77
1859,CBCA201,26,25,34,23,30,29,28,32
1859,CBCA202,36,37,29,30,34,40,34,32
1859,CBCA203,28,36,32,30,29,29,31,32
1859,CBCA204,30,33,26,37,32,42,33,32
1860,CBCA201,51,47,39,54,60,56,51,50
1860,CBCA202,46,52,48,50,52,44,49,50
1860,CBCA203,46,54,48,49,57,50,51,50
1860,CBCA204,55,46,49,45,51,50,49,50
1861,CBCA201,79,64,75,80,79,78,76,76
1861,CBCA202,74,76,67,83,71,76,75,76
1861,CBCA203,75,77,74,80,86,78,78,76
1861,CBCA204,68,74,82,78,75,82,77,76
1862,CBCA201,72,73,73,80,81,66,74,77
1862,CBCA202,71,81,77,82,77,81,78,77
1862,CBCA203,76,71,73,71,84,81,76,77
1862,CBCA204,79,87,80,81,69,75,79,77
1863,CBCA201,33,42,31,27,24,31,31,34
1863,CBCA202,24,40,33,30,34,38,33,34
1863,CBCA203,29,31,34,37,40,37,35,34
1863,CBCA204,37,33,42,34,30,37,36,34
1864,CBCA201,53,49,47,57,49,58,52,57
1864,CBCA202,56,59,61,56,53,66,59,57
1864,CBCA203,58,56,54,62,54,62,58,57
1864,CBCA204,59,52,62,54,65,55,58,57
1865,CBCA201,98,95,97,95,99,88,95,96
1865,CBCA202,100,100,94,92,89,91,94,96
1865,CBCA203,94,100,93,100,98,95,97,96
1865,CBCA204,99,94,93,99,100,100,98,96
1866,CBCA201,66,45,53,48,61,62,56,56
1866,CBCA202,63,53,53,59,59,55,57,56
1866,CBCA203,50,64,58,52,58,61,57,56
1866,CBCA204,59,52,62,51,47,56,55,56
1867,CBCA201,44,48,42,41,46,54,46,44
1867,CBCA202,36,37,46,53,39,37,41,44
1867,CBCA203,41,42,46,44,49,46,45,44
1867,CBCA204,42,33,49,35,53,50,44,44
1868,CBCA201,68,70,72,78,72,74,72,71
1868,CBCA202,75,72,67,74,76,69,72,71
1868,CBCA203,59,67,76,74,78,71,71,71
1868,CBCA204,73,64,78,61,65,69,68,71
1869,CBCA201,41,46,36,44,45,36,41,42
1869,CBCA202,37,50,45,38,43,43,43,42
1869,CBCA203,35,45,46,40,40,46,42,42
1869,CBCA204,40,33,45,41,37,49,41,42
1870,CBCA201,83,79,69,69,77,75,75,74
1870,CBCA202,78,75,77,78,76,73,76,74
1870,CBCA203,69,71,76,80,73,81,75,74
1870,CBCA204,75,64,74,64,66,68,69,74
1871,CBCA201,95,99,99,99,99,100,99,97
1871,CBCA202,100,100,96,99,99,93,98,97
1871,CBCA203,93,100,100,92,100,89,96,97
1871,CBCA204,93,100,90,99,100,89,95,97
1872,CBCA201,95,98,96,93,91,100,96,95
1872,CBCA202,96,97,97,94,100,99,97,95
1872,CBCA203,92,93,97,94,100,98,96,95
1872,CBCA204,86,95,95,98,95,89,93,95
1873,CBCA201,65,75,71,59,62,61,66,68
1873,CBCA202,71,68,59,66,73,73,68,68
1873,CBCA203,68,70,74,72,65,64,69,68
1873,CBCA204,69,68,76,68,59,73,69,68
1874,CBCA201,38,31,28,32,30,36,33,34
1874,CBCA202,28,29,39,43,37,32,35,34
1874,CBCA203,31,39,29,39,34,34,34,34
1874,CBCA204,40,32,36,28,34,28,33,34
1875,CBCA201,81,76,79,76,77,78,78,79
1875,CBCA202,76,75,75,70,86,82,77,79
1875,CBCA203,73,83,79,81,81,91,81,79
1875,CBCA204,89,76,78,83,74,79,80,79
1876,CBCA201,84,83,89,85,78,83,84,85
1876,CBCA202,82,79,86,90,90,92,87,85
1876,CBCA203,86,81,90,91,91,83,87,85
1876,CBCA204,86,90,81,79,80,89,84,85
1877,CBCA201,70,76,69,70,73,64,70,72
1877,CBCA202,71,78,69,74,74,67,72,72
1877,CBCA203,80,75,78,67,65,76,74,72
1877,CBCA204,72,70,70,74,68,72,71,72
1878,CBCA201,71,85,75,77,74,71,76,76
1878,CBCA202,73,81,75,79,78,76,77,76
1878,CBCA203,74,76,82,71,80,84,78,76
1878,CBCA204,74,77,72,64,69,75,72,76
1879,CBCA201,80,84,80,73,72,85,79,83
1879,CBCA202,82,86,88,86,85,88,86,83
1879,CBCA203,84,82,86,88,91,74,84,83
1879,CBCA204,76,85,79,88,88,85,84,83
1880,CBCA201,36,36,35,41,27,41,36,36
1880,CBCA202,40,27,27,28,34,47,34,36
1880,CBCA203,37,31,44,35,41,34,37,36
1880,CBCA204,39,42,27,31,35,40,36,36
1881,CBCA201,71,65,66,67,67,64,67,63
1881,CBCA202,63,68,52,55,61,61,60,63
1881,CBCA203,64,68,62,54,58,56,60,63
1881,CBCA204,63,61,68,68,65,61,64,63
1882,CBCA201,92,92,98,94,100,98,96,94
1882,CBCA202,87,94,96,98,97,95,95,94
1882,CBCA203,88,93,95,95,87,97,93,94
1882,CBCA204,94,91,91,100,94,86,93,94
1883,CBCA201,27,42,38,38,39,43,38,35
1883,CBCA202,30,27,41,27,37,28,32,35
1883,CBCA203,34,41,38,35,33,41,37,35
1883,CBCA204,29,33,30,35,38,44,35,35
1884,CBCA201,55,49,59,56,59,66,57,56
1884,CBCA202,48,51,64,64,54,50,55,56
1884,CBCA203,53,49,52,56,59,59,55,56
1884,CBCA204,53,55,60,53,56,60,56,56
1885,CBCA201,83,86,89,89,88,87,87,89
1885,CBCA202,83,93,93,90,98,94,92,89
1885,CBCA203,79,89,86,81,91,94,87,89
1885,CBCA204,94,91,81,91,97,92,91,89
1886,CBCA201,78,91,91,94,88,89,89,89
1886,CBCA202,96,79,90,91,94,86,89,89
1886,CBCA203,94,95,86,87,84,81,88,89
1886,CBCA204,96,88,87,95,87,90,91,89
1887,CBCA201,26,37,32,28,37,38,33,35
1887,CBCA202,38,25,31,36,27,44,34,35
1887,CBCA203,38,39,39,42,30,40,38,35
1887,CBCA204,34,35,44,35,29,41,36,35
1888,CBCA201,62,55,47,60,56,68,58,59
1888,CBCA202,60,62,69,60,66,62,63,59
1888,CBCA203,59,59,50,55,52,60,56,59
1888,CBCA204,58,66,59,60,66,54,61,59
1889,CBCA201,49,48,50,49,40,49,48,49
1889,CBCA202,52,43,48,43,54,56,49,49
1889,CBCA203,50,47,47,52,46,48,48,49
1889,CBCA204,52,54,46,49,46,51,50,49
1890,CBCA201,56,42,57,54,40,42,49,49
1890,CBCA202,49,49,48,47,54,45,49,49
1890,CBCA203,57,41,59,48,42,47,49,49
1890,CBCA204,56,52,47,52,46,51,51,49
1891,CBCA201,52,44,46,34,43,41,43,43
1891,CBCA202,49,43,48,39,40,45,44,43
1891,CBCA203,46,46,46,46,39,41,44,43
1891,CBCA204,45,43,36,42,34,48,41,43
1892,CBCA201,93,82,82,77,81,87,84,83
1892,CBCA202,82,89,76,82,88,88,84,83
1892,CBCA203,80,88,73,78,92,76,81,83
1892,CBCA204,79,83,90,84,72,82,82,83
1893,CBCA201,70,84,76,86,86,77,80,82
1893,CBCA202,84,90,82,83,81,81,84,82
1893,CBCA203,80,83,83,76,85,84,82,82
1893,CBCA204,83,87,79,71,84,85,82,82
1894,CBCA201,83,94,89,88,82,96,89,88
1894,CBCA202,84,93,79,89,80,87,85,88
1894,CBCA203,94,94,84,92,96,83,91,88
1894,CBCA204,92,89,84,82,92,92,89,88
1895,CBCA201,21,15,15,15,17,15,16,15
1895,CBCA202,12,6,23,16,9,8,12,15
1895,CBCA203,18,17,21,16,21,9,17,15
1895,CBCA204,7,17,24,13,15,5,14,15
1896,CBCA201,81,79,85,90,85,69,82,80
1896,CBCA202,79,78,87,78,82,78,80,80
1896,CBCA203,87,71,83,81,85,74,80,80
1896,CBCA204,77,77,78,77,80,87,79,80
1897,CBCA201,50,47,42,48,39,50,46,44
1897,CBCA202,36,44,39,44,50,38,42,44
1897,CBCA203,47,41,55,44,36,41,44,44
1897,CBCA204,39,38,43,43,44,46,42,44
1898,CBCA201,67,69,72,77,70,73,71,72
1898,CBCA202,74,72,75,72,78,70,74,72
1898,CBCA203,63,65,79,73,78,74,72,72
1898,CBCA204,69,73,72,72,68,77,72,72
1899,CBCA201,59,55,60,53,58,61,58,59
1899,CBCA202,64,56,66,59,62,57,61,59
1899,CBCA203,54,66,54,57,53,62,58,59
1899,CBCA204,58,60,66,56,51,62,59,59
1900,CBCA201,77,84,90,92,79,86,85,81
1900,CBCA202,82,86,71,76,80,80,79,81
1900,CBCA203,82,85,82,88,74,78,82,81
1900,CBCA204,81,83,83,83,76,72,80,81
1901,CBCA201,71,64,77,58,72,66,68,65
1901,CBCA202,67,68,62,59,70,65,65,65
1901,CBCA203,71,60,65,55,77,65,66,65
1901,CBCA204,63,65,57,60,63,57,61,65
1902,CBCA201,27,24,28,24,23,16,24,24
1902,CBCA202,17,26,27,23,29,27,25,24
1902,CBCA203,26,24,30,26,31,26,27,24
1902,CBCA204,14,20,18,25,25,26,21,24
1903,CBCA201,95,100,100,86,100,95,96,95
1903,CBCA202,87,96,100,88,98,97,94,95
1903,CBCA203,98,99,92,96,100,100,98,95
1903,CBCA204,92,100,92,94,86,100,94,95
1904,CBCA201,49,55,50,50,49,58,52,54
1904,CBCA202,59,48,53,62,62,53,56,54
1904,CBCA203,54,54,62,54,54,59,56,54
1904,CBCA204,51,59,42,60,57,53,54,54
1905,CBCA201,59,49,46,49,59,51,52,54
1905,CBCA202,53,53,51,65,60,58,57,54
1905,CBCA203,52,58,47,47,56,61,54,54
1905,CBCA204,44,60,49,56,51,63,54,54
1906,CBCA201,10,4,6,0,8,1,5,8
1906,CBCA202,7,12,5,7,6,11,8,8
1906,CBCA203,16,11,18,9,1,13,11,8
1906,CBCA204,6,12,10,12,9,0,8,8
1907,CBCA201,59,60,66,67,66,69,65,63
1907,CBCA202,67,66,63,61,65,68,65,63
1907,CBCA203,62,62,61,65,57,60,61,63
1907,CBCA204,61,61,67,55,64,70,63,63
1908,CBCA201,67,75,78,85,81,73,77,75
1908,CBCA202,75,76,71,77,73,72,74,75
1908,CBCA203,76,76,77,71,77,68,74,75
1908,CBCA204,77,82,78,74,70,76,76,75
1909,CBCA201,59,63,50,52,52,58,56,55
1909,CBCA202,48,55,62,59,62,50,56,55
1909,CBCA203,47,58,46,52,54,62,53,55
1909,CBCA204,52,53,55,64,51,61,56,55
1910,CBCA201,64,62,61,68,62,69,64,64
1910,CBCA202,69,57,64,70,66,65,65,64
1910,CBCA203,64,62,60,68,59,54,61,64
1910,CBCA204,70,72,65,62,58,62,65,64
1911,CBCA201,77,74,72,67,79,65,72,73
1911,CBCA202,77,67,74,67,74,65,71,73
1911,CBCA203,76,76,73,78,80,71,76,73
1911,CBCA204,78,66,69,62,81,74,72,73
1912,CBCA201,75,81,75,71,68,74,74,72
1912,CBCA202,70,72,70,61,69,80,70,72
1912,CBCA203,75,81,76,62,75,74,74,72
1912,CBCA204,75,65,71,67,67,80,71,72
1913,CBCA201,79,67,65,66,70,71,70,71
1913,CBCA202,71,71,69,76,69,70,71,71
1913,CBCA203,71,62,64,76,76,80,72,71
1913,CBCA204,73,79,68,72,74,76,74,71
1914,CBCA201,75,82,76,71,77,77,76,76
1914,CBCA202,66,79,84,73,73,72,75,76
1914,CBCA203,80,86,71,73,81,72,77,76
1914,CBCA204,76,76,87,68,69,70,74,76
1915,CBCA201,82,90,79,88,77,86,84,82
1915,CBCA202,83,88,73,85,82,81,82,82
1915,CBCA203,84,87,77,86,78,85,83,82
1915,CBCA204,77,79,80,78,85,79,80,82
1916,CBCA201,63,52,61,65,59,65,61,60
1916,CBCA202,58,63,59,60,58,64,60,60
1916,CBCA203,69,63,54,59,64,64,62,60
1916,CBCA204,56,57,52,57,67,59,58,60
1917,CBCA201,91,84,84,85,84,81,85,88
1917,CBCA202,85,85,94,85,87,83,87,88
1917,CBCA203,94,94,88,87,85,87,89,88
1917,CBCA204,92,90,86,95,86,90,90,88
1918,CBCA201,96,90,92,92,92,91,92,88
1918,CBCA202,91,86,92,94,91,92,91,88
1918,CBCA203,90,82,84,95,80,84,86,88
1918,CBCA204,92,87,80,77,77,91,84,88
1919,CBCA201,61,58,66,51,48,47,55,54
1919,CBCA202,53,45,58,51,63,59,55,54
1919,CBCA203,50,57,55,61,58,57,56,54
1919,CBCA204,50,44,49,57,48,56,51,54
1920,CBCA201,71,71,71,85,68,75,74,78
1920,CBCA202,77,69,78,83,79,86,79,78
1920,CBCA203,87,80,81,72,85,83,81,78
1920,CBCA204,73,73,81,80,80,76,77,78
1921,CBCA201,89,92,84,84,83,84,86,85
1921,CBCA202,90,93,75,88,79,88,86,85
1921,CBCA203,83,87,81,90,84,92,86,85
1921,CBCA204,87,90,76,79,89,82,84,85
1922,CBCA201,61,70,63,60,59,69,64,64
1922,CBCA202,61,60,64,63,60,69,63,64
1922,CBCA203,66,59,59,73,60,68,64,64
1922,CBCA204,69,67,62,70,70,63,67,64
1923,CBCA201,55,57,53,48,51,55,53,51
1923,CBCA202,52,46,51,41,53,48,49,51
1923,CBCA203,60,46,44,60,58,52,53,51
1923,CBCA204,46,47,49,51,52,49,49,51
1924,CBCA201,89,98,100,97,100,100,97,98
1924,CBCA202,97,100,100,100,98,100,99,98
1924,CBCA203,100,98,100,95,91,100,97,98
1924,CBCA204,95,100,100,88,99,96,96,98
1925,CBCA201,54,50,54,49,50,52,52,51
1925,CBCA202,60,61,55,52,43,47,53,51
1925,CBCA203,54,49,52,52,54,51,52,51
1925,CBCA204,50,54,46,41,49,45,48,51
1926,CBCA201,27,29,27,31,35,34,31,31
1926,CBCA202,40,36,24,38,26,33,33,31
1926,CBCA203,23,40,35,29,30,33,32,31
1926,CBCA204,24,22,31,37,25,32,29,31
1927,CBCA201,23,27,33,30,25,28,28,26
1927,CBCA202,16,18,37,29,20,29,25,26
1927,CBCA203,23,18,28,22,25,29,24,26
1927,CBCA204,27,26,33,36,22,29,29,26
1928,CBCA201,92,100,92,92,95,88,93,93
1928,CBCA202,99,100,87,87,100,85,93,93
1928,CBCA203,91,85,93,97,96,99,94,93
1928,CBCA204,89,99,90,85,95,93,92,93
1929,CBCA201,84,76,70,76,83,80,78,78
1929,CBCA202,76,82,89,79,87,75,81,78
1929,CBCA203,84,71,72,69,71,85,75,78
1929,CBCA204,81,70,86,77,77,72,77,78
1930,CBCA201,66,72,78,70,79,71,73,73
1930,CBCA202,74,77,71,61,67,71,70,73
1930,CBCA203,73,73,74,70,83,79,75,73
1930,CBCA204,78,76,67,68,80,63,72,73
1931,CBCA201,75,71,79,73,69,82,75,77
1931,CBCA202,78,81,68,79,68,72,74,77
1931,CBCA203,79,77,75,79,75,75,77,77
1931,CBCA204,75,83,81,80,85,79,81,77
1932,CBCA201,70,77,83,81,73,83,78,80
1932,CBCA202,81,83,80,75,87,83,82,80
1932,CBCA203,79,80,77,74,84,82,79,80
1932,CBCA204,73,83,80,84,81,78,80,80
1933,CBCA201,99,89,93,90,88,100,93,94
1933,CBCA202,90,100,93,100,94,100,96,94
1933,CBCA203,93,96,95,99,92,98,96,94
1933,CBCA204,100,91,89,97,82,91,92,94
1934,CBCA201,91,75,89,83,87,90,86,85
1934,CBCA202,93,90,86,80,80,88,86,85
1934,CBCA203,86,92,81,81,83,89,85,85
1934,CBCA204,88,86,76,85,83,89,85,85
1935,CBCA201,43,40,48,40,44,49,44,43
1935,CBCA202,40,44,48,43,34,52,44,43
1935,CBCA203,42,45,44,42,34,37,41,43
1935,CBCA204,43,43,38,49,50,33,43,43
1936,CBCA201,85,93,87,90,85,98,90,91
1936,CBCA202,100,87,95,88,98,90,93,91
1936,CBCA203,83,90,86,87,92,91,88,91
1936,CBCA204,91,91,95,86,89,95,91,91
1937,CBCA201,65,69,74,83,71,69,72,72
1937,CBCA202,66,76,77,69,79,68,73,72
1937,CBCA203,73,70,69,66,78,81,73,72
1937,CBCA204,68,73,76,60,76,77,72,72
1938,CBCA201,45,59,51,50,47,56,51,54
1938,CBCA202,52,58,58,50,58,49,54,54
1938,CBCA203,53,59,57,51,64,54,56,54
1938,CBCA204,55,52,49,43,64,50,52,54
1939,CBCA201,69,63,52,59,58,65,61,61
1939,CBCA202,60,59,56,68,63,59,61,61
1939,CBCA203,63,68,53,59,62,64,62,61
1939,CBCA204,54,61,60,57,67,72,62,61
1940,CBCA201,69,49,59,61,61,64,61,60
1940,CBCA202,72,51,63,61,59,66,62,60
1940,CBCA203,53,65,62,54,60,55,58,60
1940,CBCA204,60,52,63,59,51,66,59,60
1941,CBCA201,26,26,30,30,33,38,31,32
1941,CBCA202,31,27,31,31,27,24,29,32
1941,CBCA203,25,37,36,28,40,29,33,32
1941,CBCA204,38,40,31,41,30,29,35,32
1942,CBCA201,92,87,83,93,90,82,88,90
1942,CBCA202,83,86,84,94,93,100,90,90
1942,CBCA203,85,87,90,98,82,84,88,90
1942,CBCA204,100,89,88,100,97,98,95,90
1943,CBCA201,97,100,100,100,100,98,99,98
1943,CBCA202,97,90,93,100,100,100,97,98
1943,CBCA203,91,98,100,96,100,100,98,98
1943,CBCA204,100,100,99,96,94,96,98,98
1944,CBCA201,30,27,31,21,20,30,27,29
1944,CBCA202,27,24,30,25,37,27,28,29
1944,CBCA203,26,25,32,27,25,26,27,29
1944,CBCA204,28,29,34,35,37,37,33,29
1945,CBCA201,47,47,53,56,41,50,49,47
1945,CBCA202,44,51,37,51,55,38,46,47
1945,CBCA203,53,43,41,49,45,47,46,47
1945,CBCA204,48,54,46,47,44,51,48,47
1946,CBCA201,67,61,63,54,54,68,61,60
1946,CBCA202,52,59,64,66,53,61,59,60
1946,CBCA203,63,62,60,65,57,70,63,60
1946,CBCA204,59,53,63,53,56,57,57,60
1947,CBCA201,61,62,59,61,58,64,61,61
1947,CBCA202,59,57,60,69,59,70,62,61
1947,CBCA203,57,60,58,64,57,65,60,61
1947,CBCA204,54,57,54,71,64,62,60,61
1948,CBCA201,82,75,84,68,80,88,80,76
1948,CBCA202,76,77,75,80,70,68,74,76
1948,CBCA203,73,69,78,86,74,71,75,76
1948,CBCA204,77,79,70,80,70,77,76,76
1949,CBCA201,63,74,70,79,59,70,69,69
1949,CBCA202,69,67,73,71,62,62,67,69
1949,CBCA203,67,66,75,68,76,70,70,69
1949,CBCA204,75,74,75,64,65,71,71,69
1950,CBCA201,63,55,57,51,51,58,56,57
1950,CBCA202,55,55,50,60,55,66,57,57
1950,CBCA203,57,56,66,59,54,59,59,57
1950,CBCA204,64,53,61,54,55,56,57,57
1951,CBCA201,91,90,85,92,91,93,90,88
1951,CBCA202,92,91,86,88,82,84,87,88
1951,CBCA203,93,85,79,78,85,82,84,88
1951,CBCA204,92,83,92,96,87,85,89,88
1952,CBCA201,75,85,79,78,87,85,82,78
1952,CBCA202,81,81,85,71,82,77,80,78
1952,CBCA203,77,83,83,76,78,75,79,78
1952,CBCA204,79,69,67,74,80,71,73,78
1953,CBCA201,5,20,18,25,21,10,17,17
1953,CBCA202,10,15,13,14,18,19,15,17
1953,CBCA203,14,10,28,12,18,12,16,17
1953,CBCA204,22,18,12,14,26,22,19,17
1954,CBCA201,69,82,70,77,78,75,75,75
1954,CBCA202,65,66,75,66,79,87,73,75
1954,CBCA203,72,84,81,78,72,82,78,75
1954,CBCA204,73,77,74,69,77,72,74,75
1955,CBCA201,15,22,24,25,31,14,22,24
1955,CBCA202,26,23,24,31,20,27,25,24
1955,CBCA203,30,19,18,23,17,26,22,24
1955,CBCA204,19,26,20,29,32,28,26,24
1956,CBCA201,82,85,76,77,84,77,80,84
1956,CBCA202,87,79,85,92,82,95,87,84
1956,CBCA203,89,86,86,78,86,85,85,84
1956,CBCA204,76,86,85,79,84,87,83,84
1957,CBCA201,48,44,49,50,46,54,49,50
1957,CBCA202,48,53,44,44,40,40,45,50
1957,CBCA203,52,55,46,52,40,62,51,50
1957,CBCA204,51,56,57,56,53,54,55,50
1958,CBCA201,61,54,66,64,61,55,60,58
1958,CBCA202,60,57,51,52,62,64,58,58
1958,CBCA203,56,60,59,54,48,52,55,58
1958,CBCA204,59,63,61,57,55,55,58,58
1959,CBCA201,69,83,81,67,72,77,75,75
1959,CBCA202,84,67,67,69,67,77,72,75
1959,CBCA203,66,83,73,73,75,78,75,75
1959,CBCA204,79,84,84,72,83,68,78,75
1960,CBCA201,64,63,65,58,59,66,63,60
1960,CBCA202,60,54,64,61,55,50,57,60
1960,CBCA203,51,60,52,60,64,65,59,60
1960,CBCA204,59,54,64,64,60,64,61,60
1961,CBCA201,87,94,87,97,85,87,90,92
1961,CBCA202,99,95,92,90,83,97,93,92
1961,CBCA203,86,90,99,99,87,92,92,92
1961,CBCA204,90,87,96,95,100,94,94,92
1962,CBCA201,82,83,83,90,84,83,84,85
1962,CBCA202,76,86,87,78,86,90,84,85
1962,CBCA203,85,87,81,86,76,89,84,85
1962,CBCA204,84,76,92,89,94,90,88,85
1963,CBCA201,93,99,79,83,86,85,88,88
1963,CBCA202,88,85,86,87,92,87,88,88
1963,CBCA203,81,79,96,85,97,94,89,88
1963,CBCA204,94,93,83,97,83,81,89,88
1964,CBCA201,11,0,11,5,0,2,5,4
1964,CBCA202,11,4,0,4,9,2,5,4
1964,CBCA203,1,9,8,3,6,2,5,4
1964,CBCA204,0,0,0,2,0,0,0,4
1965,CBCA201,70,74,73,69,75,69,72,74
1965,CBCA202,71,73,73,71,71,80,73,74
1965,CBCA203,76,68,71,80,70,79,74,74
1965,CBCA204,78,74,69,79,82,76,76,74
1966,CBCA201,85,86,81,79,86,92,85,88
1966,CBCA202,84,96,85,91,79,91,88,88
1966,CBCA203,93,88,85,90,94,90,90,88
1966,CBCA204,95,87,91,83,91,92,90,88
1967,CBCA201,75,88,83,73,85,85,82,81
1967,CBCA202,84,74,80,76,83,85,80,81
1967,CBCA203,80,82,82,82,72,72,78,81
1967,CBCA204,91,85,83,83,85,73,83,81
1968,CBCA201,62,52,55,53,55,53,55,54
1968,CBCA202,52,45,61,43,46,54,50,54
1968,CBCA203,62,43,53,49,60,54,54,54
1968,CBCA204,51,49,57,63,59,56,56,54
1969,CBCA201,81,88,84,83,88,82,84,82
1969,CBCA202,81,84,74,81,79,78,80,82
1969,CBCA203,85,79,78,88,83,84,83,82
1969,CBCA204,88,76,77,76,82,83,80,82
1970,CBCA201,50,58,60,53,56,44,54,56
1970,CBCA202,53,62,65,61,61,55,60,56
1970,CBCA203,59,62,62,63,56,57,60,56
1970,CBCA204,55,47,49,50,60,51,52,56
1971,CBCA201,93,83,91,90,91,85,89,88
1971,CBCA202,81,85,91,85,94,82,86,88
1971,CBCA203,85,91,91,88,89,79,87,88
1971,CBCA204,88,84,90,90,96,86,89,88
1972,CBCA201,0,0,10,9,12,12,7,3
1972,CBCA202,3,3,1,2,0,11,3,3
1972,CBCA203,0,0,0,4,1,0,1,3
1972,CBCA204,0,6,5,0,3,0,2,3
1973,CBCA201,10,21,13,1,12,7,11,10
1973,CBCA202,8,19,15,10,3,16,12,10
1973,CBCA203,17,13,4,3,12,11,10,10
1973,CBCA204,7,5,3,15,19,4,9,10
1974,CBCA201,70,71,68,65,75,73,70,66
1974,CBCA202,66,57,58,70,54,56,60,66
1974,CBCA203,66,65,64,68,72,74,68,66
1974,CBCA204,61,69,67,66,70,68,67,66
1975,CBCA201,55,57,61,72,67,62,62,64
1975,CBCA202,69,60,70,64,60,70,66,64
1975,CBCA203,55,64,67,72,63,62,64,64
1975,CBCA204,67,57,71,69,66,65,66,64
1976,CBCA201,86,78,94,88,74,87,85,86
1976,CBCA202,84,87,84,88,81,92,86,86
1976,CBCA203,87,75,95,82,83,80,84,86
1976,CBCA204,94,80,91,89,84,90,88,86
1977,CBCA201,42,45,33,45,37,41,41,39
1977,CBCA202,42,35,44,38,41,39,40,39
1977,CBCA203,38,44,38,29,31,43,37,39
1977,CBCA204,35,36,44,38,33,36,37,39
1978,CBCA201,79,85,91,82,76,82,83,84
1978,CBCA202,80,86,82,87,80,77,82,84
1978,CBCA203,86,80,75,89,85,92,85,84
1978,CBCA204,90,87,87,88,86,85,87,84
1979,CBCA201,78,80,86,95,87,95,87,90
1979,CBCA202,100,91,100,91,85,88,93,90
1979,CBCA203,89,91,86,91,93,84,89,90
1979,CBCA204,95,87,95,89,88,84,90,90
1980,CBCA201,64,74,73,64,66,69,68,70
1980,CBCA202,74,76,72,69,77,70,73,70
1980,CBCA203,62,66,75,62,81,79,71,70
1980,CBCA204,63,65,70,73,71,70,69,70
1981,CBCA201,51,43,44,45,44,36,44,45
1981,CBCA202,53,50,36,46,46,42,46,45
1981,CBCA203,39,50,49,43,52,45,46,45
1981,CBCA204,37,44,41,43,45,51,44,45
1982,CBCA201,90,92,92,94,99,87,92,96
1982,CBCA202,92,95,95,98,98,100,96,96
1982,CBCA203,100,94,100,90,100,97,97,96
1982,CBCA204,91,98,100,100,100,100,98,96
1983,CBCA201,77,75,73,80,85,80,78,78
1983,CBCA202,75,81,82,80,78,80,79,78
1983,CBCA203,83,72,78,80,83,85,80,78
1983,CBCA204,87,76,70,71,76,75,76,78
1984,CBCA201,90,78,83,72,91,81,83,82
1984,CBCA202,84,70,78,85,75,83,79,82
1984,CBCA203,84,84,78,84,79,83,82,82
1984,CBCA204,91,84,81,80,81,77,82,82
1985,CBCA201,37,39,34,38,34,39,37,36
1985,CBCA202,35,37,42,32,39,39,37,36
1985,CBCA203,28,30,30,41,33,37,33,36
1985,CBCA204,38,39,36,35,35,27,35,36
1986,CBCA201,98,89,86,91,90,94,91,91
1986,CBCA202,87,92,89,92,98,93,92,91
1986,CBCA203,81,99,91,81,92,94,90,91
1986,CBCA204,87,87,96,95,87,94,91,91
1987,CBCA201,13,17,23,13,26,15,18,17
1987,CBCA202,20,20,11,15,19,11,16,17
1987,CBCA203,21,24,22,18,10,19,19,17
1987,CBCA204,12,22,14,13,19,20,17,17
1988,CBCA201,69,46,57,53,59,61,58,56
1988,CBCA202,58,53,52,61,51,57,55,56
1988,CBCA203,54,59,56,61,50,53,56,56
1988,CBCA204,57,58,54,50,53,51,54,56
1989,CBCA201,57,61,58,63,66,55,60,58
1989,CBCA202,52,55,61,56,60,60,57,58
1989,CBCA203,58,57,48,63,55,59,57,58
1989,CBCA204,58,55,59,68,58,56,59,58
1990,CBCA201,52,42,49,50,52,46,49,49
1990,CBCA202,52,49,49,47,61,45,51,49
1990,CBCA203,44,51,46,49,46,53,48,49
1990,CBCA204,49,42,52,48,48,46,48,49
1991,CBCA201,57,60,55,47,48,58,54,51
1991,CBCA202,53,47,54,56,46,44,50,51
1991,CBCA203,59,52,51,54,57,49,54,51
1991,CBCA204,52,50,41,40,45,48,46,51
1992,CBCA201,91,70,81,89,87,80,83,81
1992,CBCA202,73,86,73,76,88,82,80,81
1992,CBCA203,84,84,84,77,79,85,82,81
1992,CBCA204,78,71,77,77,79,83,78,81
1993,CBCA201,48,32,41,42,41,40,41,41
1993,CBCA202,36,45,36,37,43,42,40,41
1993,CBCA203,44,45,28,38,38,44,40,41
1993,CBCA204,45,38,50,51,51,37,45,41
1994,CBCA201,86,89,82,95,92,84,88,87
1994,CBCA202,84,87,87,88,90,81,86,87
1994,CBCA203,80,89,83,83,98,87,87,87
1994,CBCA204,85,91,83,94,79,98,88,87
1995,CBCA201,9,21,9,7,7,22,13,15
1995,CBCA202,20,8,10,24,16,15,16,15
1995,CBCA203,17,14,15,12,18,17,16,15
1995,CBCA204,22,18,15,22,11,18,18,15
1996,CBCA201,74,87,73,77,75,72,76,78
1996,CBCA202,78,85,77,78,66,78,77,78
1996,CBCA203,86,72,75,80,87,87,81,78
1996,CBCA204,76,76,89,82,68,76,78,78
1997,CBCA201,63,54,51,66,63,61,60,57
1997,CBCA202,56,54,57,51,64,57,57,57
1997,CBCA203,51,60,58,54,58,62,57,57
1997,CBCA204,65,56,52,58,48,53,55,57
1998,CBCA201,68,68,63,64,63,58,64,66
1998,CBCA202,57,69,72,72,72,64,68,66
1998,CBCA203,69,71,57,60,64,66,65,66
1998,CBCA204,63,65,63,70,65,74,67,66
1999,CBCA201,63,61,65,64,66,62,64,65
1999,CBCA202,63,71,64,69,67,70,67,65
1999,CBCA203,59,63,70,57,58,65,62,65
1999,CBCA204,67,72,71,61,63,60,66,65
2000,CBCA201,53,45,44,52,58,46,50,50
2000,CBCA202,41,51,48,50,52,49,49,50
2000,CBCA203,52,55,51,53,44,49,51,50
2000,CBCA204,48,48,52,44,57,52,50,50
2001,CBCA201,68,60,65,59,67,65,64,63
2001,CBCA202,68,66,58,67,61,57,63,63
2001,CBCA203,59,62,66,64,62,68,64,63
2001,CBCA204,67,69,66,55,58,63,63,63
2002,CBCA201,64,63,55,59,65,60,61,58
2002,CBCA202,54,57,52,51,69,56,57,58
2002,CBCA203,63,65,54,51,51,55,57,58
2002,CBCA204,58,56,52,57,55,61,57,58
2003,CBCA201,69,66,63,66,75,70,68,66
2003,CBCA202,72,73,66,67,60,68,68,66
2003,CBCA203,69,60,64,69,66,59,65,66
2003,CBCA204,64,58,69,63,64,62,63,66
2004,CBCA201,59,43,61,55,52,62,55,55
2004,CBCA202,61,49,45,63,46,56,53,55
2004,CBCA203,54,52,58,54,56,47,54,55
2004,CBCA204,52,58,56,54,58,58,56,55
2005,CBCA201,84,82,86,85,80,83,83,85
2005,CBCA202,82,84,80,87,97,83,86,85
2005,CBCA203,79,88,95,82,76,86,84,85
2005,CBCA204,99,88,82,83,79,86,86,85
2006,CBCA201,81,74,71,69,77,76,75,71
2006,CBCA202,66,71,63,70,68,71,68,71
2006,CBCA203,69,79,71,68,66,68,70,71
2006,CBCA204,64,78,74,78,67,71,72,71
2007,CBCA201,85,81,92,87,87,75,85,84
2007,CBCA202,89,88,89,89,78,74,85,84
2007,CBCA203,85,82,86,91,85,77,84,84
2007,CBCA204,85,88,81,77,87,89,85,84
2008,CBCA201,73,73,68,64,66,64,68,65
2008,CBCA202,57,59,64,66,66,57,62,65
2008,CBCA203,67,62,66,67,64,62,65,65
2008,CBCA204,61,65,63,65,73,75,67,65
2009,CBCA201,96,92,100,96,95,95,96,96
2009,CBCA202,100,100,100,92,100,100,99,96
2009,CBCA203,96,95,97,90,92,90,93,96
2009,CBCA204,100,100,99,98,89,100,98,96
2010,CBCA201,94,80,76,85,91,87,86,84
2010,CBCA202,78,85,90,83,83,78,83,84
2010,CBCA203,81,82,79,84,82,92,83,84
2010,CBCA204,78,90,93,80,91,81,86,84
2011,CBCA201,45,38,31,36,44,34,38,36
2011,CBCA202,29,33,36,27,47,41,36,36
2011,CBCA203,33,34,34,35,37,40,36,36
2011,CBCA204,34,38,30,40,38,32,35,36
2012,CBCA201,66,61,61,61,56,59,61,58
2012,CBCA202,51,52,69,64,56,57,58,58
2012,CBCA203,50,61,51,54,46,63,54,58
2012,CBCA204,55,62,62,52,50,64,58,58
2013,CBCA201,69,60,63,60,71,57,63,62
2013,CBCA202,67,64,63,66,70,64,66,62
2013,CBCA203,61,62,62,52,68,62,61,62
2013,CBCA204,53,52,57,55,70,66,59,62
2014,CBCA201,94,92,88,75,83,77,85,85
2014,CBCA202,82,89,83,84,85,86,85,85
2014,CBCA203,74,83,87,79,84,81,81,85
2014,CBCA204,89,83,97,81,93,95,90,85
2015,CBCA201,28,35,27,35,30,31,31,32
2015,CBCA202,38,33,35,38,33,32,35,32
2015,CBCA203,30,35,30,31,27,28,30,32
2015,CBCA204,36,40,30,25,32,29,32,32
2016,CBCA201,30,49,45,40,40,43,41,39
2016,CBCA202,35,40,37,35,42,36,38,39
2016,CBCA203,43,41,46,39,40,38,41,39
2016,CBCA204,40,40,28,34,30,41,36,39
2017,CBCA201,80,86,83,76,77,72,79,76
2017,CBCA202,86,70,68,67,80,78,75,76
2017,CBCA203,67,77,67,77,78,80,74,76
2017,CBCA204,86,75,72,76,78,76,77,76
2018,CBCA201,58,49,48,60,50,58,54,53
2018,CBCA202,58,61,49,51,52,44,53,53
2018,CBCA203,53,49,58,56,59,45,53,53
2018,CBCA204,49,53,45,56,54,52,52,53
2019,CBCA201,69,71,62,63,64,58,65,68
2019,CBCA202,72,62,73,64,73,71,69,68
2019,CBCA203,69,76,67,72,70,60,69,68
2019,CBCA204,72,66,71,74,65,65,69,68
2020,CBCA201,63,66,65,59,61,65,63,65
2020,CBCA202,60,54,65,67,60,65,62,65
2020,CBCA203,72,70,64,68,67,74,69,65
2020,CBCA204,61,71,66,66,69,60,66,65
2021,CBCA201,97,100,100,95,92,97,97,98
2021,CBCA202,100,100,94,100,100,93,98,98
2021,CBCA203,100,100,100,100,100,100,100,98
2021,CBCA204,100,95,98,100,93,100,98,98
2022,CBCA201,56,61,60,61,64,54,59,64
2022,CBCA202,63,60,68,64,70,62,65,64
2022,CBCA203,75,61,65,59,64,72,66,64
2022,CBCA204,74,61,53,68,74,69,67,64
2023,CBCA201,65,63,56,57,69,73,64,62
2023,CBCA202,58,60,69,62,58,55,60,62
2023,CBCA203,63,54,69,65,69,52,62,62
2023,CBCA204,65,65,56,58,70,61,63,62
2024,CBCA201,79,72,63,77,84,75,75,73
2024,CBCA202,75,78,73,64,69,72,72,73
2024,CBCA203,78,81,65,69,71,72,73,73
2024,CBCA204,74,78,69,72,76,72,74,73
2025,CBCA201,31,22,33,22,30,35,29,31
2025,CBCA202,35,33,43,31,28,28,33,31
2025,CBCA203,26,37,31,26,32,27,30,31
2025,CBCA204,23,36,40,34,27,32,32,31
2026,CBCA201,96,96,100,100,96,100,98,98
2026,CBCA202,100,94,97,100,100,100,99,98
2026,CBCA203,100,95,94,100,99,100,98,98
2026,CBCA204,97,96,100,100,100,100,99,98
2027,CBCA201,69,56,56,69,58,61,62,60
2027,CBCA202,63,56,53,61,52,55,57,60
2027,CBCA203,52,73,55,60,59,62,60,60
2027,CBCA204,59,58,55,60,64,66,60,60
2028,CBCA201,48,50,46,59,45,53,50,54
2028,CBCA202,61,51,48,59,52,62,56,54
2028,CBCA203,58,52,53,46,57,56,54,54
2028,CBCA204,50,58,52,50,60,59,55,54
2029,CBCA201,75,76,74,73,73,72,74,75
2029,CBCA202,70,70,77,78,81,63,73,75
2029,CBCA203,82,68,83,75,75,70,76,75
2029,CBCA204,75,77,76,76,82,75,77,75
2030,CBCA201,62,72,67,62,66,54,64,64
2030,CBCA202,67,74,62,70,61,56,65,64
2030,CBCA203,58,64,62,62,69,61,63,64
2030,CBCA204,63,72,56,61,63,71,64,64
2031,CBCA201,93,97,95,92,99,80,93,90
2031,CBCA202,91,86,91,93,86,89,89,90
2031,CBCA203,91,87,90,84,80,90,87,90
2031,CBCA204,97,92,92,92,96,81,92,90
2032,CBCA201,90,86,88,83,84,84,86,83
2032,CBCA202,84,71,77,70,75,74,75,83
2032,CBCA203,83,81,78,79,86,81,81,83
2032,CBCA204,90,90,91,88,80,91,88,83
2033,CBCA201,31,32,37,35,31,41,35,33
2033,CBCA202,25,24,32,42,36,35,32,33
2033,CBCA203,34,34,40,30,30,25,32,33
2033,CBCA204,38,36,31,29,34,41,35,33
2034,CBCA201,60,64,57,60,58,63,60,61
2034,CBCA202,65,63,59,57,63,60,61,61
2034,CBCA203,67,67,67,54,60,62,63,61
2034,CBCA204,63,62,62,56,54,59,59,61
2035,CBCA201,84,75,77,73,84,71,77,80
2035,CBCA202,77,83,80,86,87,75,81,80
2035,CBCA203,84,87,76,79,78,78,80,80
2035,CBCA204,81,71,88,75,85,78,80,80
2036,CBCA201,86,94,93,93,95,83,91,90
2036,CBCA202,87,84,82,81,94,91,87,90
2036,CBCA203,95,91,90,87,94,83,90,90
2036,CBCA204,98,99,93,91,79,91,92,90
2037,CBCA201,71,74,84,74,71,81,76,74
2037,CBCA202,67,77,79,62,71,73,72,74
2037,CBCA203,73,81,77,73,69,71,74,74
2037,CBCA204,75,69,73,73,82,82,76,74
2038,CBCA201,79,83,77,77,74,81,79,80
2038,CBCA202,68,83,73,85,81,79,78,80
2038,CBCA203,85,74,81,85,79,90,82,80
2038,CBCA204,76,79,82,78,83,79,80,80
2039,CBCA201,50,49,61,55,62,51,55,55
2039,CBCA202,56,52,51,59,61,61,57,55
2039,CBCA203,53,54,58,53,57,58,56,55
2039,CBCA204,56,62,50,49,49,55,54,55
2040,CBCA201,60,43,42,46,47,56,49,50
2040,CBCA202,52,42,52,61,50,47,51,50
2040,CBCA203,53,46,61,46,43,49,50,50
2040,CBCA204,52,47,54,48,55,56,52,50
2041,CBCA201,71,90,72,74,89,78,79,80
2041,CBCA202,80,88,84,85,77,77,82,80
2041,CBCA203,80,74,78,77,85,71,78,80
2041,CBCA204,79,78,82,73,89,88,82,80
2042,CBCA201,29,14,32,28,30,32,28,25
2042,CBCA202,28,18,34,28,32,18,26,25
2042,CBCA203,29,20,25,19,22,23,23,25
2042,CBCA204,20,25,21,33,18,25,24,25
2043,CBCA201,68,73,79,68,79,75,74,78
2043,CBCA202,76,83,80,84,87,82,82,78
2043,CBCA203,81,81,76,77,76,84,79,78
2043,CBCA204,71,73,85,71,87,77,77,78
2044,CBCA201,31,22,26,21,23,18,24,26
2044,CBCA202,31,26,28,21,26,23,26,26
2044,CBCA203,25,33,29,32,34,27,30,26
2044,CBCA204,26,28,25,21,19,28,25,26
2045,CBCA201,85,87,85,82,83,84,84,87
2045,CBCA202,90,81,91,86,93,93,89,87
2045,CBCA203,89,84,83,83,84,94,86,87
2045,CBCA204,93,89,86,83,90,90,89,87
2046,CBCA201,21,25,27,27,16,18,22,22
2046,CBCA202,22,28,17,27,28,11,22,22
2046,CBCA203,15,12,20,30,20,25,20,22
2046,CBCA204,21,23,20,24,18,30,23,22
2047,CBCA201,80,77,75,76,86,73,78,78
2047,CBCA202,72,80,75,79,80,78,77,78
2047,CBCA203,81,83,76,72,73,73,76,78
2047,CBCA204,72,86,76,88,84,80,81,78
2048,CBCA201,1,8,3,7,4,9,5,10
2048,CBCA202,15,7,14,7,19,11,12,10
2048,CBCA203,13,10,12,10,6,12,11,10
2048,CBCA204,10,14,10,9,6,20,12,10
2049,CBCA201,69,69,74,74,75,66,71,70
2049,CBCA202,70,71,71,70,68,70,70,70
2049,CBCA203,67,78,73,69,68,71,71,70
2049,CBCA204,61,75,73,60,73,68,68,70
2050,CBCA201,66,56,59,66,69,68,64,62
2050,CBCA202,49,68,52,60,69,58,59,62
2050,CBCA203,56,63,59,65,60,70,62,62
2050,CBCA204,66,69,58,67,62,62,64,62
2051,CBCA201,74,79,71,76,71,71,74,74
2051,CBCA202,76,75,83,72,81,74,77,74
2051,CBCA203,76,65,69,82,74,78,74,74
2051,CBCA204,75,72,65,73,80,69,72,74
2052,CBCA201,69,75,84,70,75,77,75,77
2052,CBCA202,83,75,73,74,78,86,78,77
2052,CBCA203,82,71,83,75,80,85,79,77
2052,CBCA204,77,75,81,71,78,81,77,77
2053,CBCA201,60,58,56,50,50,63,56,59
2053,CBCA202,56,51,67,60,60,60,59,59
2053,CBCA203,54,64,53,61,66,63,60,59
2053,CBCA204,67,51,65,52,56,64,59,59
2054,CBCA201,51,65,63,60,69,56,61,58
2054,CBCA202,56,61,64,57,57,65,60,58
2054,CBCA203,57,56,55,60,51,60,57,58
2054,CBCA204,59,59,56,56,59,50,57,58
2055,CBCA201,81,75,69,68,71,75,73,75
2055,CBCA202,80,77,70,70,75,83,76,75
2055,CBCA203,77,82,73,79,75,70,76,75
2055,CBCA204,81,70,80,76,68,70,74,75
2056,CBCA201,65,77,67,69,73,67,70,68
2056,CBCA202,67,71,63,61,68,78,68,68
2056,CBCA203,70,66,65,58,74,69,67,68
2056,CBCA204,66,69,67,77,67,63,68,68
2057,CBCA201,86,92,88,84,84,90,87,88
2057,CBCA202,98,85,86,87,83,97,89,88
2057,CBCA203,95,87,83,93,82,87,88,88
2057,CBCA204,87,87,83,93,86,90,88,88
2058,CBCA201,70,87,85,75,82,81,80,77
2058,CBCA202,80,84,68,73,86,80,79,77
2058,CBCA203,69,85,75,69,83,68,75,77
2058,CBCA204,75,80,76,70,80,71,75,77
2059,CBCA201,85,86,80,82,80,85,83,82
2059,CBCA202,79,85,74,76,89,88,82,82
2059,CBCA203,91,86,73,84,83,78,83,82
2059,CBCA204,73,80,82,82,82,76,79,82
2060,CBCA201,95,80,74,95,86,75,84,85
2060,CBCA202,87,85,78,91,88,81,85,85
2060,CBCA203,77,84,85,92,90,86,86,85
2060,CBCA204,92,81,75,90,91,93,87,85
2061,CBCA201,48,63,48,63,56,42,53,53
2061,CBCA202,51,51,58,52,52,53,53,53
2061,CBCA203,58,54,47,57,52,52,53,53
2061,CBCA204,44,54,58,52,54,57,53,53
2062,CBCA201,95,100,97,94,92,100,96,97
2062,CBCA202,100,100,100,100,100,93,99,97
2062,CBCA203,94,92,93,88,100,100,95,97
2062,CBCA204,100,99,100,92,100,90,97,97
2063,CBCA201,90,86,87,87,84,93,88,90
2063,CBCA202,93,97,94,91,90,89,92,90
2063,CBCA203,97,92,96,82,86,93,91,90
2063,CBCA204,82,82,98,99,89,80,88,90
2064,CBCA201,67,66,57,54,64,66,62,64
2064,CBCA202,72,71,74,67,67,62,69,64
2064,CBCA203,69,63,62,58,55,67,62,64
2064,CBCA204,60,58,70,54,70,64,63,64
2065,CBCA201,14,11,20,19,27,16,18,21
2065,CBCA202,31,13,18,26,24,14,21,21
2065,CBCA203,26,28,22,17,26,28,25,21
2065,CBCA204,16,16,24,30,19,22,21,21
2066,CBCA201,86,72,78,82,75,81,79,80
2066,CBCA202,82,88,84,86,86,71,83,80
2066,CBCA203,79,77,87,85,84,77,82,80
2066,CBCA204,74,76,73,82,83,75,77,80
2067,CBCA201,42,36,35,39,39,38,38,39
2067,CBCA202,40,36,33,35,30,48,37,39
2067,CBCA203,43,42,32,32,39,37,38,39
2067,CBCA204,47,37,45,40,39,42,42,39
2068,CBCA201,58,51,65,60,61,59,59,55
2068,CBCA202,50,58,53,56,64,58,57,55
2068,CBCA203,47,63,62,60,58,47,56,55
2068,CBCA204,61,48,45,52,49,44,50,55
2069,CBCA201,30,43,29,34,42,35,36,40
2069,CBCA202,43,39,48,36,35,38,40,40
2069,CBCA203,48,42,34,36,40,43,41,40
2069,CBCA204,50,41,34,51,38,52,44,40
2070,CBCA201,30,22,18,31,20,26,25,23
2070,CBCA202,27,21,21,26,14,24,22,23
2070,CBCA203,29,24,19,19,21,13,21,23
2070,CBCA204,20,19,18,23,32,34,24,23
2071,CBCA201,98,100,90,90,93,92,94,93
2071,CBCA202,100,91,99,90,88,83,92,93
2071,CBCA203,96,83,94,92,97,94,93,93
2071,CBCA204,98,87,92,99,96,100,95,93
2072,CBCA201,73,86,80,77,83,79,80,79
2072,CBCA202,74,86,75,67,77,78,76,79
2072,CBCA203,80,72,90,82,78,81,81,79
2072,CBCA204,75,76,80,83,76,90,80,79
2073,CBCA201,23,28,34,20,16,22,24,23
2073,CBCA202,16,23,15,27,27,28,23,23
2073,CBCA203,21,21,22,15,24,24,21,23
2073,CBCA204,20,15,23,30,27,28,24,23
2074,CBCA201,54,51,61,51,50,56,54,54
2074,CBCA202,52,52,48,51,47,52,50,54
2074,CBCA203,47,57,58,51,58,61,55,54
2074,CBCA204,51,57,51,56,65,55,56,54
2075,CBCA201,58,67,60,66,60,63,62,60
2075,CBCA202,52,57,69,63,61,52,59,60
2075,CBCA203,55,55,63,56,59,64,59,60
2075,CBCA204,59,61,60,52,63,54,58,60
2076,CBCA201,50,48,60,56,53,46,52,54
2076,CBCA202,58,59,50,51,57,58,56,54
2076,CBCA203,57,55,54,65,43,52,54,54
2076,CBCA204,50,53,50,56,55,64,55,54
2077,CBCA201,69,75,65,68,67,71,69,67
2077,CBCA202,66,72,69,69,64,74,69,67
2077,CBCA203,59,70,68,76,64,63,67,67
2077,CBCA204,76,66,64,59,60,61,64,67
2078,CBCA201,72,70,76,77,81,73,75,79
2078,CBCA202,78,85,83,84,78,88,83,79
2078,CBCA203,79,76,71,71,80,88,78,79
2078,CBCA204,83,80,80,80,80,77,80,79
2079,CBCA201,87,87,93,90,94,87,90,90
2079,CBCA202,94,92,96,89,90,93,92,90
2079,CBCA203,95,88,78,86,87,96,88,90
2079,CBCA204,97,95,83,92,86,96,92,90
2080,CBCA201,79,72,69,79,81,78,76,77
2080,CBCA202,74,73,82,80,79,82,78,77
2080,CBCA203,73,81,78,72,72,76,75,77
2080,CBCA204,81,86,73,67,84,79,78,77
2081,CBCA201,55,65,54,56,56,53,57,59
2081,CBCA202,66,53,62,58,70,55,61,59
2081,CBCA203,60,54,55,63,54,52,56,59
2081,CBCA204,60,65,61,65,61,58,62,59
2082,CBCA201,23,21,28,16,29,18,23,21
2082,CBCA202,20,23,27,24,12,18,21,21
2082,CBCA203,22,20,16,30,13,20,20,21
2082,CBCA204,21,24,16,21,26,25,22,21
2083,CBCA201,100,89,99,100,90,89,95,95
2083,CBCA202,94,90,94,94,90,99,94,95
2083,CBCA203,99,95,100,96,91,99,97,95
2083,CBCA204,94,92,100,100,99,94,97,95
2084,CBCA201,32,37,30,32,36,23,32,33
2084,CBCA202,37,28,29,26,34,34,31,33
2084,CBCA203,30,37,36,33,43,29,35,33
2084,CBCA204,28,37,36,37,35,42,36,33
2085,CBCA201,60,74,69,72,64,68,68,65
2085,CBCA202,64,67,58,65,69,62,64,65
2085,CBCA203,64,58,69,70,65,62,65,65
2085,CBCA204,67,59,58,59,70,57,62,65
2086,CBCA201,100,93,92,93,100,93,95,97
2086,CBCA202,94,100,99,96,92,97,96,97
2086,CBCA203,94,99,100,100,95,95,97,97
2086,CBCA204,96,100,100,97,100,93,98,97
2087,CBCA201,56,56,72,52,71,51,60,62
2087,CBCA202,59,69,71,71,63,66,67,62
2087,CBCA203,72,67,62,53,61,57,62,62
2087,CBCA204,52,66,53,52,57,71,59,62
2088,CBCA201,78,84,78,83,83,75,80,81
2088,CBCA202,86,85,78,71,79,82,80,81
2088,CBCA203,77,82,86,82,84,78,82,81
2088,CBCA204,78,82,84,88,89,77,83,81
2089,CBCA201,65,70,83,66,79,68,72,72
2089,CBCA202,66,66,69,70,76,75,70,72
2089,CBCA203,78,73,76,73,66,81,75,72
2089,CBCA204,63,70,70,73,78,77,72,72
2090,CBCA201,68,74,78,75,81,73,75,74
2090,CBCA202,64,82,77,76,65,78,74,74
2090,CBCA203,77,73,69,75,76,76,74,74
2090,CBCA204,71,75,66,72,80,75,73,74
2091,CBCA201,47,53,48,48,50,62,51,52
2091,CBCA202,61,60,58,51,49,55,56,52
2091,CBCA203,46,57,45,52,47,45,49,52
2091,CBCA204,59,55,47,43,48,50,50,52
2092,CBCA201,100,99,100,99,100,92,98,98
2092,CBCA202,96,94,100,99,100,100,98,98
2092,CBCA203,94,100,100,95,92,100,97,98
2092,CBCA204,97,100,100,96,100,92,98,98
2093,CBCA201,67,58,58,57,62,56,60,60
2093,CBCA202,55,59,65,59,58,62,60,60
2093,CBCA203,61,58,58,59,64,59,60,60
2093,CBCA204,57,61,67,59,58,71,62,60
2094,CBCA201,44,44,48,43,54,47,47,45
2094,CBCA202,50,40,43,49,44,51,46,45
2094,CBCA203,53,35,36,47,37,42,42,45
2094,CBCA204,44,55,49,45,44,44,47,45
2095,CBCA201,74,88,72,78,82,83,80,83
2095,CBCA202,82,82,85,81,84,85,83,83
2095,CBCA203,92,92,76,87,90,86,87,83
2095,CBCA204,82,91,80,83,83,78,83,83
2096,CBCA201,87,77,89,90,84,85,85,86
2096,CBCA202,86,85,81,87,93,81,86,86
2096,CBCA203,85,87,89,93,97,86,90,86
2096,CBCA204,82,84,85,85,93,79,85,86
2097,CBCA201,73,75,80,73,78,78,76,78
2097,CBCA202,75,86,84,71,81,70,78,78
2097,CBCA203,84,82,76,73,86,69,78,78
2097,CBCA204,82,85,77,83,84,76,81,78
2098,CBCA201,88,84,77,69,83,85,81,80
2098,CBCA202,71,79,75,84,77,80,78,80
2098,CBCA203,81,82,78,83,83,84,82,80
2098,CBCA204,77,86,79,73,84,77,79,80
2099,CBCA201,41,40,32,24,46,33,36,36
2099,CBCA202,38,32,30,42,37,45,37,36
2099,CBCA203,41,27,29,36,37,42,35,36
2099,CBCA204,32,36,37,27,32,37,34,36
2100,CBCA201,70,72,67,64,65,64,67,67
2100,CBCA202,63,60,70,71,73,71,68,67
2100,CBCA203,57,67,66,69,63,67,65,67
2100,CBCA204,59,72,71,71,69,71,69,67
2101,CBCA201,97,94,100,99,98,98,98,97
2101,CBCA202,100,100,100,100,96,100,99,97
2101,CBCA203,96,100,100,95,96,91,96,97
2101,CBCA204,97,90,100,94,100,89,95,97
2102,CBCA201,50,46,48,51,56,58,52,49
2102,CBCA202,54,45,53,45,55,55,51,49
2102,CBCA203,53,53,56,42,53,42,50,49
2102,CBCA204,44,41,45,47,42,44,44,49
2103,CBCA201,66,54,58,56,60,50,57,55
2103,CBCA202,52,57,51,46,60,65,55,55
2103,CBCA203,65,55,49,48,58,53,55,55
2103,CBCA204,51,59,44,54,61,48,53,55
2104,CBCA201,55,52,50,60,58,54,55,55
2104,CBCA202,45,54,58,49,53,48,51,55
2104,CBCA203,52,54,56,51,65,56,56,55
2104,CBCA204,56,64,59,48,62,59,58,55
2105,CBCA201,89,87,82,100,89,88,89,92
2105,CBCA202,96,95,94,91,89,94,93,92
2105,CBCA203,95,93,90,87,92,92,92,92
2105,CBCA204,94,94,83,88,99,97,93,92
2106,CBCA201,61,59,58,65,67,65,63,62
2106,CBCA202,57,64,61,69,59,56,61,62
2106,CBCA203,65,55,58,69,63,63,62,62
2106,CBCA204,53,62,66,56,61,69,61,62
2107,CBCA201,34,33,44,39,37,39,38,40
2107,CBCA202,42,39,37,46,36,31,39,40
2107,CBCA203,46,33,45,44,42,50,43,40
2107,CBCA204,37,37,42,45,38,41,40,40
2108,CBCA201,64,63,58,68,62,64,63,64
2108,CBCA202,61,69,58,69,65,65,65,64
2108,CBCA203,59,59,69,62,64,67,63,64
2108,CBCA204,67,66,70,61,60,65,65,64
2109,CBCA201,39,41,30,35,26,30,34,32
2109,CBCA202,26,39,39,35,26,26,32,32
2109,CBCA203,25,33,35,34,30,26,31,32
2109,CBCA204,35,28,34,37,27,26,31,32
2110,CBCA201,88,74,81,98,81,75,83,86
2110,CBCA202,85,91,84,87,82,92,87,86
2110,CBCA203,93,97,86,86,87,93,90,86
2110,CBCA204,80,89,86,91,83,80,85,86
2111,CBCA201,9,9,15,0,2,7,7,8
2111,CBCA202,7,8,13,5,14,1,8,8
2111,CBCA203,0,19,11,15,8,2,9,8
2111,CBCA204,12,13,6,15,5,5,9,8
2112,CBCA201,45,52,42,49,50,47,48,49
2112,CBCA202,52,44,55,43,60,54,51,49
2112,CBCA203,51,45,48,50,49,54,50,49
2112,CBCA204,51,45,47,57,42,43,48,49
2113,CBCA201,89,88,92,95,98,90,92,90
2113,CBCA202,94,81,91,86,87,85,87,90
2113,CBCA203,81,95,96,93,93,90,91,90
2113,CBCA204,92,98,91,86,92,82,90,90
2114,CBCA201,90,94,99,90,81,94,91,90
2114,CBCA202,88,94,97,82,96,91,91,90
2114,CBCA203,93,86,83,91,87,85,88,90
2114,CBCA204,85,87,83,86,97,91,88,90
2115,CBCA201,98,98,83,95,97,99,95,94
2115,CBCA202,100,96,92,100,92,94,96,94
2115,CBCA203,100,89,89,93,89,93,92,94
2115,CBCA204,85,90,100,92,92,100,93,94
2116,CBCA201,76,82,85,71,81,72,78,75
2116,CBCA202,78,72,77,68,74,67,73,75
2116,CBCA203,74,85,76,74,77,73,77,75
2116,CBCA204,75,73,70,80,73,77,75,75
2117,CBCA201,97,92,85,97,100,89,93,90
2117,CBCA202,93,90,92,94,90,95,92,90
2117,CBCA203,88,86,88,93,96,95,91,90
2117,CBCA204,87,92,79,82,83,87,85,90
2118,CBCA201,60,68,66,68,63,67,65,63
2118,CBCA202,68,64,59,62,50,67,62,63
2118,CBCA203,56,66,70,56,64,66,63,63
2118,CBCA204,65,66,68,57,66,61,64,63
2119,CBCA201,24,29,32,18,26,24,26,25
2119,CBCA202,20,23,18,18,27,33,23,25
2119,CBCA203,26,28,30,25,28,26,27,25
2119,CBCA204,23,26,21,20,23,28,24,25
2120,CBCA201,68,83,73,76,81,77,76,79
2120,CBCA202,77,90,76,83,76,76,80,79
2120,CBCA203,86,76,88,77,81,85,82,79
2120,CBCA204,72,79,83,74,81,76,78,79
2121,CBCA201,67,60,50,48,65,60,58,59
2121,CBCA202,64,58,60,68,56,56,60,59
2121,CBCA203,66,50,63,56,66,51,59,59
2121,CBCA204,61,57,59,54,53,66,58,59
2122,CBCA201,100,94,100,98,100,100,99,98
2122,CBCA202,100,100,100,98,97,98,99,98
2122,CBCA203,100,100,92,91,100,100,97,98
2122,CBCA204,99,92,98,93,100,95,96,98
2123,CBCA201,69,68,69,70,67,72,69,73
2123,CBCA202,69,76,82,67,77,79,75,73
2123,CBCA203,77,66,71,77,69,72,72,73
2123,CBCA204,79,69,78,72,75,72,74,73
2124,CBCA201,58,52,50,61,55,47,54,53
2124,CBCA202,51,60,54,51,54,59,55,53
2124,CBCA203,43,46,55,55,55,50,51,53
2124,CBCA204,52,54,55,55,59,47,54,53
2125,CBCA201,20,24,24,26,21,32,25,28
2125,CBCA202,25,18,26,24,35,37,28,28
2125,CBCA203,30,39,30,26,26,29,30,28
2125,CBCA204,24,37,32,33,18,33,30,28
2126,CBCA201,53,54,53,54,59,52,54,58
2126,CBCA202,63,60,55,61,57,59,59,58
2126,CBCA203,68,59,60,55,54,54,58,58
2126,CBCA204,57,65,63,54,51,64,59,58
2127,CBCA201,86,80,83,83,78,91,84,84
2127,CBCA202,86,89,85,82,88,75,84,84
2127,CBCA203,93,79,84,73,81,95,84,84
2127,CBCA204,86,87,83,78,83,76,82,84
2128,CBCA201,72,76,69,68,71,66,70,73
2128,CBCA202,77,76,77,79,79,66,76,73
2128,CBCA203,74,76,69,75,76,77,75,73
2128,CBCA204,72,70,70,71,78,75,73,73
2129,CBCA201,45,50,35,41,42,42,43,44
2129,CBCA202,45,46,34,42,45,48,43,44
2129,CBCA203,36,44,48,53,51,35,45,44
2129,CBCA204,53,35,42,45,42,51,45,44
2130,CBCA201,60,57,75,69,69,67,66,67
2130,CBCA202,72,67,59,65,57,70,65,67
2130,CBCA203,68,77,67,74,72,61,70,67
2130,CBCA204,73,65,61,66,63,72,67,67
2131,CBCA201,93,100,100,90,89,88,93,95
2131,CBCA202,99,97,91,87,90,98,94,95
2131,CBCA203,91,100,100,98,94,98,97,95
2131,CBCA204,97,100,89,96,100,100,97,95
2132,CBCA201,48,43,58,57,56,53,53,53
2132,CBCA202,45,56,52,53,51,59,53,53
2132,CBCA203,57,45,50,47,44,58,50,53
2132,CBCA204,62,42,61,55,60,49,55,53
2133,CBCA201,7,15,16,13,11,16,13,17
2133,CBCA202,22,24,17,18,25,18,21,17
2133,CBCA203,18,13,19,14,13,19,16,17
2133,CBCA204,14,19,29,16,14,18,18,17
2134,CBCA201,87,86,95,91,94,87,90,86
2134,CBCA202,91,81,85,84,78,91,85,86
2134,CBCA203,80,92,78,88,84,89,85,86
2134,CBCA204,85,80,76,89,76,90,83,86
2135,CBCA201,94,89,85,97,88,90,91,90
2135,CBCA202,83,95,94,95,89,83,90,90
2135,CBCA203,96,88,93,78,91,91,90,90
2135,CBCA204,91,90,98,88,90,79,89,90
2136,CBCA201,43,53,48,46,53,46,48,50
2136,CBCA202,51,55,54,51,53,51,53,50
2136,CBCA203,45,54,53,62,40,53,51,50
2136,CBCA204,41,45,52,56,53,48,49,50
2137,CBCA201,57,58,49,59,61,59,57,58
2137,CBCA202,54,65,67,62,58,56,60,58
2137,CBCA203,49,55,59,49,60,62,56,58
2137,CBCA204,54,59,61,66,56,57,59,58
2138,CBCA201,84,83,79,78,94,89,85,84
2138,CBCA202,84,82,91,94,87,91,88,84
2138,CBCA203,81,79,74,79,74,81,78,84
2138,CBCA204,91,86,79,85,89,85,86,84
2139,CBCA201,2,7,0,8,11,13,7,9
2139,CBCA202,10,4,11,11,11,2,8,9
2139,CBCA203,14,17,8,18,9,13,13,9
2139,CBCA204,7,3,2,11,10,9,7,9
2140,CBCA201,52,58,43,64,62,55,56,53
2140,CBCA202,51,50,56,46,50,58,52,53
2140,CBCA203,45,49,60,40,48,50,49,53
2140,CBCA204,62,57,52,56,55,48,55,53
2141,CBCA201,90,82,78,88,84,81,84,80
2141,CBCA202,74,86,75,86,80,71,79,80
2141,CBCA203,80,87,77,70,90,74,80,80
2141,CBCA204,80,76,73,81,82,77,78,80
2142,CBCA201,83,87,86,89,86,85,86,83
2142,CBCA202,71,91,88,88,73,84,83,83
2142,CBCA203,85,79,82,84,86,77,82,83
2142,CBCA204,82,91,77,84,80,72,81,83
2143,CBCA201,90,91,91,77,88,83,87,86
2143,CBCA202,77,79,78,88,89,91,84,86
2143,CBCA203,75,87,93,89,94,77,86,86
2143,CBCA204,84,83,80,88,91,89,86,86
2144,CBCA201,67,63,63,70,59,58,63,65
2144,CBCA202,71,69,58,58,72,68,66,65
2144,CBCA203,66,54,71,65,71,66,66,65
2144,CBCA204,63,60,62,67,62,66,63,65
2145,CBCA201,91,95,96,99,100,100,97,99
2145,CBCA202,100,100,100,100,100,100,100,99
2145,CBCA203,100,97,98,97,100,97,98,99
2145,CBCA204,100,97,99,100,99,100,99,99
2146,CBCA201,29,38,41,29,31,27,33,33
2146,CBCA202,39,34,29,40,27,27,33,33
2146,CBCA203,34,33,32,29,28,33,32,33
2146,CBCA204,40,35,33,31,39,27,34,33
2147,CBCA201,69,67,59,66,61,66,65,63
2147,CBCA202,71,56,54,61,51,66,60,63
2147,CBCA203,62,63,71,62,62,70,65,63
2147,CBCA204,71,59,61,62,61,69,64,63
2148,CBCA201,63,71,65,59,64,75,66,64
2148,CBCA202,71,62,56,58,65,60,62,64
2148,CBCA203,71,66,60,54,67,62,63,64
2148,CBCA204,64,69,68,62,56,56,63,64
2149,CBCA201,100,94,99,88,100,98,97,97
2149,CBCA202,100,88,96,99,100,95,96,97
2149,CBCA203,92,100,100,98,98,89,96,97
2149,CBCA204,89,100,100,100,99,97,98,97
2150,CBCA201,88,83,76,80,85,82,82,78
2150,CBCA202,70,73,74,78,76,78,75,78
2150,CBCA203,80,73,78,78,81,67,76,78
2150,CBCA204,77,81,71,85,81,81,79,78
2151,CBCA201,93,81,86,82,88,85,86,84
2151,CBCA202,85,76,81,81,72,85,80,84
2151,CBCA203,91,81,77,80,87,84,83,84
2151,CBCA204,93,77,84,89,83,85,85,84
2152,CBCA201,15,15,19,15,12,17,16,16
2152,CBCA202,22,9,11,18,21,15,16,16
2152,CBCA203,4,17,22,8,20,9,13,16
2152,CBCA204,17,24,13,23,15,15,18,16
2153,CBCA201,16,8,14,17,13,18,14,15
2153,CBCA202,6,12,11,19,23,17,15,15
2153,CBCA203,20,20,15,22,11,15,17,15
2153,CBCA204,11,22,5,13,22,10,14,15
2154,CBCA201,59,67,59,66,71,62,64,63
2154,CBCA202,56,56,57,63,62,62,59,63
2154,CBCA203,69,67,62,66,66,70,67,63
2154,CBCA204,55,60,70,63,60,66,62,63
2155,CBCA201,79,87,80,64,80,76,78,77
2155,CBCA202,78,68,84,78,73,83,77,77
2155,CBCA203,81,67,76,84,83,80,79,77
2155,CBCA204,84,70,74,76,68,82,76,77
2156,CBCA201,89,85,94,84,84,89,88,84
2156,CBCA202,79,82,79,88,87,89,84,84
2156,CBCA203,87,79,82,89,90,80,85,84
2156,CBCA204,76,86,86,77,75,87,81,84
2157,CBCA201,74,85,80,94,82,77,82,81
2157,CBCA202,91,85,84,82,83,78,84,81
2157,CBCA203,79,78,77,86,79,90,82,81
2157,CBCA204,79,76,74,79,76,83,78,81
2158,CBCA201,55,59,50,42,59,52,53,53
2158,CBCA202,61,53,49,61,55,59,56,53
2158,CBCA203,48,44,52,50,53,60,51,53
2158,CBCA204,53,51,49,45,60,52,52,53
2159,CBCA201,78,65,64,74,58,65,67,67
2159,CBCA202,72,60,65,67,69,63,66,67
2159,CBCA203,75,63,71,75,69,58,69,67
2159,CBCA204,72,70,67,64,65,65,67,67
2160,CBCA201,11,9,10,14,7,15,11,9
2160,CBCA202,16,5,10,12,21,9,12,9
2160,CBCA203,4,6,14,0,4,4,5,9
2160,CBCA204,13,14,8,13,1,1,8,9
2161,CBCA201,81,88,78,76,89,83,83,82
2161,CBCA202,84,80,80,92,83,86,84,82
2161,CBCA203,84,85,80,82,70,76,80,82
2161,CBCA204,84,76,79,87,78,80,81,82
2162,CBCA201,57,65,70,58,56,70,63,63
2162,CBCA202,65,69,65,65,50,59,62,63
2162,CBCA203,67,58,69,62,64,67,65,63
2162,CBCA204,54,57,68,62,61,62,61,63
2163,CBCA201,67,60,65,70,70,56,65,67
2163,CBCA202,67,72,73,74,68,63,70,67
2163,CBCA203,70,62,74,74,65,69,69,67
2163,CBCA204,59,69,69,67,60,66,65,67
2164,CBCA201,67,73,75,68,66,73,70,71
2164,CBCA202,71,68,73,68,67,66,69,71
2164,CBCA203,78,74,71,72,70,66,72,71
2164,CBCA204,68,80,66,75,75,70,72,71
2165,CBCA201,82,79,77,83,85,73,80,82
2165,CBCA202,89,84,81,90,86,73,84,82
2165,CBCA203,78,90,77,82,82,86,83,82
2165,CBCA204,75,86,70,76,89,85,80,82
2166,CBCA201,80,81,78,74,64,72,75,73
2166,CBCA202,72,63,71,71,79,80,73,73
2166,CBCA203,74,63,77,66,83,68,72,73
2166,CBCA204,76,65,81,70,82,69,74,73
2167,CBCA201,60,50,65,61,60,48,57,56
2167,CBCA202,61,56,60,60,61,49,58,56
2167,CBCA203,55,64,52,47,64,61,57,56
2167,CBCA204,49,52,53,60,45,55,52,56
2168,CBCA201,53,48,53,52,50,49,51,50
2168,CBCA202,49,53,43,51,43,48,48,50
2168,CBCA203,57,55,45,60,45,49,52,50
2168,CBCA204,44,55,44,52,55,51,50,50
2169,CBCA201,75,71,75,62,72,72,71,72
2169,CBCA202,83,68,77,79,74,67,75,72
2169,CBCA203,79,70,69,72,77,74,74,72
2169,CBCA204,70,75,62,68,72,72,70,72
2170,CBCA201,88,92,86,84,86,88,87,89
2170,CBCA202,88,95,83,93,85,86,88,89
2170,CBCA203,87,83,100,91,81,93,89,89
2170,CBCA204,95,91,99,87,90,93,93,89
2171,CBCA201,92,82,87,82,87,86,86,86
2171,CBCA202,82,82,84,87,85,79,83,86
2171,CBCA203,85,93,84,80,81,86,85,86
2171,CBCA204,89,95,84,90,87,90,89,86
2172,CBCA201,100,94,90,83,98,100,94,90
2172,CBCA202,100,83,98,87,84,92,91,90
2172,CBCA203,98,83,85,87,89,89,89,90
2172,CBCA204,91,84,87,86,93,88,88,90
2173,CBCA201,31,33,26,25,15,19,25,24
2173,CBCA202,15,34,21,16,21,26,22,24
2173,CBCA203,19,26,22,25,27,23,24,24
2173,CBCA204,19,34,25,20,24,22,24,24
2174,CBCA201,81,81,91,79,88,82,84,84
2174,CBCA202,86,90,75,83,83,89,84,84
2174,CBCA203,80,84,89,82,88,85,85,84
2174,CBCA204,85,74,91,96,82,76,84,84
2175,CBCA201,54,56,40,45,53,55,51,49
2175,CBCA202,38,46,51,42,39,52,45,49
2175,CBCA203,44,58,55,45,45,45,49,49
2175,CBCA204,59,55,50,47,46,46,51,49
2176,CBCA201,27,23,25,27,23,22,25,23
2176,CBCA202,22,19,29,24,31,17,24,23
2176,CBCA203,16,25,30,17,11,24,21,23
2176,CBCA204,32,21,15,24,25,19,23,23
2177,CBCA201,64,72,66,74,72,67,69,68
2177,CBCA202,66,73,68,64,69,67,68,68
2177,CBCA203,60,65,58,71,75,72,67,68
2177,CBCA204,67,74,60,66,69,63,67,68
2178,CBCA201,100,89,97,90,90,89,93,93
2178,CBCA202,100,90,86,86,91,100,92,93
2178,CBCA203,91,90,94,88,92,85,90,93
2178,CBCA204,98,100,97,97,97,93,97,93
2179,CBCA201,65,55,63,56,54,68,60,63
2179,CBCA202,65,67,54,54,62,51,59,63
2179,CBCA203,68,68,64,68,67,73,68,63
2179,CBCA204,62,71,66,61,57,64,64,63
2180,CBCA201,62,63,55,56,64,59,60,61
2180,CBCA202,63,61,59,66,59,66,62,61
2180,CBCA203,58,63,72,65,66,63,65,61
2180,CBCA204,55,59,62,51,54,68,58,61
2181,CBCA201,62,63,49,54,60,55,57,57
2181,CBCA202,60,61,65,48,50,50,56,57
2181,CBCA203,54,53,50,60,55,56,55,57
2181,CBCA204,64,60,55,62,59,54,59,57
2182,CBCA201,63,54,43,53,59,60,55,54
2182,CBCA202,52,57,62,54,47,52,54,54
2182,CBCA203,48,59,53,51,60,55,54,54
2182,CBCA204,64,46,47,46,55,58,53,54
2183,CBCA201,42,53,52,53,52,58,52,52
2183,CBCA202,53,50,57,51,53,55,53,52
2183,CBCA203,61,41,62,54,46,44,51,52
2183,CBCA204,52,53,52,53,55,46,52,52
2184,CBCA201,36,40,39,29,41,38,37,35
2184,CBCA202,30,40,27,38,40,28,34,35
2184,CBCA203,37,31,31,29,41,29,33,35
2184,CBCA204,37,38,25,40,34,35,35,35
2185,CBCA201,59,63,68,73,72,70,68,70
2185,CBCA202,70,67,71,67,74,67,69,70
2185,CBCA203,74,72,80,70,70,71,73,70
2185,CBCA204,78,67,75,71,68,63,70,70
2186,CBCA201,97,79,90,97,81,86,88,89
2186,CBCA202,86,86,94,88,87,83,87,89
2186,CBCA203,82,90,97,86,85,87,88,89
2186,CBCA204,94,88,84,97,96,93,92,89
2187,CBCA201,52,61,66,70,58,70,63,64
2187,CBCA202,59,62,67,58,64,68,63,64
2187,CBCA203,67,65,60,64,68,74,66,64
2187,CBCA204,60,68,65,62,57,67,63,64
2188,CBCA201,83,78,85,90,79,80,83,84
2188,CBCA202,97,92,80,80,87,88,87,84
2188,CBCA203,86,84,78,86,77,75,81,84
2188,CBCA204,76,89,94,86,86,77,85,84
2189,CBCA201,56,54,66,55,49,58,56,55
2189,CBCA202,50,54,61,54,58,60,56,55
2189,CBCA203,58,61,47,45,62,51,54,55
2189,CBCA204,56,52,51,58,55,50,54,55
2190,CBCA201,43,40,47,49,54,54,48,49
2190,CBCA202,44,46,57,49,50,57,51,49
2190,CBCA203,46,46,52,53,56,57,52,49
2190,CBCA204,42,52,47,49,50,47,48,49
2191,CBCA201,68,58,67,60,63,61,63,63
2191,CBCA202,53,60,55,58,61,63,58,63
2191,CBCA203,65,69,61,66,64,59,64,63
2191,CBCA204,72,70,58,66,68,60,66,63
2192,CBCA201,74,62,66,67,64,73,68,69
2192,CBCA202,64,62,64,72,77,72,69,69
2192,CBCA203,68,78,70,66,76,74,72,69
2192,CBCA204,66,57,78,67,73,62,67,69
2193,CBCA201,100,100,100,88,96,97,97,98
2193,CBCA202,100,95,92,100,100,100,98,98
2193,CBCA203,100,100,93,98,100,100,99,98
2193,CBCA204,100,100,100,100,99,100,100,98
2194,CBCA201,90,90,81,86,84,86,86,87
2194,CBCA202,78,83,81,93,81,93,85,87
2194,CBCA203,89,84,87,93,86,85,87,87
2194,CBCA204,90,92,92,92,85,85,89,87
2195,CBCA201,75,75,70,80,75,78,76,75
2195,CBCA202,81,78,79,76,68,79,77,75
2195,CBCA203,76,76,75,69,80,67,74,75
2195,CBCA204,80,76,74,69,77,78,76,75
2196,CBCA201,55,48,47,46,62,49,51,55
2196,CBCA202,63,60,50,61,47,59,57,55
2196,CBCA203,58,56,55,57,63,53,57,55
2196,CBCA204,58,59,54,62,58,50,57,55
2197,CBCA201,40,46,51,46,56,57,49,47
2197,CBCA202,48,44,38,41,47,53,45,47
2197,CBCA203,49,42,48,48,41,57,48,47
2197,CBCA204,47,46,37,49,48,48,46,47
2198,CBCA201,97,100,100,97,100,100,99,98
2198,CBCA202,100,100,95,89,100,93,96,98
2198,CBCA203,94,100,98,100,100,98,98,98
2198,CBCA204,95,100,99,100,99,100,99,98
2199,CBCA201,86,87,75,81,90,72,82,82
2199,CBCA202,79,81,83,81,85,81,82,82
2199,CBCA203,78,83,71,83,89,85,82,82
2199,CBCA204,88,85,76,88,87,81,84,82
2200,CBCA201,79,78,75,78,76,80,78,76
2200,CBCA202,71,71,78,73,74,67,72,76
2200,CBCA203,81,78,76,69,76,79,77,76
2200,CBCA204,81,73,81,74,75,74,76,76
2201,CBCA201,61,66,67,60,71,67,65,65
2201,CBCA202,59,60,57,59,55,66,59,65
2201,CBCA203,64,68,62,66,74,65,67,65
2201,CBCA204,68,64,63,67,70,71,67,65
2202,CBCA201,85,88,88,92,95,85,89,89
2202,CBCA202,82,96,87,95,94,88,90,89
2202,CBCA203,80,79,91,89,85,89,86,89
2202,CBCA204,95,90,91,89,96,89,92,89
2203,CBCA201,25,24,32,22,33,32,28,26
2203,CBCA202,23,35,16,28,32,22,26,26
2203,CBCA203,28,35,32,29,18,20,27,26
2203,CBCA204,21,28,30,21,25,24,25,26
2204,CBCA201,68,71,79,84,76,80,76,75
2204,CBCA202,67,74,82,73,75,65,73,75
2204,CBCA203,84,71,72,71,73,82,76,75
2204,CBCA204,72,70,79,73,82,80,76,75
2205,CBCA201,82,88,86,93,80,97,88,88
2205,CBCA202,89,90,78,90,83,88,86,88
2205,CBCA203,92,93,85,91,88,86,89,88
2205,CBCA204,88,82,96,86,88,94,89,88
2206,CBCA201,80,76,82,78,81,72,78,77
2206,CBCA202,79,80,67,76,80,78,77,77
2206,CBCA203,78,87,82,80,71,78,79,77
2206,CBCA204,73,69,75,77,86,73,76,77
2207,CBCA201,94,94,87,93,95,88,92,90
2207,CBCA202,80,100,95,81,90,94,90,90
2207,CBCA203,87,87,95,89,82,91,89,90
2207,CBCA204,90,88,93,96,84,96,91,90
2208,CBCA201,60,49,58,62,59,63,59,58
2208,CBCA202,55,61,63,55,60,60,59,58
2208,CBCA203,67,53,56,53,58,49,56,58
2208,CBCA204,51,64,54,58,60,57,57,58
2209,CBCA201,95,92,94,96,99,100,96,96
2209,CBCA202,100,93,86,100,97,89,94,96
2209,CBCA203,100,100,95,100,100,100,99,96
2209,CBCA204,100,86,89,96,100,88,93,96
2210,CBCA201,3,8,6,2,10,13,7,5
2210,CBCA202,1,0,1,0,0,2,1,5
2210,CBCA203,13,5,2,4,4,2,5,5
2210,CBCA204,11,3,1,12,6,3,6,5
2211,CBCA201,100,97,95,93,86,86,93,95
2211,CBCA202,94,88,100,96,100,100,96,95
2211,CBCA203,93,100,95,96,89,92,94,95
2211,CBCA204,95,99,95,99,95,96,97,95
2212,CBCA201,6,12,0,3,9,9,7,7
2212,CBCA202,5,7,11,6,0,9,6,7
2212,CBCA203,7,6,1,7,13,10,7,7
2212,CBCA204,4,9,0,11,8,5,6,7
2213,CBCA201,55,51,54,50,57,54,54,50
2213,CBCA202,52,54,43,53,52,49,51,50
2213,CBCA203,40,52,53,48,44,51,48,50
2213,CBCA204,40,49,50,52,51,46,48,50
2214,CBCA201,92,90,92,98,85,91,91,91
2214,CBCA202,91,92,94,88,88,86,90,91
2214,CBCA203,83,87,97,100,96,91,92,91
2214,CBCA204,91,87,86,96,91,85,89,91
2215,CBCA201,53,51,45,61,49,58,53,54
2215,CBCA202,57,58,48,55,58,54,55,54
2215,CBCA203,59,44,61,55,55,53,55,54
2215,CBCA204,47,57,56,55,55,51,54,54
2216,CBCA201,16,27,33,32,27,15,25,23
2216,CBCA202,30,30,26,21,19,22,25,23
2216,CBCA203,22,30,24,12,16,18,20,23
2216,CBCA204,22,25,25,12,13,24,20,23
2217,CBCA201,78,71,75,75,74,60,72,72
2217,CBCA202,68,63,69,64,78,75,70,72
2217,CBCA203,60,60,81,72,72,77,70,72
2217,CBCA204,67,78,76,71,78,74,74,72
2218,CBCA201,85,88,93,85,85,90,88,89
2218,CBCA202,98,85,97,88,84,82,89,89
2218,CBCA203,88,96,89,97,92,88,92,89
2218,CBCA204,93,91,91,90,82,90,90,89
2219,CBCA201,56,45,56,56,52,57,54,52
2219,CBCA202,60,52,52,46,52,55,53,52
2219,CBCA203,51,55,53,58,42,44,51,52
2219,CBCA204,47,51,48,49,58,55,51,52
2220,CBCA201,62,64,62,73,76,66,67,69
2220,CBCA202,72,63,65,75,75,68,70,69
2220,CBCA203,73,71,64,74,76,64,70,69
2220,CBCA204,72,78,70,62,71,64,70,69
2221,CBCA201,79,84,84,83,75,83,81,83
2221,CBCA202,85,79,78,90,82,77,82,83
2221,CBCA203,89,84,76,76,90,88,84,83
2221,CBCA204,82,77,90,87,75,87,83,83
2222,CBCA201,56,59,56,58,61,49,57,58
2222,CBCA202,53,62,56,69,59,53,59,58
2222,CBCA203,67,61,61,50,57,49,58,58
2222,CBCA204,55,51,52,67,59,61,58,58
2223,CBCA201,65,59,62,67,65,60,63,63
2223,CBCA202,59,67,61,58,64,52,60,63
2223,CBCA203,67,63,70,68,61,58,65,63
2223,CBCA204,57,63,70,72,59,65,64,63
2224,CBCA201,100,89,99,100,100,94,97,98
2224,CBCA202,93,100,97,100,96,96,97,98
2224,CBCA203,99,95,100,91,100,100,98,98
2224,CBCA204,100,96,100,100,96,100,99,98
2225,CBCA201,100,93,100,100,100,89,97,98
2225,CBCA202,100,99,100,100,100,100,100,98
2225,CBCA203,99,95,97,97,95,100,97,98
2225,CBCA204,100,100,100,100,96,100,99,98
2226,CBCA201,8,20,10,9,6,8,10,9
2226,CBCA202,4,10,15,18,3,14,11,9
2226,CBCA203,0,11,6,9,2,11,7,9
2226,CBCA204,15,5,7,0,10,4,7,9
2227,CBCA201,100,100,100,100,100,98,100,98
2227,CBCA202,93,100,100,94,100,100,98,98
2227,CBCA203,92,100,93,92,100,99,96,98
2227,CBCA204,100,100,97,90,95,97,97,98
2228,CBCA201,82,78,87,86,81,76,82,85
2228,CBCA202,92,94,82,96,74,76,86,85
2228,CBCA203,79,91,87,85,89,91,87,85
2228,CBCA204,92,84,81,80,85,87,85,85
2229,CBCA201,60,64,58,62,62,60,61,62
2229,CBCA202,58,61,66,54,56,62,60,62
2229,CBCA203,59,68,60,63,67,62,63,62
2229,CBCA204,66,66,66,62,58,59,63,62
2230,CBCA201,92,84,86,83,89,89,87,88
2230,CBCA202,80,98,90,89,83,87,88,88
2230,CBCA203,89,95,99,82,86,92,91,88
2230,CBCA204,90,81,92,82,81,89,86,88
2231,CBCA201,89,85,82,90,83,88,86,86
2231,CBCA202,83,83,90,87,81,81,84,86
2231,CBCA203,87,86,82,96,91,89,89,86
2231,CBCA204,94,85,80,78,89,87,86,86
2232,CBCA201,69,75,72,69,63,66,69,68
2232,CBCA202,55,72,64,73,67,64,66,68
2232,CBCA203,64,63,75,67,64,72,68,68
2232,CBCA204,63,68,68,63,68,76,68,68
2233,CBCA201,80,69,78,72,68,72,73,71
2233,CBCA202,75,68,69,66,75,65,70,71
2233,CBCA203,66,64,60,66,82,65,67,71
2233,CBCA204,75,70,76,69,83,79,75,71
2234,CBCA201,0,0,2,8,0,0,2,2
2234,CBCA202,0,1,7,2,0,2,2,2
2234,CBCA203,3,0,0,1,3,5,2,2
2234,CBCA204,0,0,1,0,7,0,1,2
2235,CBCA201,68,61,69,62,65,65,65,65
2235,CBCA202,68,68,60,69,68,60,66,65
2235,CBCA203,63,65,54,66,63,69,63,65
2235,CBCA204,70,61,69,68,57,62,65,65
2236,CBCA201,57,57,61,62,51,59,58,57
2236,CBCA202,51,60,59,57,53,50,55,57
2236,CBCA203,64,61,54,56,59,55,58,57
2236,CBCA204,55,46,53,61,56,60,55,57
2237,CBCA201,85,95,87,97,96,95,93,92
2237,CBCA202,89,95,87,86,88,96,90,92
2237,CBCA203,91,100,82,96,100,93,94,92
2237,CBCA204,86,83,95,94,84,100,90,92
2238,CBCA201,86,84,86,79,75,84,82,83
2238,CBCA202,79,84,76,82,78,87,81,83
2238,CBCA203,88,83,84,87,85,88,86,83
2238,CBCA204,82,79,84,84,90,83,84,83
2239,CBCA201,60,54,66,70,62,63,63,65
2239,CBCA202,69,67,63,59,58,66,64,65
2239,CBCA203,66,60,67,64,67,65,65,65
2239,CBCA204,61,69,70,67,66,72,68,65
2240,CBCA201,34,29,18,35,25,26,28,31
2240,CBCA202,33,37,37,40,29,29,34,31
2240,CBCA203,36,36,24,22,20,26,27,31
2240,CBCA204,40,30,33,32,37,24,33,31
2241,CBCA201,60,69,65,63,66,65,65,65
2241,CBCA202,72,59,61,65,68,67,65,65
2241,CBCA203,72,68,68,63,71,63,68,65
2241,CBCA204,56,73,61,63,63,60,63,65
2242,CBCA201,63,72,74,78,62,76,71,71
2242,CBCA202,74,67,76,68,71,60,69,71
2242,CBCA203,69,78,74,77,66,75,73,71
2242,CBCA204,79,68,65,61,74,71,70,71
2243,CBCA201,34,38,33,44,47,51,41,43
2243,CBCA202,34,47,33,41,47,38,40,43
2243,CBCA203,41,52,46,44,36,51,45,43
2243,CBCA204,49,39,50,40,53,40,45,43
2244,CBCA201,56,51,51,47,46,51,50,49
2244,CBCA202,43,41,47,55,41,54,47,49
2244,CBCA203,46,44,55,52,54,50,50,49
2244,CBCA204,48,39,54,42,54,54,49,49
2245,CBCA201,90,96,82,87,77,82,86,84
2245,CBCA202,79,79,88,89,89,79,84,84
2245,CBCA203,85,89,91,79,80,85,85,84
2245,CBCA204,80,82,78,76,86,77,80,84
2246,CBCA201,60,48,57,54,58,48,54,56
2246,CBCA202,55,54,48,54,59,60,55,56
2246,CBCA203,45,54,59,64,58,53,56,56
2246,CBCA204,59,60,56,62,60,53,58,56
2247,CBCA201,5,2,8,6,12,20,9,11
2247,CBCA202,3,16,14,14,8,21,13,11
2247,CBCA203,14,14,12,10,14,13,13,11
2247,CBCA204,15,12,4,16,4,15,11,11
2248,CBCA201,36,38,36,38,38,33,37,34
2248,CBCA202,27,24,43,44,33,34,34,34
2248,CBCA203,30,29,44,36,36,34,35,34
2248,CBCA204,40,33,29,27,26,26,30,34
2249,CBCA201,49,51,41,40,53,46,47,44
2249,CBCA202,42,48,42,53,45,47,46,44
2249,CBCA203,38,47,36,43,43,34,40,44
2249,CBCA204,35,54,43,33,48,47,43,44
2250,CBCA201,72,59,57,68,75,73,67,69
2250,CBCA202,60,77,77,74,74,61,71,69
2250,CBCA203,73,75,68,70,71,65,70,69
2250,CBCA204,68,65,68,72,61,67,67,69
2251,CBCA201,78,65,73,66,62,76,70,71
2251,CBCA202,74,66,76,76,73,74,73,71
2251,CBCA203,66,67,70,69,63,72,68,71
2251,CBCA204,77,78,74,75,70,68,74,71
2252,CBCA201,20,19,12,23,16,20,18,21
2252,CBCA202,25,23,23,13,20,18,20,21
2252,CBCA203,19,20,24,27,27,17,22,21
2252,CBCA204,17,25,18,15,23,29,21,21
2253,CBCA201,85,83,80,86,79,80,82,82
2253,CBCA202,85,76,83,83,94,85,84,82
2253,CBCA203,83,76,81,85,78,80,81,82
2253,CBCA204,80,79,76,86,85,82,81,82
2254,CBCA201,45,56,50,61,58,55,54,54
2254,CBCA202,50,55,60,58,60,65,58,54
2254,CBCA203,60,56,65,53,43,55,55,54
2254,CBCA204,52,47,48,48,50,52,50,54
2255,CBCA201,65,75,66,70,60,60,66,68
2255,CBCA202,78,74,75,60,63,71,70,68
2255,CBCA203,71,61,70,63,64,71,67,68
2255,CBCA204,70,65,72,61,74,74,69,68
2256,CBCA201,59,69,67,57,57,56,61,60
2256,CBCA202,58,65,51,56,57,59,58,60
2256,CBCA203,52,57,55,55,57,63,57,60
2256,CBCA204,64,68,60,61,58,67,63,60
2257,CBCA201,85,78,73,71,81,72,77,75
2257,CBCA202,67,82,70,78,82,76,76,75
2257,CBCA203,73,83,67,80,74,74,75,75
2257,CBCA204,72,73,72,69,65,78,72,75
2258,CBCA201,56,70,65,59,61,61,62,66
2258,CBCA202,72,64,69,67,63,62,66,66
2258,CBCA203,64,75,61,70,71,68,68,66
2258,CBCA204,66,71,74,68,69,67,69,66
2259,CBCA201,38,35,30,35,31,22,32,32
2259,CBCA202,35,36,36,44,27,29,35,32
2259,CBCA203,28,22,34,32,39,31,31,32
2259,CBCA204,31,33,24,28,34,41,32,32
2260,CBCA201,50,53,52,43,54,61,52,55
2260,CBCA202,55,47,53,58,58,63,56,55
2260,CBCA203,58,59,54,50,54,52,55,55
2260,CBCA204,62,56,59,52,60,55,57,55
2261,CBCA201,60,60,68,62,58,59,61,61
2261,CBCA202,66,64,60,70,57,48,61,61
2261,CBCA203,59,67,63,52,56,63,60,61
2261,CBCA204,64,54,64,61,67,56,61,61
2262,CBCA201,61,59,61,60,51,59,59,57
2262,CBCA202,64,51,64,57,56,51,57,57
2262,CBCA203,61,48,57,58,55,56,56,57
2262,CBCA204,56,59,54,63,62,49,57,57
2263,CBCA201,67,63,66,60,71,55,64,62
2263,CBCA202,72,52,63,54,59,65,61,62
2263,CBCA203,65,56,54,54,70,59,60,62
2263,CBCA204,68,63,58,65,63,63,63,62
2264,CBCA201,80,76,88,87,93,95,87,88
2264,CBCA202,92,91,86,96,88,90,91,88
2264,CBCA203,88,88,93,83,88,87,88,88
2264,CBCA204,80,79,90,98,91,83,87,88
2265,CBCA201,49,48,45,37,42,39,43,45
2265,CBCA202,47,43,44,43,39,46,44,45
2265,CBCA203,52,48,45,50,43,41,47,45
2265,CBCA204,46,42,47,48,47,43,46,45
2266,CBCA201,56,50,42,48,56,56,51,54
2266,CBCA202,53,59,57,52,55,54,55,54
2266,CBCA203,50,60,59,51,58,58,56,54
2266,CBCA204,58,46,44,60,49,60,53,54
2267,CBCA201,95,94,95,85,95,86,92,89
2267,CBCA202,87,84,90,85,83,89,86,89
2267,CBCA203,83,90,92,80,88,95,88,89
2267,CBCA204,91,83,99,91,88,89,90,89
2268,CBCA201,98,83,88,83,80,91,87,87
2268,CBCA202,84,81,82,96,91,83,86,87
2268,CBCA203,87,83,96,90,85,86,88,87
2268,CBCA204,84,81,85,87,87,85,85,87
2269,CBCA201,44,56,38,48,54,38,46,48
2269,CBCA202,46,42,43,50,51,55,48,48
2269,CBCA203,45,46,47,42,58,48,48,48
2269,CBCA204,59,43,50,54,50,40,49,48
2270,CBCA201,61,59,59,50,49,59,56,57
2270,CBCA202,48,55,56,59,54,65,56,57
2270,CBCA203,54,64,62,55,65,66,61,57
2270,CBCA204,67,62,48,54,52,54,56,57
2271,CBCA201,70,85,74,78,72,73,75,77
2271,CBCA202,75,77,68,77,78,78,76,77
2271,CBCA203,73,75,84,80,77,86,79,77
2271,CBCA204,84,80,83,69,75,71,77,77
2272,CBCA201,44,53,44,55,55,47,50,49
2272,CBCA202,52,53,58,40,50,50,51,49
2272,CBCA203,58,42,42,48,59,57,51,49
2272,CBCA204,41,42,48,46,45,40,44,49
2273,CBCA201,26,31,12,32,23,21,24,24
2273,CBCA202,32,30,19,19,23,29,25,24
2273,CBCA203,16,28,27,27,15,22,23,24
2273,CBCA204,26,21,15,22,31,21,23,24
2274,CBCA201,30,34,38,31,27,24,31,30
2274,CBCA202,34,24,36,26,24,30,29,30
2274,CBCA203,33,31,32,28,30,34,31,30
2274,CBCA204,23,26,26,35,27,30,28,30
2275,CBCA201,64,50,57,55,53,53,55,54
2275,CBCA202,52,63,53,51,48,53,53,54
2275,CBCA203,48,57,53,52,60,47,53,54
2275,CBCA204,49,51,55,60,50,56,54,54
2276,CBCA201,70,65,70,72,67,69,69,69
2276,CBCA202,73,66,68,71,67,67,69,69
2276,CBCA203,78,67,65,65,73,62,68,69
2276,CBCA204,67,70,72,69,72,67,70,69
2277,CBCA201,92,82,76,85,83,85,84,82
2277,CBCA202,85,82,85,79,88,77,83,82
2277,CBCA203,79,83,82,80,77,78,80,82
2277,CBCA204,74,82,84,86,75,78,80,82
2278,CBCA201,96,96,93,100,100,100,98,97
2278,CBCA202,100,94,100,100,96,97,98,97
2278,CBCA203,100,93,93,90,100,95,95,97
2278,CBCA204,99,91,99,100,87,99,96,97
2279,CBCA201,91,88,87,80,82,93,87,86
2279,CBCA202,79,89,93,88,88,92,88,86
2279,CBCA203,80,90,89,82,90,80,85,86
2279,CBCA204,84,91,87,85,84,82,86,86
2280,CBCA201,46,46,40,52,60,42,48,47
2280,CBCA202,44,45,41,49,39,39,43,47
2280,CBCA203,53,38,45,45,48,45,46,47
2280,CBCA204,54,53,46,53,50,49,51,47
2281,CBCA201,95,89,76,85,92,76,86,86
2281,CBCA202,88,86,87,92,89,76,86,86
2281,CBCA203,79,84,88,92,86,81,85,86
2281,CBCA204,89,85,85,88,88,88,87,86
2282,CBCA201,86,83,80,78,83,92,84,84
2282,CBCA202,87,90,87,75,89,88,86,84
2282,CBCA203,74,80,75,88,88,90,83,84
2282,CBCA204,73,80,88,93,75,86,83,84
2283,CBCA201,81,99,89,90,86,83,88,89
2283,CBCA202,95,88,93,87,95,89,91,89
2283,CBCA203,91,84,86,93,83,87,87,89
2283,CBCA204,89,82,80,99,84,100,89,89
2284,CBCA201,80,81,73,70,82,73,77,76
2284,CBCA202,68,74,66,83,72,87,75,76
2284,CBCA203,81,79,75,75,76,77,77,76
2284,CBCA204,77,76,68,75,74,75,74,76
2285,CBCA201,0,0,3,9,7,0,3,4
2285,CBCA202,0,5,4,4,13,0,4,4
2285,CBCA203,4,4,8,7,4,0,5,4
2285,CBCA204,5,2,3,4,9,0,4,4
2286,CBCA201,8,0,0,5,0,0,2,3
2286,CBCA202,1,4,5,3,0,6,3,3
2286,CBCA203,0,11,0,0,0,1,2,3
2286,CBCA204,0,0,9,11,10,5,6,3
2287,CBCA201,58,55,57,68,63,59,60,60
2287,CBCA202,61,63,70,54,69,62,63,60
2287,CBCA203,51,71,54,64,59,60,60,60
2287,CBCA204,59,56,54,58,57,53,56,60
2288,CBCA201,83,85,81,86,83,96,86,88
2288,CBCA202,93,80,100,88,89,85,89,88
2288,CBCA203,96,82,92,93,86,91,90,88
2288,CBCA204,88,89,89,88,93,86,89,88
2289,CBCA201,75,70,57,69,75,71,70,66
2289,CBCA202,56,62,68,62,63,64,63,66
2289,CBCA203,60,73,65,57,68,65,65,66
2289,CBCA204,74,74,63,61,66,67,68,66
2290,CBCA201,32,35,35,31,28,39,33,33
2290,CBCA202,38,38,28,29,41,35,35,33
2290,CBCA203,38,26,34,27,36,34,33,33
2290,CBCA204,30,29,38,28,35,34,32,33
2291,CBCA201,75,82,74,72,85,71,77,76
2291,CBCA202,81,86,77,79,75,74,79,76
2291,CBCA203,79,75,74,71,65,82,74,76
2291,CBCA204,76,69,81,79,73,74,75,76
2292,CBCA201,49,48,48,47,54,57,51,52
2292,CBCA202,50,56,49,49,52,45,50,52
2292,CBCA203,47,55,52,52,47,57,52,52
2292,CBCA204,53,54,52,51,64,55,55,52
2293,CBCA201,92,92,90,91,80,87,89,91
2293,CBCA202,93,86,91,96,92,89,91,91
2293,CBCA203,92,98,94,90,98,91,94,91
2293,CBCA204,82,87,87,89,93,93,89,91
2294,CBCA201,59,43,50,48,53,54,51,52
2294,CBCA202,55,49,47,50,51,58,52,52
2294,CBCA203,53,56,47,48,57,45,51,52
2294,CBCA204,42,55,56,52,46,64,53,52
2295,CBCA201,60,52,61,45,53,59,55,56
2295,CBCA202,62,54,58,45,44,57,53,56
2295,CBCA203,56,55,50,60,62,61,57,56
2295,CBCA204,54,60,55,58,59,56,57,56
2296,CBCA201,56,53,60,56,51,57,56,57
2296,CBCA202,58,56,56,63,62,50,58,57
2296,CBCA203,56,62,55,56,57,49,56,57
2296,CBCA204,57,62,53,54,65,58,58,57
2297,CBCA201,91,93,82,89,97,98,92,90
2297,CBCA202,90,85,83,80,92,87,86,90
2297,CBCA203,91,89,86,92,100,83,90,90
2297,CBCA204,88,88,86,88,98,95,91,90
2298,CBCA201,9,8,4,9,11,12,9,7
2298,CBCA202,4,16,3,3,7,0,6,7
2298,CBCA203,2,11,9,15,0,7,7,7
2298,CBCA204,10,13,0,15,0,11,8,7
2299,CBCA201,46,31,45,45,42,42,42,42
2299,CBCA202,44,47,41,43,39,46,43,42
2299,CBCA203,49,34,34,31,50,46,41,42
2299,CBCA204,45,52,38,48,39,41,44,42
2300,CBCA201,89,91,96,79,89,92,89,87
2300,CBCA202,90,89,88,94,82,92,89,87
2300,CBCA203,83,88,90,89,87,77,86,87
2300,CBCA204,80,86,89,79,86,90,85,87
2301,CBCA201,68,75,63,74,68,61,68,72
2301,CBCA202,78,70,72,78,76,76,75,72
2301,CBCA203,74,80,77,72,64,75,74,72
2301,CBCA204,72,69,67,79,65,65,70,72
2302,CBCA201,29,33,25,33,26,16,27,24
2302,CBCA202,14,24,26,28,21,19,22,24
2302,CBCA203,18,24,22,17,29,22,22,24
2302,CBCA204,25,18,34,24,19,28,25,24
2303,CBCA201,83,85,88,85,79,82,84,83
2303,CBCA202,87,83,84,89,80,91,86,83
2303,CBCA203,80,85,80,86,72,89,82,83
2303,CBCA204,80,88,80,83,80,73,81,83
2304,CBCA201,71,65,64,69,70,69,68,70
2304,CBCA202,63,66,63,72,70,76,68,70
2304,CBCA203,75,79,79,71,80,65,75,70
2304,CBCA204,72,65,65,67,69,71,68,70
2305,CBCA201,100,100,100,100,93,88,97,98
2305,CBCA202,100,100,92,99,100,98,98,98
2305,CBCA203,100,98,98,100,99,91,98,98
2305,CBCA204,100,99,97,100,100,95,99,98
2306,CBCA201,89,93,80,83,91,88,87,86
2306,CBCA202,96,87,93,84,84,75,87,86
2306,CBCA203,75,94,86,95,87,85,87,86
2306,CBCA204,92,82,74,89,94,75,84,86
2307,CBCA201,73,72,70,62,69,66,69,71
2307,CBCA202,65,75,72,70,67,82,72,71
2307,CBCA203,73,72,65,65,79,69,71,71
2307,CBCA204,70,74,79,74,67,64,71,71
2308,CBCA201,68,70,63,67,65,70,67,68
2308,CBCA202,71,66,68,70,64,77,69,68
2308,CBCA203,68,69,68,65,73,62,68,68
2308,CBCA204,68,71,66,63,66,71,68,68
2309,CBCA201,71,64,69,66,63,77,68,68
2309,CBCA202,70,64,74,72,67,62,68,68
2309,CBCA203,65,62,64,67,61,70,65,68
2309,CBCA204,73,67,70,76,62,69,70,68
2310,CBCA201,34,29,37,37,36,31,34,33
2310,CBCA202,30,43,31,38,27,30,33,33
2310,CBCA203,32,24,28,44,38,23,32,33
2310,CBCA204,33,42,27,34,33,42,35,33
2311,CBCA201,59,56,56,60,65,56,59,60
2311,CBCA202,61,58,52,55,63,51,57,60
2311,CBCA203,62,65,71,62,62,69,65,60
2311,CBCA204,56,61,60,60,55,54,58,60
2312,CBCA201,66,83,76,84,76,80,78,78
2312,CBCA202,88,79,75,85,69,74,78,78
2312,CBCA203,72,76,87,71,72,84,77,78
2312,CBCA204,81,77,85,77,86,74,80,78
2313,CBCA201,98,96,85,97,92,100,95,95
2313,CBCA202,96,100,100,93,100,86,96,95
2313,CBCA203,92,93,100,90,90,91,93,95
2313,CBCA204,98,98,84,100,99,100,97,95
2314,CBCA201,80,92,77,76,79,86,82,83
2314,CBCA202,82,94,79,81,80,92,85,83
2314,CBCA203,77,91,78,92,86,87,85,83
2314,CBCA204,85,84,76,79,84,83,82,83
2315,CBCA201,80,81,74,78,84,84,80,81
2315,CBCA202,80,83,79,73,77,79,79,81
2315,CBCA203,91,79,79,83,88,76,83,81
2315,CBCA204,78,86,70,87,80,90,82,81
2316,CBCA201,47,69,62,57,61,62,60,59
2316,CBCA202,59,61,59,62,48,65,59,59
2316,CBCA203,60,58,54,57,59,60,58,59
2316,CBCA204,57,62,61,53,59,52,57,59
2317,CBCA201,21,23,22,23,23,22,22,22
2317,CBCA202,20,16,23,29,22,22,22,22
2317,CBCA203,14,22,24,15,20,24,20,22
2317,CBCA204,29,14,21,21,24,24,22,22
2318,CBCA201,88,89,81,90,77,85,85,83
2318,CBCA202,78,83,93,83,72,75,81,83
2318,CBCA203,84,85,77,81,87,86,83,83
2318,CBCA204,74,81,79,84,86,90,82,83
2319,CBCA201,51,52,51,45,49,47,49,52
2319,CBCA202,48,49,50,49,56,49,50,52
2319,CBCA203,58,46,51,60,52,51,53,52
2319,CBCA204,55,56,47,57,55,53,54,52
2320,CBCA201,87,91,86,79,84,74,84,84
2320,CBCA202,90,93,85,85,87,85,88,84
2320,CBCA203,86,84,80,81,75,82,81,84
2320,CBCA204,76,89,91,79,87,80,84,84
2321,CBCA201,68,71,77,76,66,76,72,70
2321,CBCA202,74,63,76,73,73,68,71,70
2321,CBCA203,68,71,69,63,71,73,69,70
2321,CBCA204,67,68,65,58,67,72,66,70
2322,CBCA201,62,75,68,69,61,65,67,69
2322,CBCA202,68,68,61,77,69,69,69,69
2322,CBCA203,59,69,67,79,74,75,71,69
2322,CBCA204,61,66,71,66,72,73,68,69
2323,CBCA201,67,73,59,69,67,73,68,67
2323,CBCA202,67,63,61,70,66,67,66,67
2323,CBCA203,60,71,70,64,80,67,69,67
2323,CBCA204,69,68,66,68,62,71,67,67
2324,CBCA201,0,11,4,0,17,6,6,7
2324,CBCA202,7,8,0,12,3,9,7,7
2324,CBCA203,7,11,15,11,8,13,11,7
2324,CBCA204,2,9,15,0,0,0,4,7
2325,CBCA201,93,87,85,82,92,77,86,84
2325,CBCA202,89,78,88,81,84,85,84,84
2325,CBCA203,84,89,80,85,75,79,82,84
2325,CBCA204,83,82,81,87,74,90,83,84
2326,CBCA201,52,64,45,51,53,60,54,55
2326,CBCA202,48,60,57,54,51,61,55,55
2326,CBCA203,53,60,55,48,51,56,54,55
2326,CBCA204,57,60,54,59,57,48,56,55
2327,CBCA201,25,27,32,16,31,33,27,26
2327,CBCA202,28,28,18,18,27,28,25,26
2327,CBCA203,16,16,28,32,29,27,25,26
2327,CBCA204,25,27,30,32,23,21,26,26
2328,CBCA201,84,83,76,80,74,81,80,81
2328,CBCA202,83,88,87,76,76,81,82,81
2328,CBCA203,87,80,79,77,88,83,82,81
2328,CBCA204,74,85,74,85,80,80,80,81
2329,CBCA201,55,57,56,63,66,65,60,59
2329,CBCA202,60,61,61,56,54,53,58,59
2329,CBCA203,61,71,59,64,62,57,62,59
2329,CBCA204,60,58,55,58,55,57,57,59
2330,CBCA201,83,74,84,74,71,75,77,77
2330,CBCA202,82,71,77,78,68,78,76,77
2330,CBCA203,72,77,83,86,81,75,79,77
2330,CBCA204,71,83,78,72,86,78,78,77
2331,CBCA201,45,55,55,50,58,47,52,53
2331,CBCA202,60,49,48,63,62,57,57,53
2331,CBCA203,45,55,53,49,50,59,52,53
2331,CBCA204,48,53,56,54,49,56,53,53
2332,CBCA201,100,94,100,99,94,91,96,95
2332,CBCA202,96,87,100,97,92,96,95,95
2332,CBCA203,99,100,98,96,93,92,96,95
2332,CBCA204,96,97,97,86,90,100,94,95
2333,CBCA201,100,96,84,97,88,100,94,94
2333,CBCA202,87,91,87,99,88,94,91,94
2333,CBCA203,85,90,99,96,94,100,94,94
2333,CBCA204,94,99,100,93,100,85,95,94
2334,CBCA201,59,49,55,50,58,52,54,51
2334,CBCA202,50,43,47,52,52,64,51,51
2334,CBCA203,55,42,55,47,49,61,52,51
2334,CBCA204,51,46,51,53,50,44,49,51
2335,CBCA201,86,100,100,96,85,100,95,97
2335,CBCA202,95,100,99,93,100,99,98,97
2335,CBCA203,100,98,97,96,100,100,99,97
2335,CBCA204,100,96,100,94,100,95,98,97
2336,CBCA201,69,76,74,70,68,76,72,70
2336,CBCA202,69,75,70,59,75,77,71,70
2336,CBCA203,72,73,65,77,64,69,70,70
2336,CBCA204,64,70,66,64,74,74,69,70
2337,CBCA201,72,79,71,82,82,74,77,78
2337,CBCA202,84,72,77,83,84,71,79,78
2337,CBCA203,75,79,90,76,78,85,81,78
2337,CBCA204,81,70,71,83,82,72,77,78
2338,CBCA201,58,64,50,66,52,64,59,59
2338,CBCA202,56,55,67,64,54,59,59,59
2338,CBCA203,68,53,59,53,56,57,58,59
2338,CBCA204,55,54,59,57,67,61,59,59
2339,CBCA201,65,68,69,71,66,68,68,68
2339,CBCA202,70,69,63,64,72,71,68,68
2339,CBCA203,66,72,59,68,65,76,68,68
2339,CBCA204,72,64,65,65,61,75,67,68
2340,CBCA201,92,90,92,85,98,94,92,93
2340,CBCA202,94,100,97,97,95,90,96,93
2340,CBCA203,94,97,84,92,98,92,93,93
2340,CBCA204,87,89,95,95,94,97,93,93
2341,CBCA201,47,52,66,52,63,57,56,59
2341,CBCA202,62,66,61,61,63,58,62,59
2341,CBCA203,57,52,49,58,68,55,57,59
2341,CBCA204,68,57,66,62,65,57,63,59
2342,CBCA201,93,97,100,91,88,91,93,95
2342,CBCA202,99,98,100,87,88,100,95,95
2342,CBCA203,91,99,92,98,99,100,97,95
2342,CBCA204,91,94,98,87,99,91,93,95
2343,CBCA201,100,100,87,89,100,98,96,94
2343,CBCA202,92,93,85,95,94,96,93,94
2343,CBCA203,94,95,94,100,92,88,94,94
2343,CBCA204,93,81,100,95,91,93,92,94
2344,CBCA201,72,63,81,76,69,71,72,72
2344,CBCA202,77,71,75,72,69,63,71,72
2344,CBCA203,73,67,73,71,79,72,73,72
2344,CBCA204,78,70,71,67,69,76,72,72
2345,CBCA201,33,39,39,44,36,37,38,38
2345,CBCA202,38,39,36,37,47,39,39,38
2345,CBCA203,41,29,34,40,42,37,37,38
2345,CBCA204,32,31,45,40,37,35,37,38
2346,CBCA201,58,50,47,51,46,57,52,49
2346,CBCA202,46,54,44,61,46,46,50,49
2346,CBCA203,55,41,47,47,55,48,49,49
2346,CBCA204,41,43,55,49,47,50,48,49
2347,CBCA201,100,100,100,92,96,95,97,98
2347,CBCA202,99,97,100,100,96,98,98,98
2347,CBCA203,100,93,98,100,100,100,99,98
2347,CBCA204,100,97,100,100,97,96,98,98
2348,CBCA201,100,98,94,96,92,94,96,97
2348,CBCA202,99,100,91,97,100,100,98,97
2348,CBCA203,100,97,92,100,91,100,97,97
2348,CBCA204,100,99,97,100,100,93,98,97
2349,CBCA201,72,79,84,88,83,83,82,80
2349,CBCA202,75,82,84,76,89,84,82,80
2349,CBCA203,82,70,89,77,78,74,78,80
2349,CBCA204,73,81,80,81,78,80,79,80
2350,CBCA201,52,58,55,52,54,59,55,53
2350,CBCA202,45,50,52,55,54,47,51,53
2350,CBCA203,48,49,45,49,61,47,50,53
2350,CBCA204,59,49,54,60,57,52,55,53
2351,CBCA201,45,49,49,45,40,37,44,47
2351,CBCA202,48,56,52,47,54,37,49,47
2351,CBCA203,46,48,43,51,48,42,46,47
2351,CBCA204,39,53,44,41,49,55,47,47
2352,CBCA201,82,77,88,76,81,81,81,80
2352,CBCA202,82,75,75,85,77,87,80,80
2352,CBCA203,85,86,91,87,76,80,84,80
2352,CBCA204,82,80,78,67,73,78,76,80
2353,CBCA201,27,15,26,19,16,25,21,22
2353,CBCA202,24,27,25,32,23,20,25,22
2353,CBCA203,16,12,27,21,20,25,20,22
2353,CBCA204,14,17,14,28,32,22,21,22
2354,CBCA201,13,1,13,17,2,15,10,8
2354,CBCA202,14,13,8,5,7,0,8,8
2354,CBCA203,12,6,3,4,2,5,5,8
2354,CBCA204,7,4,10,3,14,9,8,8
2355,CBCA201,100,96,100,100,94,99,98,97
2355,CBCA202,98,97,94,97,95,96,96,97
2355,CBCA203,100,100,100,93,95,100,98,97
2355,CBCA204,95,93,89,97,100,100,96,97
2356,CBCA201,100,96,94,97,94,96,96,96
2356,CBCA202,89,100,100,98,100,97,97,96
2356,CBCA203,89,90,100,90,100,91,93,96
2356,CBCA204,100,100,93,100,100,96,98,96
2357,CBCA201,79,80,77,82,81,82,80,79
2357,CBCA202,70,77,85,76,78,87,79,79
2357,CBCA203,76,77,88,89,73,80,81,79
2357,CBCA204,82,72,72,81,75,79,77,79
2358,CBCA201,24,21,29,26,26,27,26,25
2358,CBCA202,18,20,35,23,23,24,24,25
2358,CBCA203,26,32,31,23,21,22,26,25
2358,CBCA204,25,27,22,25,24,18,24,25
2359,CBCA201,90,78,85,88,84,79,84,86
2359,CBCA202,88,94,73,82,92,92,87,86
2359,CBCA203,94,78,83,89,90,88,87,86
2359,CBCA204,86,88,79,93,90,91,88,86
2360,CBCA201,100,100,100,100,100,100,100,98
2360,CBCA202,100,98,100,98,96,100,99,98
2360,CBCA203,99,94,98,100,100,90,97,98
2360,CBCA204,92,96,92,89,100,100,95,98
2361,CBCA201,100,100,100,96,90,97,97,97
2361,CBCA202,90,93,100,99,92,94,95,97
2361,CBCA203,99,97,99,97,100,92,97,97
2361,CBCA204,100,97,100,91,100,94,97,97
2362,CBCA201,86,88,97,89,92,85,90,91
2362,CBCA202,100,89,100,82,100,95,94,91
2362,CBCA203,87,97,84,90,91,90,90,91
2362,CBCA204,93,97,92,80,92,89,91,91
2363,CBCA201,79,90,78,76,78,84,81,82
2363,CBCA202,83,81,79,82,88,83,83,82
2363,CBCA203,88,81,84,84,80,83,83,82
2363,CBCA204,79,81,81,83,88,83,83,82
2364,CBCA201,85,82,83,82,81,73,81,79
2364,CBCA202,87,71,86,82,76,71,79,79
2364,CBCA203,85,71,79,73,82,77,78,79
2364,CBCA204,79,71,86,77,81,86,80,79
2365,CBCA201,85,82,84,79,72,86,81,79
2365,CBCA202,74,76,80,83,82,79,79,79
2365,CBCA203,73,72,87,85,76,86,80,79
2365,CBCA204,73,72,75,81,82,68,75,79
2366,CBCA201,71,66,75,74,74,72,72,73
2366,CBCA202,73,73,76,63,77,75,73,73
2366,CBCA203,81,67,78,67,69,78,73,73
2366,CBCA204,78,67,70,82,72,80,75,73
2367,CBCA201,10,14,12,15,13,6,12,10
2367,CBCA202,10,4,10,0,3,10,6,10
2367,CBCA203,7,15,9,11,8,17,11,10
2367,CBCA204,9,7,12,6,18,15,11,10
2368,CBCA201,81,70,70,79,68,77,74,75
2368,CBCA202,79,78,82,72,82,67,77,75
2368,CBCA203,73,73,81,79,74,77,76,75
2368,CBCA204,72,81,66,74,69,76,73,75
2369,CBCA201,33,30,39,42,28,28,33,36
2369,CBCA202,41,37,36,36,32,40,37,36
2369,CBCA203,43,30,44,29,40,38,37,36
2369,CBCA204,37,28,34,38,43,40,37,36
2370,CBCA201,73,66,65,75,74,77,72,73
2370,CBCA202,76,76,82,81,77,76,78,73
2370,CBCA203,73,69,74,73,67,63,70,73
2370,CBCA204,70,75,73,64,77,71,72,73
2371,CBCA201,22,36,19,30,33,25,28,28
2371,CBCA202,29,28,26,36,27,25,29,28
2371,CBCA203,29,26,26,36,30,31,30,28
2371,CBCA204,29,30,26,30,33,20,28,28
2372,CBCA201,98,96,84,97,94,82,92,90
2372,CBCA202,83,90,90,90,86,84,87,90
2372,CBCA203,89,85,93,100,97,94,93,90
2372,CBCA204,88,93,80,87,98,92,90,90
2373,CBCA201,70,64,63,71,65,59,65,67
2373,CBCA202,61,75,71,61,67,73,68,67
2373,CBCA203,60,60,68,69,61,70,65,67
2373,CBCA204,65,64,72,66,72,73,69,67
2374,CBCA201,18,6,19,17,21,17,16,17
2374,CBCA202,14,18,19,14,15,15,16,17
2374,CBCA203,8,26,17,14,9,18,15,17
2374,CBCA204,20,23,15,24,14,18,19,17
2375,CBCA201,82,90,86,75,79,70,80,78
2375,CBCA202,83,78,74,87,70,69,77,78
2375,CBCA203,76,82,79,78,82,72,78,78
2375,CBCA204,79,72,83,79,76,82,79,78
2376,CBCA201,22,19,21,19,23,14,20,21
2376,CBCA202,26,16,21,21,25,25,22,21
2376,CBCA203,17,22,16,13,18,14,17,21
2376,CBCA204,27,23,19,22,24,25,23,21
2377,CBCA201,20,13,16,13,15,13,15,14
2377,CBCA202,16,21,18,3,13,8,13,14
2377,CBCA203,23,8,8,11,8,18,13,14
2377,CBCA204,25,14,16,9,20,17,17,14
2378,CBCA201,0,0,0,12,4,6,4,4
2378,CBCA202,12,0,7,0,1,0,3,4
2378,CBCA203,7,7,3,0,7,4,5,4
2378,CBCA204,3,1,4,4,6,0,3,4
2379,CBCA201,87,96,91,89,81,78,87,88
2379,CBCA202,82,90,89,86,91,91,88,88
2379,CBCA203,84,84,96,90,91,86,89,88
2379,CBCA204,83,98,90,87,83,89,88,88
2380,CBCA201,13,18,11,7,2,6,10,10
2380,CBCA202,7,3,18,4,6,19,10,10
2380,CBCA203,13,14,5,9,17,18,13,10
2380,CBCA204,9,4,14,12,6,7,9,10
2381,CBCA201,55,48,62,57,47,54,54,54
2381,CBCA202,49,55,53,55,48,46,51,54
2381,CBCA203,55,53,60,60,63,61,59,54
2381,CBCA204,45,58,47,49,57,61,53,54
2382,CBCA201,90,90,95,78,93,89,89,91
2382,CBCA202,90,92,94,90,99,94,93,91
2382,CBCA203,92,92,99,94,83,95,93,91
2382,CBCA204,93,83,93,90,84,100,91,91
2383,CBCA201,37,36,34,34,29,40,35,32
2383,CBCA202,28,27,40,34,33,38,33,32
2383,CBCA203,31,33,30,25,33,33,31,32
2383,CBCA204,40,32,25,25,26,27,29,32
2384,CBCA201,4,4,10,0,4,0,4,4
2384,CBCA202,4,7,0,5,0,13,5,4
2384,CBCA203,0,0,12,2,2,0,3,4
2384,CBCA204,3,9,8,0,4,1,4,4
2385,CBCA201,91,86,91,78,100,85,89,90
2385,CBCA202,90,88,90,85,90,84,88,90
2385,CBCA203,87,95,90,83,93,99,91,90
2385,CBCA204,93,84,97,93,97,89,92,90
2386,CBCA201,60,48,53,54,56,64,56,54
2386,CBCA202,51,58,56,58,55,45,54,54
2386,CBCA203,64,48,61,56,54,47,55,54
2386,CBCA204,53,48,60,49,62,46,53,54
2387,CBCA201,61,60,55,50,62,56,57,57
2387,CBCA202,51,52,49,60,56,64,55,57
2387,CBCA203,60,50,55,63,63,58,58,57
2387,CBCA204,66,53,61,52,58,60,58,57
2388,CBCA201,95,86,86,84,79,76,84,84
2388,CBCA202,85,75,79,77,85,80,80,84
2388,CBCA203,77,90,87,92,80,94,87,84
2388,CBCA204,84,95,86,86,73,79,84,84
2389,CBCA201,52,59,48,52,54,50,53,54
2389,CBCA202,46,62,56,50,50,45,52,54
2389,CBCA203,60,59,56,49,55,51,55,54
2389,CBCA204,61,59,54,55,52,52,56,54
2390,CBCA201,100,100,84,88,90,93,93,93
2390,CBCA202,90,84,96,90,100,93,92,93
2390,CBCA203,96,99,96,92,96,90,95,93
2390,CBCA204,90,92,91,100,99,84,93,93
2391,CBCA201,57,67,71,54,66,67,64,62
2391,CBCA202,65,56,70,57,60,57,61,62
2391,CBCA203,70,63,61,62,56,66,63,62
2391,CBCA204,54,63,58,66,55,61,60,62
2392,CBCA201,33,28,38,28,38,35,33,33
2392,CBCA202,21,29,38,34,26,38,31,33
2392,CBCA203,33,29,32,32,37,44,35,33
2392,CBCA204,41,26,38,31,34,36,34,33
2393,CBCA201,80,80,89,85,88,81,84,86
2393,CBCA202,86,81,82,83,82,82,83,86
2393,CBCA203,92,93,79,91,91,83,88,86
2393,CBCA204,93,96,88,91,87,82,90,86
2394,CBCA201,51,60,57,63,57,44,55,54
2394,CBCA202,59,49,51,49,57,54,53,54
2394,CBCA203,52,60,53,47,62,58,55,54
2394,CBCA204,52,51,47,62,54,54,53,54
2395,CBCA201,79,80,80,77,80,73,78,78
2395,CBCA202,76,83,71,80,80,72,77,78
2395,CBCA203,76,83,81,68,81,77,78,78
2395,CBCA204,82,77,82,76,81,79,80,78
2396,CBCA201,52,53,43,58,50,52,51,52
2396,CBCA202,51,51,49,58,48,52,52,52
2396,CBCA203,47,55,56,61,45,56,53,52
2396,CBCA204,54,51,53,48,54,43,51,52
2397,CBCA201,23,18,31,38,36,31,30,27
2397,CBCA202,24,32,18,31,23,32,27,27
2397,CBCA203,21,23,27,31,19,24,24,27
2397,CBCA204,37,26,18,18,33,25,26,27
2398,CBCA201,1,2,7,2,10,7,5,4
2398,CBCA202,11,0,0,9,1,1,4,4
2398,CBCA203,5,11,5,0,3,0,4,4
2398,CBCA204,5,1,0,7,7,0,3,4
2399,CBCA201,64,59,64,59,71,62,63,62
2399,CBCA202,54,56,65,64,69,55,61,62
2399,CBCA203,67,56,57,56,64,61,60,62
2399,CBCA204,51,67,59,69,72,65,64,62
2400,CBCA201,78,65,67,74,70,80,72,76
2400,CBCA202,75,81,85,76,84,79,80,76
2400,CBCA203,80,73,80,75,74,68,75,76
2400,CBCA204,75,77,65,79,78,74,75,76
2401,CBCA201,66,74,68,71,72,72,71,72
2401,CBCA202,68,74,72,80,70,72,73,72
2401,CBCA203,73,75,68,69,69,72,71,72
2401,CBCA204,72,69,71,73,72,83,73,72
2402,CBCA201,60,47,53,49,44,51,51,53
2402,CBCA202,49,56,59,50,56,58,55,53
2402,CBCA203,56,61,58,49,47,59,55,53
2402,CBCA204,47,55,57,48,44,56,51,53
2403,CBCA201,52,59,59,55,47,51,54,51
2403,CBCA202,59,50,48,46,53,50,51,51
2403,CBCA203,42,47,51,42,46,57,48,51
2403,CBCA204,49,44,54,47,57,56,51,51
2404,CBCA201,85,85,80,74,82,82,81,83
2404,CBCA202,83,82,82,85,78,73,81,83
2404,CBCA203,76,82,91,91,90,82,85,83
2404,CBCA204,82,79,91,85,86,79,84,83
2405,CBCA201,84,90,83,81,92,86,86,84
2405,CBCA202,83,77,85,76,88,85,82,84
2405,CBCA203,89,90,86,86,88,73,85,84
2405,CBCA204,87,87,83,74,86,79,83,84
2406,CBCA201,83,73,87,86,84,84,83,80
2406,CBCA202,94,74,73,76,84,81,80,80
2406,CBCA203,71,81,76,82,76,74,77,80
2406,CBCA204,79,80,88,77,82,76,80,80
2407,CBCA201,75,87,83,87,69,88,82,81
2407,CBCA202,84,84,82,83,77,86,83,81
2407,CBCA203,71,90,71,81,85,81,80,81
2407,CBCA204,89,77,78,79,75,73,79,81
2408,CBCA201,68,66,69,68,69,66,68,68
2408,CBCA202,72,65,75,73,74,68,71,68
2408,CBCA203,67,72,57,62,70,69,66,68
2408,CBCA204,60,59,71,70,76,73,68,68
2409,CBCA201,85,86,87,93,95,90,89,92
2409,CBCA202,86,95,100,96,91,97,94,92
2409,CBCA203,93,98,94,91,94,80,92,92
2409,CBCA204,92,92,96,96,92,97,94,92
2410,CBCA201,92,86,83,93,84,90,88,88
2410,CBCA202,96,82,92,91,94,86,90,88
2410,CBCA203,91,80,87,83,95,89,88,88
2410,CBCA204,89,83,89,87,84,79,85,88
2411,CBCA201,81,79,85,83,72,74,79,76
2411,CBCA202,72,73,80,72,75,80,75,76
2411,CBCA203,69,84,70,75,75,72,74,76
2411,CBCA204,78,72,81,68,74,83,76,76
2412,CBCA201,77,78,82,84,83,82,81,83
2412,CBCA202,79,82,80,81,83,88,82,83
2412,CBCA203,74,89,87,86,91,84,85,83
2412,CBCA204,76,77,86,86,86,82,82,83
2413,CBCA201,79,74,71,62,75,64,71,69
2413,CBCA202,62,71,69,69,72,65,68,69
2413,CBCA203,69,69,66,70,73,65,69,69
2413,CBCA204,70,73,60,62,81,75,70,69
2414,CBCA201,85,85,74,87,83,83,83,83
2414,CBCA202,92,85,82,81,85,87,85,83
2414,CBCA203,91,78,81,81,76,81,81,83
2414,CBCA204,94,81,83,89,85,74,84,83
2415,CBCA201,34,33,36,41,40,29,36,35
2415,CBCA202,29,23,35,38,26,40,32,35
2415,CBCA203,31,39,41,38,36,36,37,35
2415,CBCA204,44,31,38,24,37,39,36,35
2416,CBCA201,100,98,95,100,97,100,98,97
2416,CBCA202,93,94,91,100,93,100,95,97
2416,CBCA203,96,100,100,100,90,95,97,97
2416,CBCA204,92,100,100,98,96,100,98,97
2417,CBCA201,16,15,10,6,1,3,9,10
2417,CBCA202,5,13,8,13,12,14,11,10
2417,CBCA203,2,12,17,3,8,12,9,10
2417,CBCA204,6,11,20,1,11,10,10,10
2418,CBCA201,98,100,100,89,100,98,98,96
2418,CBCA202,92,93,93,100,100,92,95,96
2418,CBCA203,100,97,99,91,100,90,96,96
2418,CBCA204,93,100,94,95,88,100,95,96
2419,CBCA201,71,86,74,84,78,79,79,81
2419,CBCA202,75,88,79,81,85,75,81,81
2419,CBCA203,76,80,73,76,82,93,80,81
2419,CBCA204,79,90,88,78,86,81,84,81
2420,CBCA201,66,60,50,47,55,45,54,54
2420,CBCA202,55,50,63,65,66,61,60,54
2420,CBCA203,44,44,48,56,53,52,50,54
2420,CBCA204,49,57,46,52,62,52,53,54
2421,CBCA201,70,65,70,74,68,75,70,73
2421,CBCA202,72,76,81,78,70,64,74,73
2421,CBCA203,78,83,67,75,62,74,73,73
2421,CBCA204,77,70,73,75,74,73,74,73
2422,CBCA201,86,94,84,80,86,79,85,85
2422,CBCA202,84,91,82,88,88,83,86,85
2422,CBCA203,80,82,85,92,86,90,86,85
2422,CBCA204,80,93,82,77,87,85,84,85
2423,CBCA201,64,52,65,64,53,61,60,59
2423,CBCA202,53,61,51,54,69,62,58,59
2423,CBCA203,65,55,60,53,61,63,60,59
2423,CBCA204,58,60,62,63,54,55,59,59
2424,CBCA201,44,45,55,52,47,42,48,50
2424,CBCA202,53,46,56,55,51,47,51,50
2424,CBCA203,56,56,46,45,47,52,50,50
2424,CBCA204,54,54,57,49,47,52,52,50
2425,CBCA201,0,0,10,7,0,0,3,2
2425,CBCA202,0,0,1,2,0,3,1,2
2425,CBCA203,0,0,5,0,0,1,1,2
2425,CBCA204,0,4,1,5,0,4,2,2
2426,CBCA201,88,78,74,79,68,88,79,80
2426,CBCA202,76,86,78,85,81,74,80,80
2426,CBCA203,85,83,82,78,78,76,80,80
2426,CBCA204,70,83,80,80,81,80,79,80
2427,CBCA201,47,60,46,50,60,48,52,53
2427,CBCA202,60,53,53,62,47,44,53,53
2427,CBCA203,48,53,52,60,56,52,54,53
2427,CBCA204,50,51,62,56,60,45,54,53
2428,CBCA201,90,95,86,92,85,99,91,91
2428,CBCA202,87,91,98,86,97,91,92,91
2428,CBCA203,95,82,84,88,85,94,88,91
2428,CBCA204,88,97,94,94,97,87,93,91
2429,CBCA201,52,49,41,49,44,52,48,50
2429,CBCA202,51,51,38,45,57,46,48,50
2429,CBCA203,42,46,49,51,54,58,50,50
2429,CBCA204,56,53,54,54,47,50,52,50
2430,CBCA201,56,52,54,47,50,61,53,56
2430,CBCA202,62,52,49,59,63,52,56,56
2430,CBCA203,65,54,54,57,55,61,58,56
2430,CBCA204,53,57,53,52,56,62,56,56
2431,CBCA201,95,100,85,94,98,95,95,96
2431,CBCA202,100,94,98,95,90,93,95,96
2431,CBCA203,98,100,96,100,97,100,99,96
2431,CBCA204,98,87,98,88,98,96,94,96
2432,CBCA201,9,10,14,14,19,19,14,15
2432,CBCA202,18,15,20,9,16,14,15,15
2432,CBCA203,10,18,14,21,5,16,14,15
2432,CBCA204,16,23,11,15,10,21,16,15
2433,CBCA201,59,56,43,52,55,56,54,52
2433,CBCA202,49,47,55,60,55,54,53,52
2433,CBCA203,59,41,48,48,55,58,52,52
2433,CBCA204,54,55,55,47,48,50,52,52
2434,CBCA201,59,66,63,62,61,47,60,59
2434,CBCA202,62,57,60,60,58,54,59,59
2434,CBCA203,52,64,59,57,55,53,57,59
2434,CBCA204,54,65,68,69,55,58,62,59
2435,CBCA201,67,83,69,77,65,73,72,72
2435,CBCA202,75,64,73,64,74,67,70,72
2435,CBCA203,72,75,75,75,80,70,75,72
2435,CBCA204,68,69,78,74,71,71,72,72
2436,CBCA201,89,87,88,80,81,85,85,84
2436,CBCA202,84,80,93,84,75,83,83,84
2436,CBCA203,80,79,76,81,82,85,81,84
2436,CBCA204,83,85,90,81,94,81,86,84
2437,CBCA201,88,90,84,89,85,94,88,90
2437,CBCA202,100,83,92,90,85,84,89,90
2437,CBCA203,86,86,88,91,87,93,89,90
2437,CBCA204,92,100,89,100,82,93,93,90
2438,CBCA201,90,97,85,96,78,84,88,90
2438,CBCA202,93,87,92,88,100,89,92,90
2438,CBCA203,83,95,82,81,86,94,87,90
2438,CBCA204,98,85,98,98,88,94,94,90
2439,CBCA201,77,75,74,81,74,85,78,77
2439,CBCA202,83,76,76,79,79,77,78,77
2439,CBCA203,81,83,75,69,82,71,77,77
2439,CBCA204,72,73,80,72,78,76,75,77
2440,CBCA201,86,91,96,80,84,81,86,88
2440,CBCA202,86,88,85,90,92,83,87,88
2440,CBCA203,89,95,82,95,80,84,88,88
2440,CBCA204,88,89,90,88,96,91,90,88
2441,CBCA201,20,29,10,18,17,30,21,23
2441,CBCA202,31,21,25,30,16,26,25,23
2441,CBCA203,32,15,26,27,28,21,25,23
2441,CBCA204,15,20,26,18,26,22,21,23
2442,CBCA201,93,91,92,85,90,87,90,87
2442,CBCA202,91,84,96,85,80,87,87,87
2442,CBCA203,90,87,83,93,88,91,89,87
2442,CBCA204,78,83,82,87,85,82,83,87
2443,CBCA201,77,76,82,84,76,68,77,78
2443,CBCA202,75,77,76,79,73,77,76,78
2443,CBCA203,69,80,73,83,85,74,77,78
2443,CBCA204,80,79,81,83,77,80,80,78
2444,CBCA201,88,93,99,96,99,94,95,92
2444,CBCA202,87,88,92,86,93,99,91,92
2444,CBCA203,94,86,91,93,93,99,93,92
2444,CBCA204,92,91,89,92,97,87,91,92
2445,CBCA201,85,74,76,73,79,78,78,81
2445,CBCA202,81,84,86,81,78,90,83,81
2445,CBCA203,73,82,85,74,83,95,82,81
2445,CBCA204,79,86,78,82,84,86,83,81
2446,CBCA201,62,60,70,52,60,59,61,63
2446,CBCA202,57,69,57,65,60,73,64,63
2446,CBCA203,57,66,67,63,54,70,63,63
2446,CBCA204,62,67,64,57,67,66,64,63
2447,CBCA201,47,53,55,55,56,44,52,50
2447,CBCA202,45,46,42,52,47,59,49,50
2447,CBCA203,52,45,44,58,51,52,50,50
2447,CBCA204,46,48,43,45,56,49,48,50
2448,CBCA201,71,87,84,76,78,84,80,81
2448,CBCA202,80,77,79,94,79,78,81,81
2448,CBCA203,82,91,78,86,84,81,84,81
2448,CBCA204,82,73,85,81,80,84,81,81
2449,CBCA201,90,78,81,78,84,73,81,78
2449,CBCA202,77,73,81,82,72,76,77,78
2449,CBCA203,85,73,74,84,74,90,80,78
2449,CBCA204,78,80,73,76,80,70,76,78
2450,CBCA201,72,72,73,78,77,74,74,74
2450,CBCA202,70,77,72,72,74,72,73,74
2450,CBCA203,71,70,82,74,73,67,73,74
2450,CBCA204,79,70,71,73,81,74,75,74
2451,CBCA201,53,51,54,48,47,46,50,47
2451,CBCA202,49,49,37,46,46,42,45,47
2451,CBCA203,49,48,50,48,50,48,49,47
2451,CBCA204,41,46,46,36,40,56,44,47
2452,CBCA201,73,65,74,64,70,67,69,66
2452,CBCA202,62,65,67,73,66,69,67,66
2452,CBCA203,66,70,70,60,64,74,67,66
2452,CBCA204,59,64,68,58,67,59,63,66
2453,CBCA201,60,59,69,55,59,69,62,63
2453,CBCA202,68,61,63,67,63,54,63,63
2453,CBCA203,68,67,67,62,54,59,63,63
2453,CBCA204,71,63,74,63,55,64,65,63
2454,CBCA201,70,75,67,73,61,64,68,70
2454,CBCA202,65,69,66,67,80,70,70,70
2454,CBCA203,78,70,67,67,66,69,70,70
2454,CBCA204,68,80,70,68,73,74,72,70
2455,CBCA201,94,98,100,100,95,92,97,96
2455,CBCA202,96,92,97,98,100,100,97,96
2455,CBCA203,93,97,88,100,100,95,96,96
2455,CBCA204,98,100,89,91,94,100,95,96
2456,CBCA201,17,7,9,12,7,0,9,8
2456,CBCA202,8,15,10,19,2,3,10,8
2456,CBCA203,13,6,7,0,7,13,8,8
2456,CBCA204,6,13,2,4,0,9,6,8
2457,CBCA201,82,74,91,93,80,92,85,84
2457,CBCA202,75,91,88,89,86,84,86,84
2457,CBCA203,83,85,85,89,84,77,84,84
2457,CBCA204,78,86,88,84,83,80,83,84
2458,CBCA201,74,70,72,75,69,63,71,73
2458,CBCA202,76,68,72,73,78,74,74,73
2458,CBCA203,66,77,73,71,82,67,73,73
2458,CBCA204,75,70,78,81,80,74,76,73
2459,CBCA201,83,79,87,86,89,87,85,84
2459,CBCA202,79,85,87,79,90,81,84,84
2459,CBCA203,79,81,74,81,78,84,80,84
2459,CBCA204,93,82,92,83,90,89,88,84
2460,CBCA201,25,26,24,23,21,34,26,30
2460,CBCA202,33,32,32,34,36,29,33,30
2460,CBCA203,37,20,28,29,32,19,28,30
2460,CBCA204,36,33,35,31,32,30,33,30
2461,CBCA201,77,70,78,68,78,72,74,74
2461,CBCA202,79,67,76,77,82,82,77,74
2461,CBCA203,77,73,63,67,78,73,72,74
2461,CBCA204,76,78,74,74,74,73,75,74
2462,CBCA201,74,78,74,77,82,75,77,76
2462,CBCA202,71,78,74,81,78,71,76,76
2462,CBCA203,82,67,72,72,78,81,75,76
2462,CBCA204,87,72,80,70,86,73,78,76
2463,CBCA201,69,62,60,67,66,72,66,68
2463,CBCA202,66,61,62,66,64,67,64,68
2463,CBCA203,64,67,74,72,77,80,72,68
2463,CBCA204,74,73,65,65,65,70,69,68
2464,CBCA201,58,61,60,65,69,64,63,62
2464,CBCA202,64,53,58,63,59,53,58,62
2464,CBCA203,62,62,65,72,56,67,64,62
2464,CBCA204,59,64,64,59,64,62,62,62
2465,CBCA201,70,72,77,73,72,84,75,74
2465,CBCA202,74,68,72,68,74,77,72,74
2465,CBCA203,74,73,82,70,72,73,74,74
2465,CBCA204,78,71,75,80,75,78,76,74
2466,CBCA201,34,35,35,31,27,28,32,34
2466,CBCA202,37,29,39,29,38,33,34,34
2466,CBCA203,34,39,31,32,33,33,34,34
2466,CBCA204,31,42,34,44,46,28,38,34
2467,CBCA201,9,13,8,10,11,16,11,10
2467,CBCA202,5,11,17,14,6,4,10,10
2467,CBCA203,17,17,8,9,8,3,10,10
2467,CBCA204,12,5,19,6,15,2,10,10
2468,CBCA201,68,68,62,73,68,75,69,68
2468,CBCA202,70,70,67,63,61,69,67,68
2468,CBCA203,76,66,61,72,73,67,69,68
2468,CBCA204,71,64,63,60,73,68,67,68
2469,CBCA201,85,79,88,86,89,82,85,85
2469,CBCA202,86,80,73,94,85,91,85,85
2469,CBCA203,86,95,88,83,78,82,85,85
2469,CBCA204,88,90,78,87,82,85,85,85
2470,CBCA201,98,97,100,99,100,91,98,95
2470,CBCA202,100,93,100,100,91,97,97,95
2470,CBCA203,90,91,93,96,96,98,94,95
2470,CBCA204,98,89,91,93,93,89,92,95
2471,CBCA201,91,87,85,74,72,83,82,84
2471,CBCA202,87,88,77,89,88,83,85,84
2471,CBCA203,86,80,82,76,91,84,83,84
2471,CBCA204,85,86,81,77,89,83,84,84
2472,CBCA201,49,55,53,39,60,44,50,53
2472,CBCA202,55,56,60,55,54,55,56,53
2472,CBCA203,61,45,48,43,55,53,51,53
2472,CBCA204,47,60,51,59,55,50,54,53
2473,CBCA201,36,34,36,31,39,31,35,38
2473,CBCA202,32,43,43,33,37,46,39,38
2473,CBCA203,40,37,37,41,34,41,38,38
2473,CBCA204,34,40,44,32,37,42,38,38
2474,CBCA201,92,91,83,97,88,87,90,88
2474,CBCA202,85,89,88,89,84,84,87,88
2474,CBCA203,84,86,88,83,79,88,85,88
2474,CBCA204,80,96,93,93,88,87,90,88
2475,CBCA201,67,76,63,63,62,72,67,69
2475,CBCA202,63,62,75,75,69,66,68,69
2475,CBCA203,69,70,73,76,65,64,70,69
2475,CBCA204,73,74,70,66,78,59,70,69
2476,CBCA201,49,42,48,56,50,51,49,51
2476,CBCA202,56,49,58,55,43,47,51,51
2476,CBCA203,52,50,50,58,56,52,53,51
2476,CBCA204,55,53,46,43,46,50,49,51
2477,CBCA201,55,52,61,63,61,60,59,56
2477,CBCA202,52,46,63,64,57,49,55,56
2477,CBCA203,57,56,59,44,60,50,54,56
2477,CBCA204,60,64,46,55,48,50,54,56
2478,CBCA201,90,82,81,79,85,80,83,82
2478,CBCA202,78,80,84,76,81,87,81,82
2478,CBCA203,75,90,94,84,85,88,86,82
2478,CBCA204,76,75,78,85,83,76,79,82
2479,CBCA201,80,87,90,87,80,83,85,84
2479,CBCA202,87,77,84,79,79,82,81,84
2479,CBCA203,86,88,82,87,84,80,85,84
2479,CBCA204,88,83,73,92,82,89,85,84
2480,CBCA201,64,43,47,58,58,61,55,54
2480,CBCA202,50,62,49,51,46,59,53,54
2480,CBCA203,50,55,50,49,46,62,52,54
2480,CBCA204,58,57,59,46,44,61,54,54
2481,CBCA201,79,92,82,82,86,89,85,84
2481,CBCA202,75,91,95,80,82,85,85,84
2481,CBCA203,82,84,83,84,90,83,84,84
2481,CBCA204,91,87,74,79,80,87,83,84
2482,CBCA201,89,93,93,92,92,86,91,90
2482,CBCA202,91,96,86,85,91,93,90,90
2482,CBCA203,97,91,89,86,94,86,91,90
2482,CBCA204,91,88,86,95,94,82,89,90
2483,CBCA201,88,78,78,80,94,91,85,85
2483,CBCA202,93,90,75,91,87,83,87,85
2483,CBCA203,87,85,77,85,82,76,82,85
2483,CBCA204,81,94,86,86,89,78,86,85
2484,CBCA201,10,11,30,15,24,10,17,19
2484,CBCA202,17,19,16,22,24,17,19,19
2484,CBCA203,24,23,22,8,26,12,19,19
2484,CBCA204,11,24,22,18,24,24,21,19
2485,CBCA201,86,81,85,84,83,95,86,87
2485,CBCA202,76,88,87,87,89,83,85,87
2485,CBCA203,88,91,97,90,92,83,90,87
2485,CBCA204,90,87,90,86,84,85,87,87
2486,CBCA201,100,94,100,92,88,100,96,97
2486,CBCA202,100,89,100,100,100,100,98,97
2486,CBCA203,93,100,100,98,99,92,97,97
2486,CBCA204,90,100,100,100,93,96,97,97
2487,CBCA201,8,14,11,6,22,2,11,11
2487,CBCA202,17,11,6,6,14,9,11,11
2487,CBCA203,13,13,20,17,6,14,14,11
2487,CBCA204,7,8,10,13,13,5,9,11
2488,CBCA201,17,7,9,11,11,15,12,12
2488,CBCA202,11,5,14,22,15,21,15,12
2488,CBCA203,16,9,14,5,8,18,12,12
2488,CBCA204,9,5,17,6,14,13,11,12
2489,CBCA201,49,37,35,43,36,37,40,44
2489,CBCA202,35,44,34,47,52,44,43,44
2489,CBCA203,42,44,47,49,44,47,46,44
2489,CBCA204,44,49,45,54,45,55,49,44
2490,CBCA201,98,97,97,83,92,87,92,90
2490,CBCA202,87,82,94,84,85,94,88,90
2490,CBCA203,91,89,92,82,93,87,89,90
2490,CBCA204,89,93,95,92,90,88,91,90
2491,CBCA201,63,63,70,68,71,63,66,66
2491,CBCA202,66,73,66,73,70,73,70,66
2491,CBCA203,72,61,71,70,55,63,65,66
2491,CBCA204,69,69,64,56,59,62,63,66
2492,CBCA201,61,67,64,60,69,67,65,67
2492,CBCA202,75,63,72,74,72,65,70,67
2492,CBCA203,69,64,66,65,70,66,67,67
2492,CBCA204,61,66,64,69,68,71,67,67
2493,CBCA201,68,76,79,75,73,78,75,76
2493,CBCA202,75,78,70,84,86,78,79,76
2493,CBCA203,70,82,80,76,77,73,76,76
2493,CBCA204,72,84,66,81,68,67,73,76
2494,CBCA201,60,63,60,58,65,67,62,64
2494,CBCA202,63,63,65,64,69,57,64,64
2494,CBCA203,64,56,74,64,64,64,64,64
2494,CBCA204,75,69,63,57,53,71,65,64
2495,CBCA201,81,78,83,87,82,86,83,82
2495,CBCA202,76,78,80,90,77,91,82,82
2495,CBCA203,87,80,80,79,86,82,82,82
2495,CBCA204,77,80,86,85,79,79,81,82
2496,CBCA201,94,95,85,90,91,86,90,90
2496,CBCA202,87,97,88,87,87,91,90,90
2496,CBCA203,89,100,84,88,86,78,88,90
2496,CBCA204,94,97,91,96,89,99,94,90
2497,CBCA201,13,15,10,9,7,11,11,10
2497,CBCA202,0,12,5,2,19,8,8,10
2497,CBCA203,10,14,8,13,16,17,13,10
2497,CBCA204,15,3,17,11,10,3,10,10
2498,CBCA201,97,99,100,99,100,98,99,96
2498,CBCA202,94,91,100,90,92,95,94,96
2498,CBCA203,97,91,94,99,100,92,96,96
2498,CBCA204,95,100,98,95,94,86,95,96
2499,CBCA201,90,89,87,81,79,83,85,85
2499,CBCA202,79,93,76,85,84,94,85,85
2499,CBCA203,92,91,77,83,81,85,85,85
2499,CBCA204,90,76,85,92,79,83,84,85
2500,CBCA201,39,42,44,35,40,39,40,38
2500,CBCA202,30,33,46,34,35,38,36,38
2500,CBCA203,42,37,33,30,33,44,37,38
2500,CBCA204,40,36,47,36,33,44,39,38
2501,CBCA201,77,80,75,74,77,88,79,82
2501,CBCA202,83,91,90,88,83,77,85,82
2501,CBCA203,83,77,85,91,76,81,82,82
2501,CBCA204,87,82,74,90,75,86,82,82
2502,CBCA201,46,52,53,45,45,45,48,48
2502,CBCA202,45,55,47,48,49,48,49,48
2502,CBCA203,52,41,50,50,52,46,49,48
2502,CBCA204,48,46,50,46,42,42,46,48
2503,CBCA201,57,43,54,52,48,55,52,52
2503,CBCA202,63,50,45,46,54,58,53,52
2503,CBCA203,47,54,62,55,51,50,53,52
2503,CBCA204,55,47,41,58,58,49,51,52
2504,CBCA201,56,56,57,64,49,60,57,58
2504,CBCA202,70,58,59,51,69,58,61,58
2504,CBCA203,52,64,60,63,50,53,57,58
2504,CBCA204,57,60,51,61,58,64,59,58
2505,CBCA201,79,88,81,82,77,82,82,79
2505,CBCA202,87,78,82,88,70,74,80,79
2505,CBCA203,83,77,81,83,77,77,80,79
2505,CBCA204,69,81,75,79,78,78,77,79
2506,CBCA201,81,89,81,83,85,83,84,86
2506,CBCA202,85,85,89,95,87,96,90,86
2506,CBCA203,84,89,87,84,85,79,85,86
2506,CBCA204,78,84,90,97,86,86,87,86
2507,CBCA201,67,64,66,70,57,68,65,63
2507,CBCA202,65,60,63,62,63,67,63,63
2507,CBCA203,62,67,62,67,58,65,64,63
2507,CBCA204,55,60,61,56,63,65,60,63
2508,CBCA201,81,85,84,73,84,72,80,76
2508,CBCA202,78,73,72,72,75,71,74,76
2508,CBCA203,76,78,75,76,77,69,75,76
2508,CBCA204,86,70,80,66,71,83,76,76
2509,CBCA201,50,58,54,55,51,53,54,55
2509,CBCA202,57,54,52,49,53,61,54,55
2509,CBCA203,64,64,55,52,55,57,58,55
2509,CBCA204,56,66,60,50,49,52,56,55
2510,CBCA201,56,58,58,62,51,51,56,56
2510,CBCA202,52,62,59,65,62,58,60,56
2510,CBCA203,57,65,54,58,44,54,55,56
2510,CBCA204,48,46,56,52,62,56,53,56
2511,CBCA201,92,98,97,100,96,100,97,96
2511,CBCA202,100,89,100,99,94,89,95,96
2511,CBCA203,88,98,93,93,100,93,94,96
2511,CBCA204,94,99,100,100,93,97,97,96
2512,CBCA201,57,66,52,52,47,60,56,56
2512,CBCA202,59,54,54,53,56,62,56,56
2512,CBCA203,61,59,48,55,57,62,57,56
2512,CBCA204,53,47,58,52,53,62,54,56
2513,CBCA201,58,45,50,40,36,49,46,46
2513,CBCA202,55,45,41,56,40,52,48,46
2513,CBCA203,45,43,42,42,46,35,42,46
2513,CBCA204,51,50,57,39,38,49,47,46
2514,CBCA201,80,82,74,71,83,78,78,79
2514,CBCA202,79,82,82,81,79,81,81,79
2514,CBCA203,80,76,81,82,77,79,79,79
2514,CBCA204,82,85,75,69,85,84,80,79
2515,CBCA201,97,100,99,100,90,91,96,96
2515,CBCA202,98,100,89,94,100,93,96,96
2515,CBCA203,93,100,100,95,100,100,98,96
2515,CBCA204,96,100,99,95,92,94,96,96
2516,CBCA201,55,48,54,39,43,48,48,47
2516,CBCA202,42,44,54,43,52,50,48,47
2516,CBCA203,39,49,40,58,53,53,49,47
2516,CBCA204,42,41,45,43,52,41,44,47
2517,CBCA201,99,100,90,94,90,100,96,95
2517,CBCA202,89,93,96,99,89,90,93,95
2517,CBCA203,96,96,100,100,100,93,98,95
2517,CBCA204,90,100,95,92,86,100,94,95
2518,CBCA201,81,81,79,77,87,76,80,79
2518,CBCA202,72,82,75,78,78,76,77,79
2518,CBCA203,72,75,84,89,71,71,77,79
2518,CBCA204,82,82,89,77,89,76,83,79
2519,CBCA201,70,72,71,90,75,75,76,79
2519,CBCA202,85,69,83,89,82,83,82,79
2519,CBCA203,83,80,77,75,88,80,81,79
2519,CBCA204,76,79,73,78,83,89,80,79
2520,CBCA201,87,83,81,73,74,67,78,78
2520,CBCA202,72,81,83,81,77,76,78,78
2520,CBCA203,82,82,79,69,80,76,78,78
2520,CBCA204,73,85,82,77,72,73,77,78
2521,CBCA201,47,43,36,34,42,43,41,42
2521,CBCA202,41,51,51,32,42,44,44,42
2521,CBCA203,39,47,48,48,41,42,44,42
2521,CBCA204,35,43,43,51,38,34,41,42
2522,CBCA201,81,76,78,84,75,81,79,77
2522,CBCA202,83,77,75,83,78,75,79,77
2522,CBCA203,71,86,70,78,72,82,77,77
2522,CBCA204,68,73,71,79,74,72,73,77
2523,CBCA201,71,70,77,80,73,74,74,74
2523,CBCA202,78,80,73,72,79,74,76,74
2523,CBCA203,76,70,71,75,73,75,73,74
2523,CBCA204,75,79,65,74,73,76,74,74
2524,CBCA201,91,89,91,91,96,99,93,94
2524,CBCA202,93,99,88,93,88,100,94,94
2524,CBCA203,97,99,98,89,96,100,97,94
2524,CBCA204,95,94,87,93,98,91,93,94
2525,CBCA201,59,63,68,69,64,68,65,65
2525,CBCA202,69,68,65,63,53,71,65,65
2525,CBCA203,72,61,66,72,68,70,68,65
2525,CBCA204,58,60,66,69,63,58,62,65
2526,CBCA201,58,66,52,58,54,64,59,61
2526,CBCA202,55,69,62,64,69,66,64,61
2526,CBCA203,61,62,60,58,65,59,61,61
2526,CBCA204,61,62,59,67,59,61,62,61
2527,CBCA201,36,38,32,45,34,38,37,38
2527,CBCA202,31,40,33,45,40,44,39,38
2527,CBCA203,42,49,30,41,35,43,40,38
2527,CBCA204,44,31,36,43,37,35,38,38
2528,CBCA201,90,96,97,98,92,100,96,94
2528,CBCA202,100,86,86,94,100,87,92,94
2528,CBCA203,98,89,95,91,84,100,93,94
2528,CBCA204,90,99,92,100,95,93,95,94
2529,CBCA201,91,94,94,84,87,79,88,89
2529,CBCA202,93,92,80,95,95,82,90,89
2529,CBCA203,93,80,89,96,87,95,90,89
2529,CBCA204,86,93,95,93,82,91,90,89
2530,CBCA201,45,49,47,48,44,50,47,46
2530,CBCA202,41,50,50,46,36,49,45,46
2530,CBCA203,46,44,45,40,37,55,45,46
2530,CBCA204,44,57,40,46,46,38,45,46
2531,CBCA201,72,60,69,60,63,61,64,65
2531,CBCA202,71,73,67,59,70,63,67,65
2531,CBCA203,61,64,68,73,66,67,67,65
2531,CBCA204,73,60,61,65,56,66,64,65
2532,CBCA201,96,96,95,100,100,99,98,96
2532,CBCA202,100,100,97,95,89,96,96,96
2532,CBCA203,100,93,100,99,87,97,96,96
2532,CBCA204,96,100,99,89,91,93,95,96
2533,CBCA201,56,56,64,55,45,52,55,56
2533,CBCA202,56,61,58,57,60,55,58,56
2533,CBCA203,55,54,58,56,51,65,57,56
2533,CBCA204,61,57,51,56,60,50,56,56
2534,CBCA201,30,31,23,21,33,25,27,26
2534,CBCA202,30,16,25,30,24,25,25,26
2534,CBCA203,21,23,36,20,31,22,26,26
2534,CBCA204,25,22,25,34,21,25,25,26
2535,CBCA201,75,71,67,76,87,81,76,78
2535,CBCA202,80,78,70,78,83,77,78,78
2535,CBCA203,80,74,81,72,82,72,77,78
2535,CBCA204,81,76,86,76,87,76,80,78
2536,CBCA201,32,26,22,22,31,33,28,27
2536,CBCA202,30,23,34,25,23,25,27,27
2536,CBCA203,23,21,21,32,32,33,27,27
2536,CBCA204,25,23,26,21,35,33,27,27
2537,CBCA201,94,97,100,100,100,97,98,95
2537,CBCA202,100,100,89,98,91,90,95,95
2537,CBCA203,90,91,86,98,95,90,92,95
2537,CBCA204,100,90,89,100,92,91,94,95
2538,CBCA201,75,88,74,77,82,86,80,79
2538,CBCA202,82,72,72,79,81,81,78,79
2538,CBCA203,87,79,82,85,86,76,83,79
2538,CBCA204,69,79,77,85,77,74,77,79
2539,CBCA201,86,90,86,80,86,90,86,89
2539,CBCA202,93,88,86,93,96,90,91,89
2539,CBCA203,85,83,88,94,86,94,88,89
2539,CBCA204,85,94,89,88,82,92,88,89
2540,CBCA201,68,80,63,76,73,73,72,71
2540,CBCA202,70,73,73,77,70,66,72,71
2540,CBCA203,63,77,70,63,75,76,71,71
2540,CBCA204,62,74,65,72,68,68,68,71
2541,CBCA201,70,68,76,71,74,72,72,74
2541,CBCA202,72,74,64,82,71,70,72,74
2541,CBCA203,78,81,71,71,76,72,75,74
2541,CBCA204,78,79,76,69,85,75,77,74
2542,CBCA201,81,78,78,82,87,77,81,80
2542,CBCA202,71,78,77,81,76,77,77,80
2542,CBCA203,79,82,84,79,85,87,83,80
2542,CBCA204,73,75,82,78,84,83,79,80
2543,CBCA201,61,61,52,58,49,59,57,56
2543,CBCA202,65,58,60,57,49,44,56,56
2543,CBCA203,58,56,63,58,51,46,55,56
2543,CBCA204,56,49,63,61,58,51,56,56
2544,CBCA201,54,64,54,52,55,48,55,57
2544,CBCA202,53,67,59,64,57,51,59,57
2544,CBCA203,48,53,63,58,57,47,54,57
2544,CBCA204,57,66,54,62,53,61,59,57
2545,CBCA201,2,5,19,13,3,6,8,10
2545,CBCA202,17,11,12,20,9,12,14,10
2545,CBCA203,9,12,4,6,18,7,9,10
2545,CBCA204,14,12,10,13,2,14,11,10
2546,CBCA201,60,54,63,46,62,47,55,53
2546,CBCA202,54,45,44,50,44,61,50,53
2546,CBCA203,55,51,61,59,48,48,54,53
2546,CBCA204,45,52,51,62,54,47,52,53
2547,CBCA201,52,56,45,52,42,48,49,50
2547,CBCA202,56,59,50,56,55,51,55,50
2547,CBCA203,45,53,51,43,40,45,46,50
2547,CBCA204,53,50,48,54,45,48,50,50
2548,CBCA201,76,64,65,72,65,75,70,71
2548,CBCA202,76,74,70,75,81,64,73,71
2548,CBCA203,69,68,69,63,70,70,68,71
2548,CBCA204,75,74,75,73,68,71,73,71
2549,CBCA201,81,89,78,82,76,87,82,80
2549,CBCA202,76,80,84,85,74,80,80,80
2549,CBCA203,80,83,78,76,82,71,78,80
2549,CBCA204,85,87,72,78,78,83,81,80
2550,CBCA201,81,81,66,76,83,80,78,76
2550,CBCA202,74,75,68,80,80,75,75,76
2550,CBCA203,77,68,79,80,73,78,76,76
2550,CBCA204,72,77,72,76,73,85,76,76
2551,CBCA201,41,41,36,33,37,28,36,35
2551,CBCA202,28,35,33,35,38,35,34,35
2551,CBCA203,30,40,29,40,33,37,35,35
2551,CBCA204,44,33,25,38,35,32,35,35
2552,CBCA201,44,46,39,31,40,45,41,39
2552,CBCA202,41,34,31,38,31,40,36,39
2552,CBCA203,36,37,47,35,47,37,40,39
2552,CBCA204,38,40,31,40,39,49,40,39
2553,CBCA201,58,49,55,56,41,50,52,51
2553,CBCA202,48,51,47,59,53,50,51,51
2553,CBCA203,55,53,50,58,54,40,52,51
2553,CBCA204,46,50,54,46,53,54,51,51
2554,CBCA201,52,58,68,62,59,66,61,60
2554,CBCA202,65,58,60,64,58,53,60,60
2554,CBCA203,64,58,65,64,51,59,60,60
2554,CBCA204,50,68,67,59,64,54,60,60
2555,CBCA201,84,76,94,89,88,83,86,85
2555,CBCA202,82,86,92,86,83,83,85,85
2555,CBCA203,89,85,82,91,87,80,86,85
2555,CBCA204,89,81,80,86,85,87,85,85
2556,CBCA201,76,68,67,69,75,79,72,70
2556,CBCA202,65,71,73,65,65,59,66,70
2556,CBCA203,78,68,73,66,75,81,74,70
2556,CBCA204,69,67,66,68,74,69,69,70
2557,CBCA201,89,89,86,94,95,82,89,90
2557,CBCA202,84,88,88,96,81,82,87,90
2557,CBCA203,98,88,96,98,94,92,94,90
2557,CBCA204,93,83,93,87,86,94,89,90
2558,CBCA201,91,100,88,83,94,89,91,90
2558,CBCA202,94,89,86,95,79,92,89,90
2558,CBCA203,89,84,97,91,91,93,91,90
2558,CBCA204,89,92,87,86,90,84,88,90
2559,CBCA201,75,78,75,79,79,81,78,81
2559,CBCA202,84,81,75,79,89,75,81,81
2559,CBCA203,81,80,83,82,82,85,82,81
2559,CBCA204,88,88,83,88,69,80,83,81
2560,CBCA201,91,80,87,95,89,83,88,86
2560,CBCA202,83,85,84,85,87,94,86,86
2560,CBCA203,91,85,83,80,88,79,84,86
2560,CBCA204,77,95,81,83,76,96,85,86
2561,CBCA201,89,84,80,92,85,98,88,90
2561,CBCA202,95,88,81,91,88,96,90,90
2561,CBCA203,94,95,88,87,100,88,92,90
2561,CBCA204,91,93,85,93,89,94,91,90
2562,CBCA201,87,84,86,82,82,91,85,86
2562,CBCA202,82,87,92,91,74,82,85,86
2562,CBCA203,94,84,81,94,84,85,87,86
2562,CBCA204,82,93,91,77,77,91,85,86
2563,CBCA201,35,33,40,23,39,33,34,32
2563,CBCA202,31,28,41,34,25,31,32,32
2563,CBCA203,29,35,44,35,40,28,35,32
2563,CBCA204,38,24,28,22,32,30,29,32
2564,CBCA201,64,53,66,63,65,67,63,62
2564,CBCA202,62,64,65,63,58,59,62,62
2564,CBCA203,55,57,62,54,67,66,60,62
2564,CBCA204,67,69,64,58,71,59,65,62
2565,CBCA201,18,22,24,22,27,17,22,23
2565,CBCA202,28,26,26,28,28,28,27,23
2565,CBCA203,22,27,22,22,22,27,24,23
2565,CBCA204,24,19,20,23,20,16,20,23
2566,CBCA201,53,57,46,46,55,50,51,53
2566,CBCA202,49,58,44,61,46,59,53,53
2566,CBCA203,58,52,48,55,58,63,56,53
2566,CBCA204,56,49,54,56,49,61,54,53
2567,CBCA201,62,61,61,73,66,69,65,65
2567,CBCA202,75,55,60,69,64,69,65,65
2567,CBCA203,66,68,70,53,62,63,64,65
2567,CBCA204,71,71,68,64,58,63,66,65
2568,CBCA201,17,9,13,16,14,17,14,13
2568,CBCA202,19,21,11,14,13,8,14,13
2568,CBCA203,13,16,12,3,4,8,9,13
2568,CBCA204,17,11,9,15,10,23,14,13
2569,CBCA201,94,88,89,82,84,90,88,86
2569,CBCA202,90,86,88,84,83,85,86,86
2569,CBCA203,92,86,82,78,83,89,85,86
2569,CBCA204,83,88,88,88,89,81,86,86
2570,CBCA201,53,54,63,50,48,58,54,55
2570,CBCA202,54,45,51,56,52,56,52,55
2570,CBCA203,65,63,59,51,56,56,58,55
2570,CBCA204,49,49,51,57,62,53,54,55
2571,CBCA201,90,91,84,87,81,93,88,88
2571,CBCA202,93,84,93,91,91,96,91,88
2571,CBCA203,84,88,94,89,79,91,88,88
2571,CBCA204,85,86,90,76,94,87,86,88
2572,CBCA201,36,50,40,45,48,41,43,43
2572,CBCA202,43,47,55,43,34,35,43,43
2572,CBCA203,50,41,43,42,50,49,46,43
2572,CBCA204,43,35,33,33,46,45,39,43
2573,CBCA201,67,75,82,81,80,74,77,75
2573,CBCA202,80,73,70,74,71,73,74,75
2573,CBCA203,79,77,84,73,83,70,78,75
2573,CBCA204,71,77,69,75,80,72,74,75
2574,CBCA201,83,78,92,86,94,96,88,85
2574,CBCA202,83,94,86,83,85,90,87,85
2574,CBCA203,93,81,84,75,84,78,83,85
2574,CBCA204,78,82,78,91,86,83,83,85
2575,CBCA201,97,100,96,97,100,93,97,97
2575,CBCA202,98,97,95,100,100,100,98,97
2575,CBCA203,95,96,93,89,99,94,94,97
2575,CBCA204,100,100,91,100,97,98,98,97
2576,CBCA201,67,60,65,54,65,76,65,64
2576,CBCA202,67,62,68,70,64,65,66,64
2576,CBCA203,69,55,66,69,55,54,61,64
2576,CBCA204,63,66,61,61,58,69,63,64
2577,CBCA201,85,72,87,79,84,78,81,84
2577,CBCA202,93,74,91,83,84,87,85,84
2577,CBCA203,83,84,86,77,81,75,81,84
2577,CBCA204,80,93,96,81,87,90,88,84
2578,CBCA201,57,62,61,63,62,55,60,63
2578,CBCA202,61,64,62,65,71,64,65,63
2578,CBCA203,59,64,69,57,65,67,64,63
2578,CBCA204,54,63,68,69,58,69,64,63
2579,CBCA201,79,73,84,77,78,79,78,80
2579,CBCA202,75,84,71,87,88,87,82,80
2579,CBCA203,80,83,78,79,84,84,81,80
2579,CBCA204,78,83,81,82,71,75,78,80
2580,CBCA201,86,80,77,82,80,77,80,79
2580,CBCA202,78,87,77,75,72,88,80,79
2580,CBCA203,82,75,74,80,75,81,78,79
2580,CBCA204,80,70,78,72,76,86,77,79
2581,CBCA201,74,71,67,63,76,72,71,69
2581,CBCA202,70,67,67,62,75,62,67,69
2581,CBCA203,67,64,57,65,68,78,67,69
2581,CBCA204,68,68,69,77,75,62,70,69
2582,CBCA201,50,47,57,59,57,52,54,52
2582,CBCA202,42,52,49,55,55,48,50,52
2582,CBCA203,52,61,49,47,42,51,50,52
2582,CBCA204,46,63,55,58,57,49,55,52
2583,CBCA201,70,74,75,83,79,73,76,80
2583,CBCA202,76,85,78,85,84,86,82,80
2583,CBCA203,90,83,72,76,75,83,80,80
2583,CBCA204,84,77,73,85,87,83,82,80
2584,CBCA201,52,44,55,52,55,58,53,53
2584,CBCA202,56,53,49,52,50,62,54,53
2584,CBCA203,50,51,59,51,47,54,52,53
2584,CBCA204,46,45,47,60,50,64,52,53
2585,CBCA201,78,62,64,65,67,70,68,68
2585,CBCA202,67,73,59,67,75,65,68,68
2585,CBCA203,60,68,60,76,58,73,66,68
2585,CBCA204,77,75,64,62,69,72,70,68
2586,CBCA201,30,19,25,31,31,31,28,25
2586,CBCA202,22,18,21,29,18,28,23,25
2586,CBCA203,15,31,14,21,32,24,23,25
2586,CBCA204,31,28,20,27,17,27,25,25
2587,CBCA201,93,86,95,87,83,95,90,90
2587,CBCA202,88,90,97,93,93,92,92,90
2587,CBCA203,93,90,85,84,99,95,91,90
2587,CBCA204,89,89,91,84,97,83,89,90
2588,CBCA201,77,80,81,90,82,81,82,81
2588,CBCA202,83,82,78,80,82,76,80,81
2588,CBCA203,90,77,77,88,73,80,81,81
2588,CBCA204,86,81,80,78,83,79,81,81
2589,CBCA201,87,73,78,83,81,79,80,79
2589,CBCA202,84,77,81,84,75,80,80,79
2589,CBCA203,73,76,85,79,77,73,77,79
2589,CBCA204,75,83,85,72,74,79,78,79
2590,CBCA201,44,42,42,44,33,34,40,42
2590,CBCA202,45,48,34,51,43,43,44,42
2590,CBCA203,43,50,43,46,45,42,45,42
2590,CBCA204,34,39,33,37,44,40,38,42
2591,CBCA201,67,62,74,63,64,64,66,64
2591,CBCA202,59,57,62,55,62,73,61,64
2591,CBCA203,59,59,70,64,63,57,62,64
2591,CBCA204,65,65,70,63,63,65,65,64
2592,CBCA201,86,81,74,83,79,84,81,83
2592,CBCA202,85,86,83,75,84,93,84,83
2592,CBCA203,79,80,80,72,89,89,82,83
2592,CBCA204,85,89,86,86,80,80,84,83
2593,CBCA201,73,72,67,63,75,69,70,70
2593,CBCA202,62,69,64,69,71,74,68,70
2593,CBCA203,67,68,78,67,81,66,71,70
2593,CBCA204,65,77,69,73,72,63,70,70
2594,CBCA201,71,79,89,81,75,81,79,81
2594,CBCA202,79,81,79,81,74,77,79,81
2594,CBCA203,79,85,74,83,84,89,82,81
2594,CBCA204,84,86,91,92,78,82,86,81
2595,CBCA201,44,58,57,53,60,59,55,55
2595,CBCA202,62,55,52,56,52,65,57,55
2595,CBCA203,52,60,52,53,46,56,53,55
2595,CBCA204,51,55,63,50,53,56,55,55
2596,CBCA201,87,89,95,88,94,84,90,90
2596,CBCA202,96,95,94,91,91,100,95,90
2596,CBCA203,91,82,86,91,91,89,88,90
2596,CBCA204,85,89,89,94,83,94,89,90
2597,CBCA201,79,83,86,87,88,82,84,86
2597,CBCA202,86,87,86,93,81,86,87,86
2597,CBCA203,89,90,88,75,88,87,86,86
2597,CBCA204,93,90,81,87,77,86,86,86
2598,CBCA201,47,32,44,34,47,37,40,38
2598,CBCA202,36,33,35,40,31,50,38,38
2598,CBCA203,42,38,40,28,32,36,36,38
2598,CBCA204,34,34,36,45,45,41,39,38
2599,CBCA201,76,70,78,75,79,83,77,78
2599,CBCA202,74,82,74,85,72,82,78,78
2599,CBCA203,87,72,72,83,81,83,80,78
2599,CBCA204,73,82,68,79,83,72,76,78
2600,CBCA201,78,80,86,76,82,81,81,82
2600,CBCA202,87,82,76,89,78,81,82,82
2600,CBCA203,85,91,77,90,79,84,84,82
2600,CBCA204,90,81,74,81,93,74,82,82
2601,CBCA201,19,29,28,30,25,25,26,22
2601,CBCA202,31,22,25,26,16,15,23,22
2601,CBCA203,18,20,31,21,14,15,20,22
2601,CBCA204,20,21,20,27,18,11,20,22
2602,CBCA201,4,0,11,2,2,9,5,7
2602,CBCA202,3,10,8,8,16,0,8,7
2602,CBCA203,6,5,15,9,8,0,7,7
2602,CBCA204,6,7,4,12,13,9,9,7
2603,CBCA201,63,68,67,61,66,70,66,63
2603,CBCA202,64,55,66,68,57,61,62,63
2603,CBCA203,54,60,72,73,58,60,63,63
2603,CBCA204,65,59,67,52,55,69,61,63
2604,CBCA201,82,78,80,84,84,83,82,83
2604,CBCA202,90,90,85,85,73,89,85,83
2604,CBCA203,87,80,74,81,92,76,82,83
2604,CBCA204,77,81,82,89,85,81,83,83
2605,CBCA201,75,83,84,68,79,85,79,78
2605,CBCA202,79,83,71,77,70,78,76,78
2605,CBCA203,80,73,79,77,74,75,76,78
2605,CBCA204,76,79,79,85,78,76,79,78
2606,CBCA201,34,22,31,26,24,25,27,29
2606,CBCA202,28,24,27,36,34,31,30,29
2606,CBCA203,36,33,30,29,36,32,33,29
2606,CBCA204,25,26,21,31,27,30,27,29
2607,CBCA201,77,88,79,77,88,86,83,84
2607,CBCA202,82,81,86,89,81,89,85,84
2607,CBCA203,79,84,88,78,84,77,82,84
2607,CBCA204,86,80,94,84,84,92,87,84
2608,CBCA201,42,36,46,42,37,43,41,41
2608,CBCA202,30,44,40,43,41,49,41,41
2608,CBCA203,50,29,37,42,36,45,40,41
2608,CBCA204,46,35,38,33,41,48,40,41
2609,CBCA201,80,88,86,85,86,86,85,82
2609,CBCA202,80,78,85,73,84,84,81,82
2609,CBCA203,72,77,76,88,88,84,81,82
2609,CBCA204,79,75,78,84,77,83,79,82
2610,CBCA201,70,76,83,84,74,81,78,75
2610,CBCA202,67,75,74,78,74,83,75,75
2610,CBCA203,71,80,71,72,78,70,74,75
2610,CBCA204,78,73,77,70,73,69,73,75
2611,CBCA201,78,69,66,76,68,73,72,74
2611,CBCA202,77,78,71,68,82,72,75,74
2611,CBCA203,74,62,75,67,74,82,72,74
2611,CBCA204,75,79,67,78,76,77,75,74
2612,CBCA201,76,70,84,84,84,84,80,79
2612,CBCA202,85,76,73,72,79,75,77,79
2612,CBCA203,81,72,75,84,75,78,78,79
2612,CBCA204,72,86,86,78,89,79,82,79
2613,CBCA201,60,75,68,71,70,57,67,67
2613,CBCA202,72,68,62,61,65,66,66,67
2613,CBCA203,70,67,74,59,68,65,67,67
2613,CBCA204,68,60,66,70,74,67,68,67
2614,CBCA201,90,85,90,97,84,94,90,89
2614,CBCA202,95,89,93,87,82,97,91,89
2614,CBCA203,88,90,85,95,97,87,90,89
2614,CBCA204,78,80,88,86,80,93,84,89
2615,CBCA201,87,90,98,89,93,92,92,92
2615,CBCA202,84,83,89,94,90,96,89,92
2615,CBCA203,90,92,94,97,94,95,94,92
2615,CBCA204,98,93,88,94,89,93,93,92
2616,CBCA201,63,55,58,62,67,60,61,62
2616,CBCA202,72,66,52,68,59,64,64,62
2616,CBCA203,67,64,68,55,58,65,63,62
2616,CBCA204,55,60,58,65,60,68,61,62
2617,CBCA201,95,83,95,100,91,81,91,90
2617,CBCA202,99,88,91,98,92,91,93,90
2617,CBCA203,87,89,100,92,90,82,90,90
2617,CBCA204,80,79,91,90,87,86,86,90
2618,CBCA201,83,71,72,76,67,83,75,75
2618,CBCA202,77,81,71,71,73,73,74,75
2618,CBCA203,81,79,71,73,72,70,74,75
2618,CBCA204,72,73,79,75,79,75,76,75
2619,CBCA201,63,57,65,57,54,52,58,58
2619,CBCA202,61,64,65,59,57,55,60,58
2619,CBCA203,51,55,50,69,58,57,57,58
2619,CBCA204,52,66,54,57,55,61,58,58
2620,CBCA201,68,63,69,60,59,60,63,66
2620,CBCA202,76,58,60,71,74,59,66,66
2620,CBCA203,62,76,63,75,71,61,68,66
2620,CBCA204,64,72,71,57,77,66,68,66
2621,CBCA201,55,56,53,58,55,54,55,54
2621,CBCA202,52,51,51,62,50,56,54,54
2621,CBCA203,52,53,46,56,50,54,52,54
2621,CBCA204,49,61,50,47,64,51,54,54
2622,CBCA201,10,6,5,5,0,13,7,4
2622,CBCA202,12,4,6,10,0,0,5,4
2622,CBCA203,0,0,0,1,0,0,0,4
2622,CBCA204,0,0,0,9,3,0,2,4
2623,CBCA201,98,90,86,86,90,93,91,90
2623,CBCA202,98,88,90,84,90,95,91,90
2623,CBCA203,86,94,92,87,88,85,89,90
2623,CBCA204,91,91,97,85,91,92,91,90
2624,CBCA201,68,64,74,73,67,61,68,68
2624,CBCA202,68,61,78,77,62,65,69,68
2624,CBCA203,72,68,71,68,73,62,69,68
2624,CBCA204,67,62,67,64,64,70,66,68
2625,CBCA201,80,71,80,63,69,79,74,71
2625,CBCA202,74,74,73,66,64,76,71,71
2625,CBCA203,58,69,74,70,79,74,71,71
2625,CBCA204,68,72,70,72,61,70,69,71
2626,CBCA201,94,93,97,88,98,92,94,93
2626,CBCA202,90,93,90,87,100,84,91,93
2626,CBCA203,94,90,98,96,97,91,94,93
2626,CBCA204,94,91,100,92,83,100,93,93
2627,CBCA201,54,51,64,50,49,59,55,53
2627,CBCA202,65,43,50,51,49,53,52,53
2627,CBCA203,55,56,46,52,49,43,50,53
2627,CBCA204,49,51,56,51,61,58,54,53
2628,CBCA201,57,57,57,67,62,55,59,59
2628,CBCA202,64,57,52,64,59,63,60,59
2628,CBCA203,67,58,60,60,51,58,59,59
2628,CBCA204,59,58,55,63,53,57,58,59
2629,CBCA201,66,68,79,74,77,67,72,71
2629,CBCA202,74,76,78,69,75,67,73,71
2629,CBCA203,69,65,68,67,78,69,69,71
2629,CBCA204,68,75,66,74,75,66,71,71
2630,CBCA201,93,85,92,80,95,86,89,89
2630,CBCA202,81,87,84,93,86,82,86,89
2630,CBCA203,90,87,98,84,88,97,91,89
2630,CBCA204,82,97,89,94,90,86,90,89
2631,CBCA201,83,80,99,90,86,88,88,90
2631,CBCA202,88,89,89,89,83,83,87,90
2631,CBCA203,96,100,84,96,90,97,94,90
2631,CBCA204,93,83,93,83,93,100,91,90
2632,CBCA201,94,99,88,94,85,88,91,89
2632,CBCA202,87,90,86,94,85,90,89,89
2632,CBCA203,95,96,80,84,92,84,89,89
2632,CBCA204,88,79,80,94,87,89,86,89
2633,CBCA201,88,72,81,79,79,86,81,81
2633,CBCA202,79,75,78,81,84,77,79,81
2633,CBCA203,83,92,87,76,84,90,85,81
2633,CBCA204,76,76,90,79,83,73,80,81
2634,CBCA201,65,64,66,64,70,63,65,64
2634,CBCA202,51,61,63,65,66,64,62,64
2634,CBCA203,73,56,63,66,63,60,64,64
2634,CBCA204,71,69,64,60,65,55,64,64
2635,CBCA201,67,77,72,71,74,66,71,69
2635,CBCA202,80,66,66,70,69,69,70,69
2635,CBCA203,69,65,72,70,68,63,68,69
2635,CBCA204,75,72,67,67,60,65,68,69
2636,CBCA201,73,81,89,84,81,83,82,80
2636,CBCA202,75,71,90,78,72,75,77,80
2636,CBCA203,78,85,77,72,77,82,79,80
2636,CBCA204,75,91,86,80,76,78,81,80
2637,CBCA201,28,31,32,29,26,22,28,29
2637,CBCA202,29,29,23,31,28,31,29,29
2637,CBCA203,38,24,27,31,31,32,31,29
2637,CBCA204,40,20,38,28,24,20,28,29
2638,CBCA201,41,45,56,49,50,44,48,49
2638,CBCA202,48,53,43,51,56,46,50,49
2638,CBCA203,51,51,50,44,44,47,48,49
2638,CBCA204,40,53,46,53,58,52,50,49
2639,CBCA201,15,31,34,21,19,29,25,24
2639,CBCA202,21,23,32,26,29,26,26,24
2639,CBCA203,14,17,30,25,18,28,22,24
2639,CBCA204,21,28,23,29,25,22,25,24
2640,CBCA201,42,28,44,34,32,36,36,36
2640,CBCA202,43,38,39,33,29,35,36,36
2640,CBCA203,35,33,42,42,35,32,37,36
2640,CBCA204,33,37,27,46,42,28,36,36
2641,CBCA201,0,3,0,10,2,8,4,2
2641,CBCA202,0,6,4,0,0,0,2,2
2641,CBCA203,0,2,1,0,4,0,1,2
2641,CBCA204,1,4,0,2,4,1,2,2
2642,CBCA201,55,59,60,58,50,54,56,54
2642,CBCA202,50,46,58,59,47,49,52,54
2642,CBCA203,45,54,49,60,57,62,55,54
2642,CBCA204,48,52,49,59,61,56,54,54
2643,CBCA201,66,72,57,64,61,64,64,64
2643,CBCA202,64,63,67,66,65,63,65,64
2643,CBCA203,69,63,65,64,70,63,66,64
2643,CBCA204,62,63,57,61,65,61,62,64
2644,CBCA201,99,88,91,90,97,87,92,90
2644,CBCA202,95,86,85,96,84,92,90,90
2644,CBCA203,98,91,87,97,86,99,93,90
2644,CBCA204,84,92,93,83,85,79,86,90
2645,CBCA201,46,44,42,47,38,43,43,41
2645,CBCA202,43,37,47,34,43,34,40,41
2645,CBCA203,34,40,46,41,44,41,41,41
2645,CBCA204,33,44,36,33,43,49,40,41
2646,CBCA201,78,86,89,82,83,86,84,83
2646,CBCA202,76,82,80,85,80,88,82,83
2646,CBCA203,87,83,82,83,91,86,85,83
2646,CBCA204,80,81,91,81,77,73,81,83
2647,CBCA201,96,92,95,94,82,99,93,92
2647,CBCA202,88,93,98,88,89,100,93,92
2647,CBCA203,94,85,85,84,94,97,90,92
2647,CBCA204,96,93,88,90,97,89,92,92
2648,CBCA201,91,87,78,89,84,86,86,83
2648,CBCA202,85,86,88,79,86,82,84,83
2648,CBCA203,82,91,76,80,79,83,82,83
2648,CBCA204,79,76,84,72,77,80,78,83
2649,CBCA201,96,94,99,98,100,97,97,98
2649,CBCA202,100,100,100,91,94,100,98,98
2649,CBCA203,99,100,99,100,100,97,99,98
2649,CBCA204,100,98,95,100,94,99,98,98
2650,CBCA201,39,49,38,39,50,36,42,41
2650,CBCA202,35,39,38,41,41,49,41,41
2650,CBCA203,45,45,52,42,41,32,43,41
2650,CBCA204,39,32,43,43,39,37,39,41
2651,CBCA201,56,48,57,51,52,61,54,58
2651,CBCA202,57,66,57,58,68,66,62,58
2651,CBCA203,58,58,49,60,56,67,58,58
2651,CBCA204,58,52,61,63,61,62,60,58
2652,CBCA201,80,68,77,74,70,69,73,73
2652,CBCA202,67,75,76,81,67,70,73,73
2652,CBCA203,72,74,65,76,74,75,73,73
2652,CBCA204,70,70,83,76,79,71,75,73
2653,CBCA201,78,73,85,86,84,83,82,79
2653,CBCA202,84,73,83,75,76,79,78,79
2653,CBCA203,70,82,70,73,70,85,75,79
2653,CBCA204,89,83,82,77,82,81,82,79
2654,CBCA201,78,89,85,79,81,77,82,81
2654,CBCA202,82,82,86,80,87,90,85,81
2654,CBCA203,84,88,77,75,76,79,80,81
2654,CBCA204,88,76,91,78,75,70,80,81
2655,CBCA201,63,63,63,60,66,50,61,60
2655,CBCA202,50,59,66,55,65,59,59,60
2655,CBCA203,62,61,68,60,68,56,63,60
2655,CBCA204,53,67,57,63,59,55,59,60
2656,CBCA201,74,83,72,72,79,66,74,75
2656,CBCA202,75,87,68,71,76,75,75,75
2656,CBCA203,82,71,65,83,70,73,74,75
2656,CBCA204,72,75,79,80,80,77,77,75
2657,CBCA201,59,48,55,42,55,61,53,52
2657,CBCA202,51,52,62,48,49,50,52,52
2657,CBCA203,55,58,51,51,49,48,52,52
2657,CBCA204,52,52,51,54,52,53,52,52
2658,CBCA201,91,91,87,93,94,89,91,96
2658,CBCA202,95,100,94,94,97,93,96,96
2658,CBCA203,96,100,100,99,100,99,99,96
2658,CBCA204,100,100,96,96,100,100,99,96
2659,CBCA201,92,90,83,86,87,88,88,84
2659,CBCA202,84,79,81,83,81,88,83,84
2659,CBCA203,84,82,85,80,86,76,82,84
2659,CBCA204,89,84,87,88,87,75,85,84
2660,CBCA201,62,61,67,62,64,71,65,65
2660,CBCA202,64,73,76,55,59,66,66,65
2660,CBCA203,67,69,58,70,71,65,67,65
2660,CBCA204,64,68,59,67,61,66,64,65
2661,CBCA201,100,95,92,96,84,100,95,93
2661,CBCA202,95,98,100,94,95,88,95,93
2661,CBCA203,90,82,91,87,89,92,89,93
2661,CBCA204,94,88,100,94,88,98,94,93
2662,CBCA201,46,48,59,49,46,48,49,48
2662,CBCA202,42,45,45,58,39,44,46,48
2662,CBCA203,42,49,49,52,44,43,47,48
2662,CBCA204,54,49,51,46,54,55,52,48
2663,CBCA201,88,85,85,97,83,91,88,87
2663,CBCA202,83,87,87,93,87,98,89,87
2663,CBCA203,78,82,86,88,92,85,85,87
2663,CBCA204,86,90,85,87,83,86,86,87
2664,CBCA201,52,51,55,42,53,52,51,50
2664,CBCA202,60,42,56,41,52,43,49,50
2664,CBCA203,51,54,45,60,49,51,52,50
2664,CBCA204,52,44,45,46,53,48,48,50
2665,CBCA201,69,64,66,70,64,62,66,70
2665,CBCA202,73,80,66,67,74,72,72,70
2665,CBCA203,60,74,72,76,68,70,70,70
2665,CBCA204,72,78,77,66,70,72,73,70
2666,CBCA201,96,94,86,96,96,93,94,95
2666,CBCA202,92,100,91,98,93,94,95,95
2666,CBCA203,99,100,91,100,94,100,97,95
2666,CBCA204,100,92,100,91,96,95,96,95
2667,CBCA201,45,46,52,35,39,30,41,41
2667,CBCA202,47,34,48,38,37,33,40,41
2667,CBCA203,44,33,48,36,42,37,40,41
2667,CBCA204,39,40,42,34,47,48,42,41
2668,CBCA201,55,54,56,52,50,48,53,54
2668,CBCA202,59,62,55,56,52,60,57,54
2668,CBCA203,59,47,54,54,48,53,53,54
2668,CBCA204,52,62,43,52,63,52,54,54
2669,CBCA201,75,83,80,87,73,77,79,82
2669,CBCA202,83,73,76,76,82,92,80,82
2669,CBCA203,84,83,80,91,72,80,82,82
2669,CBCA204,88,92,90,78,84,79,85,82
2670,CBCA201,59,62,59,54,62,60,59,61
2670,CBCA202,54,54,62,62,59,58,58,61
2670,CBCA203,69,58,61,62,61,57,61,61
2670,CBCA204,61,57,64,65,67,67,64,61
2671,CBCA201,76,66,75,74,69,78,73,75
2671,CBCA202,83,67,84,82,68,70,76,75
2671,CBCA203,69,76,75,76,79,84,77,75
2671,CBCA204,69,85,77,80,69,79,77,75
2672,CBCA201,85,82,81,94,85,91,86,85
2672,CBCA202,93,81,95,82,79,84,86,85
2672,CBCA203,88,83,80,82,82,87,84,85
2672,CBCA204,89,89,84,77,91,82,85,85
2673,CBCA201,36,50,37,40,37,43,41,43
2673,CBCA202,42,45,48,52,48,40,46,43
2673,CBCA203,44,51,40,33,41,35,41,43
2673,CBCA204,44,45,47,49,39,47,45,43
2674,CBCA201,50,43,46,45,47,62,49,48
2674,CBCA202,50,57,40,51,44,47,48,48
2674,CBCA203,48,59,48,42,56,50,51,48
2674,CBCA204,43,47,46,43,46,53,46,48
2675,CBCA201,88,81,87,93,87,90,88,89
2675,CBCA202,94,92,82,86,93,95,90,89
2675,CBCA203,88,81,90,94,88,91,89,89
2675,CBCA204,97,85,89,92,85,97,91,89
2676,CBCA201,54,64,55,63,62,68,61,62
2676,CBCA202,64,58,59,65,61,61,61,62
2676,CBCA203,69,58,61,55,69,60,62,62
2676,CBCA204,61,65,64,57,64,61,62,62
2677,CBCA201,87,89,91,88,92,89,89,91
2677,CBCA202,88,96,85,91,87,95,90,91
2677,CBCA203,96,91,90,91,96,93,93,91
2677,CBCA204,92,90,87,96,91,90,91,91
2678,CBCA201,49,52,49,46,55,64,53,52
2678,CBCA202,48,59,54,56,43,55,53,52
2678,CBCA203,59,47,48,57,55,48,52,52
2678,CBCA204,61,62,50,46,44,50,52,52
2679,CBCA201,43,48,42,35,32,39,40,42
2679,CBCA202,49,41,43,38,39,48,43,42
2679,CBCA203,38,35,41,45,31,48,40,42
2679,CBCA204,38,50,47,37,46,44,44,42
2680,CBCA201,90,80,78,79,76,90,82,83
2680,CBCA202,88,87,89,84,75,92,86,83
2680,CBCA203,72,87,88,78,80,85,82,83
2680,CBCA204,87,81,78,81,77,78,80,83
2681,CBCA201,50,38,37,41,46,37,42,42
2681,CBCA202,43,41,41,42,43,52,44,42
2681,CBCA203,41,40,34,49,41,52,43,42
2681,CBCA204,39,51,45,37,34,44,42,42
2682,CBCA201,39,38,46,52,32,40,41,42
2682,CBCA202,47,50,46,43,46,47,47,42
2682,CBCA203,37,46,44,43,36,34,40,42
2682,CBCA204,39,41,45,43,33,40,40,42
2683,CBCA201,90,88,88,97,84,79,88,89
2683,CBCA202,87,92,94,91,95,82,90,89
2683,CBCA203,92,81,90,84,81,90,86,89
2683,CBCA204,82,94,93,91,94,85,90,89
2684,CBCA201,46,57,48,49,49,48,50,50
2684,CBCA202,52,47,42,49,42,59,49,50
2684,CBCA203,53,57,43,53,45,51,50,50
2684,CBCA204,51,54,51,44,55,60,53,50
2685,CBCA201,61,51,56,64,52,51,56,56
2685,CBCA202,54,62,64,47,59,57,57,56
2685,CBCA203,57,48,56,65,51,52,55,56
2685,CBCA204,57,54,61,45,52,57,54,56
2686,CBCA201,76,71,83,79,75,83,78,78
2686,CBCA202,85,74,81,73,75,73,77,78
2686,CBCA203,78,77,83,74,74,70,76,78
2686,CBCA204,83,75,81,79,81,84,81,78
2687,CBCA201,88,91,86,89,91,94,90,93
2687,CBCA202,100,95,87,87,100,97,94,93
2687,CBCA203,94,95,100,94,100,89,95,93
2687,CBCA204,95,100,88,88,96,88,93,93
2688,CBCA201,79,71,65,74,67,81,73,75
2688,CBCA202,66,79,81,78,74,77,76,75
2688,CBCA203,66,84,68,81,83,73,76,75
2688,CBCA204,68,75,70,85,73,85,76,75
2689,CBCA201,71,67,60,54,68,53,62,64
2689,CBCA202,71,66,68,70,70,68,69,64
2689,CBCA203,71,60,64,60,58,66,63,64
2689,CBCA204,68,63,58,54,63,59,61,64
2690,CBCA201,75,69,79,67,84,81,76,73
2690,CBCA202,65,66,76,74,71,78,72,73
2690,CBCA203,71,78,67,79,67,75,73,73
2690,CBCA204,71,71,73,85,75,66,74,73
2691,CBCA201,67,70,58,70,63,71,67,68
2691,CBCA202,73,62,76,64,66,61,67,68
2691,CBCA203,58,75,72,71,66,67,68,68
2691,CBCA204,65,78,68,64,78,65,70,68
2692,CBCA201,23,22,31,18,26,24,24,24
2692,CBCA202,22,26,33,27,21,21,25,24
2692,CBCA203,26,26,24,27,25,27,26,24
2692,CBCA204,19,26,21,29,16,24,23,24
2693,CBCA201,78,90,85,92,89,80,86,85
2693,CBCA202,82,84,84,83,91,81,84,85
2693,CBCA203,86,94,83,77,80,91,85,85
2693,CBCA204,84,89,84,90,80,74,84,85
2694,CBCA201,70,63,64,61,67,61,64,65
2694,CBCA202,55,66,63,60,58,57,60,65
2694,CBCA203,63,68,68,71,64,71,68,65
2694,CBCA204,72,63,74,62,76,69,69,65
2695,CBCA201,94,100,100,94,91,100,97,97
2695,CBCA202,100,96,92,100,94,94,96,97
2695,CBCA203,100,99,89,100,100,100,98,97
2695,CBCA204,100,100,100,92,93,98,97,97
2696,CBCA201,65,60,67,63,66,68,65,64
2696,CBCA202,71,65,61,74,60,64,66,64
2696,CBCA203,54,65,58,65,68,64,62,64
2696,CBCA204,66,65,65,55,68,56,63,64
2697,CBCA201,40,55,53,58,55,48,52,50
2697,CBCA202,58,48,57,44,47,51,51,50
2697,CBCA203,47,52,59,42,55,47,50,50
2697,CBCA204,47,49,44,49,48,51,48,50
2698,CBCA201,60,74,58,60,64,70,64,65
2698,CBCA202,64,61,56,59,71,68,63,65
2698,CBCA203,77,62,65,76,62,66,68,65
2698,CBCA204,64,63,69,67,58,66,65,65
2699,CBCA201,95,91,94,93,87,92,92,89
2699,CBCA202,94,87,83,81,84,85,86,89
2699,CBCA203,93,96,87,95,85,87,91,89
2699,CBCA204,90,93,80,84,91,87,88,89
2700,CBCA201,49,52,55,50,49,55,52,51
2700,CBCA202,54,45,60,51,55,55,53,51
2700,CBCA203,48,54,47,49,50,54,50,51
2700,CBCA204,50,47,48,49,53,47,49,51
2701,CBCA201,70,83,84,73,77,81,78,78
2701,CBCA202,85,67,80,67,79,76,76,78
2701,CBCA203,83,82,79,81,77,71,79,78
2701,CBCA204,84,76,86,80,76,77,80,78
2702,CBCA201,5,3,4,3,9,2,4,5
2702,CBCA202,12,0,6,0,11,7,6,5
2702,CBCA203,9,4,2,2,4,0,4,5
2702,CBCA204,2,0,8,0,12,6,5,5
2703,CBCA201,50,54,47,48,38,50,48,49
2703,CBCA202,53,50,54,52,41,54,51,49
2703,CBCA203,47,54,51,56,42,53,51,49
2703,CBCA204,42,47,45,53,51,49,48,49
2704,CBCA201,100,100,100,100,100,100,100,98
2704,CBCA202,100,98,100,100,97,100,99,98
2704,CBCA203,91,92,100,95,100,96,96,98
2704,CBCA204,99,95,90,100,100,96,97,98
2705,CBCA201,59,67,63,63,52,70,62,60
2705,CBCA202,50,53,61,67,54,64,58,60
2705,CBCA203,57,52,58,61,58,70,59,60
2705,CBCA204,61,57,58,62,56,61,59,60
2706,CBCA201,57,72,68,61,72,64,66,64
2706,CBCA202,61,62,61,69,66,71,65,64
2706,CBCA203,65,58,57,69,66,70,64,64
2706,CBCA204,60,69,65,55,60,67,63,64
2707,CBCA201,64,74,62,63,55,70,65,65
2707,CBCA202,59,68,69,65,72,61,66,65
2707,CBCA203,72,68,65,69,65,61,67,65
2707,CBCA204,62,72,60,68,61,57,63,65
2708,CBCA201,70,69,84,81,77,78,77,75
2708,CBCA202,69,78,80,70,74,70,74,75
2708,CBCA203,82,81,76,71,79,74,77,75
2708,CBCA204,65,77,66,73,84,72,73,75
2709,CBCA201,80,72,68,72,80,67,73,75
2709,CBCA202,71,76,69,84,70,76,74,75
2709,CBCA203,79,79,67,74,63,84,74,75
2709,CBCA204,80,80,82,75,74,77,78,75
2710,CBCA201,78,84,85,88,83,76,82,83
2710,CBCA202,90,81,87,85,86,85,86,83
2710,CBCA203,72,78,75,93,84,88,82,83
2710,CBCA204,86,87,81,83,77,91,84,83
2711,CBCA201,64,61,65,63,70,68,65,64
2711,CBCA202,67,67,61,74,70,56,66,64
2711,CBCA203,61,59,62,64,66,67,63,64
2711,CBCA204,57,57,67,54,68,71,62,64
2712,CBCA201,61,53,60,54,59,67,59,62
2712,CBCA202,62,58,60,63,57,56,59,62
2712,CBCA203,72,71,53,74,61,66,66,62
2712,CBCA204,65,67,58,71,65,57,64,62
2713,CBCA201,53,46,45,48,53,46,49,48
2713,CBCA202,38,44,57,48,53,44,47,48
2713,CBCA203,54,51,52,50,40,56,51,48
2713,CBCA204,49,59,38,48,40,48,47,48
2714,CBCA201,28,32,39,34,40,37,35,36
2714,CBCA202,29,41,36,31,34,37,35,36
2714,CBCA203,26,31,46,28,27,46,34,36
2714,CBCA204,47,39,41,42,32,33,39,36
2715,CBCA201,100,100,85,95,94,94,95,94
2715,CBCA202,92,90,93,98,90,96,93,94
2715,CBCA203,89,99,94,99,91,92,94,94
2715,CBCA204,91,93,98,98,100,95,96,94
2716,CBCA201,26,24,22,25,16,23,23,25
2716,CBCA202,22,34,22,30,36,27,29,25
2716,CBCA203,33,14,25,19,15,24,22,25
2716,CBCA204,26,32,27,31,22,30,28,25
2717,CBCA201,70,69,68,72,75,64,70,70
2717,CBCA202,74,75,64,71,72,72,71,70
2717,CBCA203,74,77,74,64,65,73,71,70
2717,CBCA204,63,66,71,64,66,73,67,70
2718,CBCA201,48,50,53,56,53,46,51,54
2718,CBCA202,43,54,52,59,50,46,51,54
2718,CBCA203,54,55,58,56,58,57,56,54
2718,CBCA204,65,52,54,58,51,60,57,54
2719,CBCA201,5,7,11,1,0,3,5,5
2719,CBCA202,3,11,3,4,4,6,5,5
2719,CBCA203,5,5,8,9,0,9,6,5
2719,CBCA204,5,3,1,11,8,9,6,5
2720,CBCA201,63,63,60,70,66,62,64,65
2720,CBCA202,61,59,63,65,65,64,63,65
2720,CBCA203,75,65,62,55,73,63,66,65
2720,CBCA204,63,69,67,67,65,67,66,65
2721,CBCA201,100,91,91,83,92,81,90,90
2721,CBCA202,87,91,92,82,90,95,90,90
2721,CBCA203,84,94,97,93,92,96,93,90
2721,CBCA204,95,82,85,86,92,85,88,90
2722,CBCA201,61,65,73,64,78,68,68,69
2722,CBCA202,77,70,68,66,62,67,68,69
2722,CBCA203,77,71,63,70,68,69,70,69
2722,CBCA204,76,68,65,64,78,68,70,69
2723,CBCA201,52,40,40,46,41,61,47,49
2723,CBCA202,47,47,51,55,50,43,49,49
2723,CBCA203,52,51,57,50,40,43,49,49
2723,CBCA204,57,48,56,47,41,54,51,49
2724,CBCA201,74,75,76,83,82,90,80,80
2724,CBCA202,81,84,78,75,82,77,80,80
2724,CBCA203,87,81,87,76,81,82,82,80
2724,CBCA204,79,81,79,90,75,76,80,80
2725,CBCA201,67,70,79,65,70,64,69,70
2725,CBCA202,80,61,68,61,71,72,69,70
2725,CBCA203,61,74,71,72,68,67,69,70
2725,CBCA204,73,79,66,68,77,73,73,70
2726,CBCA201,49,34,46,49,42,47,45,44
2726,CBCA202,44,45,42,39,46,51,45,44
2726,CBCA203,47,38,47,43,45,46,44,44
2726,CBCA204,48,38,39,55,38,43,44,44
2727,CBCA201,82,89,83,79,97,82,85,85
2727,CBCA202,88,76,87,94,91,88,87,85
2727,CBCA203,80,90,84,85,80,90,85,85
2727,CBCA204,83,83,81,85,86,84,84,85
2728,CBCA201,86,84,79,78,77,87,82,80
2728,CBCA202,79,78,83,77,80,85,80,80
2728,CBCA203,83,82,79,78,81,80,81,80
2728,CBCA204,74,69,77,76,78,78,75,80
2729,CBCA201,69,75,66,77,58,76,70,68
2729,CBCA202,72,73,67,63,58,66,67,68
2729,CBCA203,64,69,72,70,62,61,66,68
2729,CBCA204,72,67,71,78,60,77,71,68
2730,CBCA201,94,99,83,86,84,84,88,86
2730,CBCA202,85,85,78,84,81,90,84,86
2730,CBCA203,92,91,91,79,89,84,88,86
2730,CBCA204,86,84,80,91,89,86,86,86
2731,CBCA201,97,94,100,89,93,94,95,93
2731,CBCA202,91,93,90,87,93,87,90,93
2731,CBCA203,100,100,85,95,90,93,94,93
2731,CBCA204,92,84,93,100,89,100,93,93
2732,CBCA201,52,47,48,48,43,51,48,51
2732,CBCA202,52,49,61,54,51,50,53,51
2732,CBCA203,60,55,44,53,41,57,52,51
2732,CBCA204,57,47,60,55,52,47,53,51
2733,CBCA201,76,63,63,74,79,70,71,71
2733,CBCA202,70,73,70,66,65,65,68,71
2733,CBCA203,79,66,74,75,75,74,74,71
2733,CBCA204,71,65,68,67,76,69,69,71
2734,CBCA201,95,95,85,97,88,90,92,90
2734,CBCA202,92,87,84,95,98,89,91,90
2734,CBCA203,95,82,89,96,86,79,88,90
2734,CBCA204,89,90,91,96,86,88,90,90
2735,CBCA201,77,82,85,78,87,72,80,79
2735,CBCA202,69,71,90,77,76,82,78,79
2735,CBCA203,83,77,78,77,75,82,79,79
2735,CBCA204,75,81,86,80,79,81,80,79
2736,CBCA201,71,81,70,74,79,78,76,79
2736,CBCA202,85,79,82,80,71,79,79,79
2736,CBCA203,75,80,84,75,80,79,79,79
2736,CBCA204,86,87,81,72,82,85,82,79
2737,CBCA201,12,27,20,28,23,19,22,19
2737,CBCA202,19,28,22,18,20,12,20,19
2737,CBCA203,21,18,10,22,9,15,16,19
2737,CBCA204,22,11,17,24,23,16,19,19
2738,CBCA201,76,65,75,74,74,80,74,73
2738,CBCA202,70,67,75,74,73,69,71,73
2738,CBCA203,69,83,65,71,75,72,73,73
2738,CBCA204,69,81,70,70,70,77,73,73
2739,CBCA201,73,66,70,69,72,78,71,71
2739,CBCA202,70,65,66,67,74,75,70,71
2739,CBCA203,68,73,58,60,69,69,66,71
2739,CBCA204,78,74,76,80,79,66,76,71
2740,CBCA201,65,58,61,54,59,59,59,58
2740,CBCA202,64,51,62,61,51,64,59,58
2740,CBCA203,52,62,53,64,53,52,56,58
2740,CBCA204,48,62,68,57,51,68,59,58
2741,CBCA201,83,76,76,89,76,86,81,80
2741,CBCA202,71,69,78,72,83,75,75,80
2741,CBCA203,88,79,82,86,90,77,84,80
2741,CBCA204,78,82,82,74,87,80,81,80
2742,CBCA201,56,48,49,50,52,48,51,50
2742,CBCA202,43,52,54,44,47,45,48,50
2742,CBCA203,52,56,47,62,46,46,52,50
2742,CBCA204,49,46,53,60,49,38,49,50
2743,CBCA201,90,100,100,98,94,87,95,96
2743,CBCA202,89,91,96,98,94,93,94,96
2743,CBCA203,100,100,87,100,99,99,98,96
2743,CBCA204,100,99,89,100,100,94,97,96
2744,CBCA201,76,74,83,65,74,73,74,74
2744,CBCA202,78,74,81,81,68,71,76,74
2744,CBCA203,65,70,78,78,69,76,73,74
2744,CBCA204,65,71,74,80,80,71,74,74
2745,CBCA201,92,87,89,96,90,86,90,90
2745,CBCA202,90,83,85,92,95,96,90,90
2745,CBCA203,95,92,90,88,87,86,90,90
2745,CBCA204,92,87,90,82,85,95,89,90
2746,CBCA201,71,58,60,65,64,64,64,61
2746,CBCA202,60,60,70,56,59,58,61,61
2746,CBCA203,59,60,58,53,61,63,59,61
2746,CBCA204,67,59,65,60,59,63,62,61
2747,CBCA201,86,91,79,80,74,88,83,81
2747,CBCA202,75,81,83,74,86,84,81,81
2747,CBCA203,79,85,74,89,75,88,82,81
2747,CBCA204,82,81,80,78,85,78,81,81
2748,CBCA201,81,88,83,84,87,78,84,81
2748,CBCA202,76,81,90,81,80,73,80,81
2748,CBCA203,80,90,80,91,74,75,82,81
2748,CBCA204,81,78,75,85,82,79,80,81
2749,CBCA201,71,74,72,69,76,73,73,74
2749,CBCA202,83,68,65,78,72,84,75,74
2749,CBCA203,75,72,78,80,74,74,76,74
2749,CBCA204,73,76,74,68,71,68,72,74
2750,CBCA201,94,78,88,88,79,71,83,82
2750,CBCA202,76,91,81,74,85,77,81,82
2750,CBCA203,71,80,86,84,82,81,81,82
2750,CBCA204,86,81,84,79,85,85,83,82
2751,CBCA201,57,58,54,68,59,56,59,57
2751,CBCA202,51,52,57,55,58,59,55,57
2751,CBCA203,57,55,52,47,63,64,56,57
2751,CBCA204,63,49,63,64,47,57,57,57
2752,CBCA201,84,85,78,87,75,83,82,83
2752,CBCA202,87,92,85,93,76,88,87,83
2752,CBCA203,72,83,86,85,88,84,83,83
2752,CBCA204,78,79,79,80,75,91,80,83
2753,CBCA201,6,14,14,16,8,16,12,11
2753,CBCA202,13,17,14,6,6,13,12,11
2753,CBCA203,12,1,12,6,13,8,9,11
2753,CBCA204,13,11,10,15,13,18,13,11
2754,CBCA201,63,66,61,64,61,71,64,65
2754,CBCA202,70,69,74,60,65,69,68,65
2754,CBCA203,73,64,59,69,59,63,65,65
2754,CBCA204,67,69,74,57,61,63,65,65
2755,CBCA201,82,80,75,77,82,84,80,80
2755,CBCA202,75,79,79,72,75,68,75,80
2755,CBCA203,77,85,84,81,74,82,81,80
2755,CBCA204,91,71,78,85,87,89,84,80
2756,CBCA201,53,64,59,56,58,61,59,62
2756,CBCA202,63,61,67,62,60,65,63,62
2756,CBCA203,64,49,65,69,66,63,63,62
2756,CBCA204,64,63,63,62,63,59,62,62
2757,CBCA201,61,75,76,68,69,68,70,67
2757,CBCA202,70,71,67,65,66,62,67,67
2757,CBCA203,75,64,69,62,65,65,67,67
2757,CBCA204,77,64,57,71,67,65,67,67
2758,CBCA201,35,49,38,51,37,38,41,42
2758,CBCA202,40,44,38,40,34,39,39,42
2758,CBCA203,34,48,41,45,38,48,42,42
2758,CBCA204,37,50,46,47,41,38,43,42
2759,CBCA201,37,50,35,43,33,47,41,40
2759,CBCA202,43,39,40,49,41,41,42,40
2759,CBCA203,39,37,39,47,39,36,40,40
2759,CBCA204,36,42,38,39,41,35,39,40
2760,CBCA201,54,65,64,64,65,63,63,64
2760,CBCA202,69,62,61,66,59,68,64,64
2760,CBCA203,57,64,68,73,68,54,64,64
2760,CBCA204,62,61,59,71,60,67,63,64
2761,CBCA201,61,57,59,70,57,65,62,61
2761,CBCA202,63,62,54,67,56,59,60,61
2761,CBCA203,60,60,59,72,53,59,61,61
2761,CBCA204,59,56,63,70,58,59,61,61
2762,CBCA201,78,78,74,72,81,69,75,76
2762,CBCA202,79,82,78,80,66,80,78,76
2762,CBCA203,77,75,72,85,69,68,74,76
2762,CBCA204,85,78,83,72,71,63,75,76
2763,CBCA201,100,91,100,98,87,100,96,96
2763,CBCA202,100,100,93,100,95,95,97,96
2763,CBCA203,94,91,95,100,100,100,97,96
2763,CBCA204,94,88,96,96,89,100,94,96
2764,CBCA201,92,92,97,100,85,99,94,94
2764,CBCA202,98,100,97,85,88,99,95,94
2764,CBCA203,100,100,100,89,89,92,95,94
2764,CBCA204,89,90,88,88,100,94,92,94
2765,CBCA201,71,50,58,62,56,66,61,62
2765,CBCA202,54,59,55,71,61,58,60,62
2765,CBCA203,57,66,72,61,68,65,65,62
2765,CBCA204,63,56,68,62,66,69,64,62
2766,CBCA201,52,50,43,49,48,54,49,50
2766,CBCA202,51,55,50,54,49,49,51,50
2766,CBCA203,49,58,44,50,57,48,51,50
2766,CBCA204,52,47,56,42,51,51,50,50
2767,CBCA201,85,79,96,84,85,88,86,86
2767,CBCA202,90,92,86,82,89,86,88,86
2767,CBCA203,80,83,78,83,83,87,82,86
2767,CBCA204,93,93,84,82,85,87,87,86
2768,CBCA201,55,58,61,52,60,59,58,56
2768,CBCA202,52,56,58,52,54,58,55,56
2768,CBCA203,53,56,58,45,56,60,55,56
2768,CBCA204,53,50,56,54,56,61,55,56
2769,CBCA201,72,76,69,71,82,74,74,73
2769,CBCA202,70,65,67,66,70,82,70,73
2769,CBCA203,77,81,70,66,72,74,73,73
2769,CBCA204,71,76,70,81,74,76,75,73
2770,CBCA201,98,98,86,89,82,92,91,91
2770,CBCA202,93,85,92,90,90,86,89,91
2770,CBCA203,88,100,94,96,89,98,94,91
2770,CBCA204,92,93,92,89,86,92,91,91
2771,CBCA201,66,59,56,55,52,63,59,58
2771,CBCA202,59,54,62,56,54,52,56,58
2771,CBCA203,59,52,57,55,64,53,57,58
2771,CBCA204,56,60,50,59,61,67,59,58
2772,CBCA201,93,100,100,100,96,100,98,98
2772,CBCA202,95,100,100,100,100,94,98,98
2772,CBCA203,100,100,100,90,91,100,97,98
2772,CBCA204,100,100,100,95,97,99,99,98
2773,CBCA201,74,60,72,71,59,59,66,69
2773,CBCA202,70,74,67,78,70,77,73,69
2773,CBCA203,71,71,75,73,65,67,70,69
2773,CBCA204,63,62,72,71,70,72,68,69
2774,CBCA201,76,68,77,79,73,80,76,76
2774,CBCA202,84,75,76,70,74,74,76,76
2774,CBCA203,68,72,67,65,83,80,73,76
2774,CBCA204,82,77,78,84,80,70,79,76
2775,CBCA201,55,61,58,62,60,57,59,57
2775,CBCA202,56,64,67,66,54,54,60,57
2775,CBCA203,48,63,55,54,58,61,57,57
2775,CBCA204,58,57,58,53,50,45,54,57
2776,CBCA201,11,7,15,4,8,12,10,10
2776,CBCA202,13,15,11,10,6,13,11,10
2776,CBCA203,8,9,20,11,5,7,10,10
2776,CBCA204,12,2,12,8,8,5,8,10
2777,CBCA201,84,95,93,94,89,89,91,92
2777,CBCA202,90,98,97,93,100,93,95,92
2777,CBCA203,93,87,89,82,93,100,91,92
2777,CBCA204,91,87,81,100,100,88,91,92
2778,CBCA201,65,58,65,65,58,57,61,63
2778,CBCA202,66,63,57,65,64,65,63,63
2778,CBCA203,66,59,58,63,60,63,62,63
2778,CBCA204,71,68,72,57,58,59,64,63
2779,CBCA201,94,100,95,89,86,92,93,91
2779,CBCA202,93,95,85,96,89,95,92,91
2779,CBCA203,88,90,81,91,88,88,88,91
2779,CBCA204,90,88,90,99,86,96,92,91
2780,CBCA201,85,75,88,82,85,90,84,81
2780,CBCA202,78,82,82,79,74,79,79,81
2780,CBCA203,87,87,81,86,76,87,84,81
2780,CBCA204,79,80,82,76,71,75,77,81
2781,CBCA201,71,77,65,66,72,73,71,72
2781,CBCA202,68,66,84,68,74,74,72,72
2781,CBCA203,67,64,69,70,71,70,69,72
2781,CBCA204,65,76,73,79,78,82,76,72
2782,CBCA201,59,57,65,54,56,64,59,59
2782,CBCA202,55,54,67,56,56,58,58,59
2782,CBCA203,57,62,47,55,64,63,58,59
2782,CBCA204,56,61,69,52,68,49,59,59
2783,CBCA201,78,72,68,72,69,76,73,76
2783,CBCA202,78,85,83,74,75,79,79,76
2783,CBCA203,83,69,72,78,84,76,77,76
2783,CBCA204,73,72,78,66,81,84,76,76
2784,CBCA201,65,72,67,59,70,61,66,65
2784,CBCA202,66,59,68,63,59,69,64,65
2784,CBCA203,65,70,66,63,65,60,65,65
2784,CBCA204,60,62,74,59,64,68,65,65
2785,CBCA201,94,99,96,93,98,98,96,97
2785,CBCA202,93,100,93,100,100,100,98,97
2785,CBCA203,99,96,92,100,93,93,96,97
2785,CBCA204,98,92,97,100,100,95,97,97
2786,CBCA201,90,97,88,92,84,91,90,88
2786,CBCA202,94,79,85,94,83,90,88,88
2786,CBCA203,82,82,95,90,93,86,88,88
2786,CBCA204,97,92,79,91,83,77,87,88
2787,CBCA201,96,93,95,93,84,86,91,93
2787,CBCA202,88,92,100,100,99,100,97,93
2787,CBCA203,90,90,85,99,87,96,91,93
2787,CBCA204,96,83,100,100,95,90,94,93
2788,CBCA201,12,14,11,6,12,14,12,12
2788,CBCA202,9,15,13,15,11,20,14,12
2788,CBCA203,11,14,1,11,10,22,12,12
2788,CBCA204,0,12,11,10,10,18,10,12
2789,CBCA201,89,87,91,95,85,86,89,87
2789,CBCA202,79,87,91,85,84,84,85,87
2789,CBCA203,87,87,94,93,87,79,88,87
2789,CBCA204,78,92,91,80,82,84,85,87
2790,CBCA201,88,72,74,83,77,78,79,81
2790,CBCA202,80,90,90,79,83,70,82,81
2790,CBCA203,77,76,91,88,73,81,81,81
2790,CBCA204,87,76,74,83,90,84,82,81
2791,CBCA201,65,59,69,61,61,66,64,66
2791,CBCA202,70,65,75,71,67,75,71,66
2791,CBCA203,69,63,70,62,68,64,66,66
2791,CBCA204,73,62,66,58,68,65,65,66
2792,CBCA201,74,78,76,72,64,71,73,72
2792,CBCA202,72,74,77,64,69,73,72,72
2792,CBCA203,67,81,67,71,67,74,71,72
2792,CBCA204,63,82,71,74,68,80,73,72
2793,CBCA201,14,10,16,11,14,20,14,18
2793,CBCA202,18,22,15,26,21,25,21,18
2793,CBCA203,23,15,20,19,21,24,20,18
2793,CBCA204,20,20,19,23,8,13,17,18
2794,CBCA201,69,70,67,81,66,71,71,73
2794,CBCA202,69,70,75,67,76,81,73,73
2794,CBCA203,73,76,77,74,69,78,75,73
2794,CBCA204,73,70,67,79,75,67,72,73
2795,CBCA201,52,59,47,41,52,51,50,50
2795,CBCA202,50,56,50,53,53,54,53,50
2795,CBCA203,50,47,50,45,50,40,47,50
2795,CBCA204,58,42,50,48,41,55,49,50
2796,CBCA201,77,85,84,80,83,93,84,86
2796,CBCA202,89,81,88,89,77,97,87,86
2796,CBCA203,84,85,86,87,85,86,86,86
2796,CBCA204,81,93,93,91,89,86,89,86
2797,CBCA201,90,92,84,88,87,84,88,88
2797,CBCA202,81,90,90,77,91,90,87,88
2797,CBCA203,95,87,81,98,86,84,89,88
2797,CBCA204,80,97,93,84,82,90,88,88
2798,CBCA201,64,63,61,63,49,57,60,58
2798,CBCA202,51,58,50,58,67,59,57,58
2798,CBCA203,64,62,59,59,49,50,57,58
2798,CBCA204,66,54,59,59,60,54,59,58
2799,CBCA201,37,44,29,44,39,33,38,39
2799,CBCA202,48,47,40,34,29,36,39,39
2799,CBCA203,28,40,44,33,31,47,37,39
2799,CBCA204,47,44,37,41,44,41,42,39
2800,CBCA201,79,77,85,82,82,74,80,76
2800,CBCA202,69,76,84,78,78,80,78,76
2800,CBCA203,75,69,68,68,87,67,72,76
2800,CBCA204,80,79,72,79,67,78,76,76
2801,CBCA201,59,54,64,57,59,62,59,58
2801,CBCA202,69,68,62,59,56,61,63,58
2801,CBCA203,60,51,48,55,61,49,54,58
2801,CBCA204,64,59,50,55,58,62,58,58
2802,CBCA201,81,77,75,85,73,82,79,79
2802,CBCA202,84,81,75,76,78,78,79,79
2802,CBCA203,87,84,72,75,87,72,80,79
2802,CBCA204,84,78,78,78,78,81,80,79
2803,CBCA201,89,88,100,96,93,99,94,97
2803,CBCA202,93,93,100,100,100,100,98,97
2803,CBCA203,89,99,100,100,99,100,98,97
2803,CBCA204,100,100,96,96,100,98,98,97
2804,CBCA201,100,100,100,96,99,87,97,96
2804,CBCA202,92,97,96,100,100,99,97,96
2804,CBCA203,90,87,92,100,97,97,94,96
2804,CBCA204,100,100,96,90,100,100,98,96
2805,CBCA201,48,61,51,53,58,49,53,54
2805,CBCA202,53,53,54,53,52,45,52,54
2805,CBCA203,52,61,56,61,59,52,57,54
2805,CBCA204,48,55,56,60,50,57,54,54
2806,CBCA201,71,68,69,63,79,66,69,71
2806,CBCA202,64,73,69,83,65,64,70,71
2806,CBCA203,76,71,72,81,71,76,75,71
2806,CBCA204,77,70,70,63,78,72,72,71
2807,CBCA201,73,85,86,71,83,85,81,80
2807,CBCA202,83,92,72,73,88,81,82,80
2807,CBCA203,86,91,72,80,71,80,80,80
2807,CBCA204,75,85,78,78,82,76,79,80
2808,CBCA201,79,78,81,85,84,83,82,83
2808,CBCA202,82,90,84,88,72,83,83,83
2808,CBCA203,83,79,88,92,91,70,84,83
2808,CBCA204,78,93,81,91,73,79,83,83
2809,CBCA201,84,84,81,85,90,93,86,84
2809,CBCA202,85,84,83,85,84,95,86,84
2809,CBCA203,80,84,88,87,80,85,84,84
2809,CBCA204,81,75,86,84,79,84,82,84
2810,CBCA201,89,89,94,83,93,91,90,86
2810,CBCA202,90,82,81,77,80,88,83,86
2810,CBCA203,92,88,87,88,90,77,87,86
2810,CBCA204,85,75,92,86,83,84,84,86
2811,CBCA201,71,69,74,78,73,77,74,73
2811,CBCA202,70,64,68,81,73,82,73,73
2811,CBCA203,76,82,78,71,74,77,76,73
2811,CBCA204,72,70,77,62,71,64,69,73
2812,CBCA201,15,12,12,10,14,15,13,16
2812,CBCA202,19,14,19,16,18,19,18,16
2812,CBCA203,18,20,9,16,19,9,15,16
2812,CBCA204,18,18,21,9,21,26,19,16
2813,CBCA201,73,75,83,68,74,77,75,75
2813,CBCA202,75,77,73,70,84,70,75,75
2813,CBCA203,82,73,67,70,81,86,77,75
2813,CBCA204,69,74,74,78,67,75,73,75
2814,CBCA201,34,31,20,24,29,23,27,28
2814,CBCA202,26,34,30,33,36,17,29,28
2814,CBCA203,17,30,30,18,28,26,25,28
2814,CBCA204,30,30,30,38,31,30,32,28
2815,CBCA201,100,97,86,84,90,90,91,92
2815,CBCA202,91,92,91,95,92,91,92,92
2815,CBCA203,90,87,100,97,86,96,93,92
2815,CBCA204,82,88,96,91,100,94,92,92
2816,CBCA201,84,75,76,81,71,75,77,79
2816,CBCA202,75,88,76,83,78,81,80,79
2816,CBCA203,82,85,86,72,69,77,79,79
2816,CBCA204,88,79,79,80,82,76,81,79
2817,CBCA201,52,51,61,56,50,56,54,56
2817,CBCA202,66,56,50,54,55,57,56,56
2817,CBCA203,56,53,63,54,54,52,55,56
2817,CBCA204,61,53,61,57,57,53,57,56
2818,CBCA201,79,76,70,75,71,75,74,73
2818,CBCA202,63,78,84,68,74,75,74,73
2818,CBCA203,68,79,65,68,76,66,70,73
2818,CBCA204,77,75,63,82,81,71,75,73
2819,CBCA201,14,7,26,23,13,12,16,15
2819,CBCA202,15,7,16,12,18,17,14,15
2819,CBCA203,14,16,17,9,12,23,15,15
2819,CBCA204,14,7,15,17,13,22,15,15
2820,CBCA201,55,59,61,65,50,60,58,58
2820,CBCA202,69,54,54,60,58,50,58,58
2820,CBCA203,65,60,61,66,64,57,62,58
2820,CBCA204,50,52,61,59,51,51,54,58
2821,CBCA201,77,72,58,66,62,67,67,70
2821,CBCA202,73,74,71,61,71,71,70,70
2821,CBCA203,75,67,76,72,70,74,72,70
2821,CBCA204,67,72,73,65,73,67,70,70
2822,CBCA201,51,48,53,47,53,53,51,50
2822,CBCA202,43,48,45,54,56,46,49,50
2822,CBCA203,42,56,49,42,57,48,49,50
2822,CBCA204,48,51,48,49,54,56,51,50
2823,CBCA201,54,49,62,47,47,52,52,54
2823,CBCA202,55,50,55,49,50,60,53,54
2823,CBCA203,55,47,63,50,51,59,54,54
2823,CBCA204,50,51,54,57,57,60,55,54
2824,CBCA201,79,72,85,78,85,70,78,77
2824,CBCA202,66,77,77,77,74,78,75,77
2824,CBCA203,78,77,82,75,73,79,77,77
2824,CBCA204,80,86,81,74,71,70,77,77
2825,CBCA201,21,15,31,27,24,29,25,25
2825,CBCA202,32,36,29,30,22,16,28,25
2825,CBCA203,22,19,21,32,22,20,23,25
2825,CBCA204,18,31,20,26,18,31,24,25
2826,CBCA201,32,31,23,24,24,17,25,24
2826,CBCA202,22,32,28,18,26,28,26,24
2826,CBCA203,24,25,24,24,12,22,22,24
2826,CBCA204,30,25,21,24,25,26,25,24
2827,CBCA201,47,64,58,58,55,56,56,54
2827,CBCA202,47,56,49,55,52,45,51,54
2827,CBCA203,55,55,54,62,58,50,56,54
2827,CBCA204,64,54,45,60,54,51,55,54
2828,CBCA201,29,23,20,15,16,21,21,22
2828,CBCA202,22,21,25,23,17,15,21,22
2828,CBCA203,24,27,23,20,24,30,25,22
2828,CBCA204,15,26,19,19,31,15,21,22
2829,CBCA201,100,91,89,92,92,94,93,93
2829,CBCA202,96,87,95,96,89,99,94,93
2829,CBCA203,92,96,92,84,90,92,91,93
2829,CBCA204,100,92,93,97,92,93,95,93
2830,CBCA201,48,58,53,62,55,48,54,53
2830,CBCA202,59,54,51,54,56,49,54,53
2830,CBCA203,58,54,55,60,49,54,55,53
2830,CBCA204,47,54,52,54,47,45,50,53
2831,CBCA201,78,75,88,73,82,83,80,83
2831,CBCA202,83,78,71,90,85,83,82,83
2831,CBCA203,90,85,91,72,83,78,83,83
2831,CBCA204,90,86,86,90,79,81,85,83
2832,CBCA201,61,50,62,52,53,47,54,55
2832,CBCA202,52,49,50,59,57,64,55,55
2832,CBCA203,55,65,64,57,52,48,57,55
2832,CBCA204,58,57,56,50,53,59,56,55
2833,CBCA201,55,58,44,55,52,43,51,52
2833,CBCA202,54,54,52,48,46,50,51,52
2833,CBCA203,53,47,60,49,52,54,53,52
2833,CBCA204,59,48,49,55,54,50,53,52
2834,CBCA201,56,54,62,65,52,59,58,57
2834,CBCA202,62,60,59,51,50,50,55,57
2834,CBCA203,52,50,65,61,51,63,57,57
2834,CBCA204,62,55,58,51,50,61,56,57
2835,CBCA201,69,67,63,66,68,62,66,65
2835,CBCA202,61,75,65,72,65,59,66,65
2835,CBCA203,72,67,73,71,56,61,67,65
2835,CBCA204,67,62,53,60,69,63,62,65
2836,CBCA201,62,69,60,67,63,73,66,62
2836,CBCA202,64,59,58,68,58,51,60,62
2836,CBCA203,53,57,64,61,62,59,59,62
2836,CBCA204,57,61,57,69,67,63,62,62
2837,CBCA201,54,47,53,50,52,40,49,49
2837,CBCA202,51,40,50,45,57,48,49,49
2837,CBCA203,48,40,39,49,45,53,46,49
2837,CBCA204,52,54,55,49,50,57,53,49
2838,CBCA201,61,76,70,74,62,78,70,69
2838,CBCA202,72,63,74,65,65,67,68,69
2838,CBCA203,67,68,65,67,63,77,68,69
2838,CBCA204,80,81,65,77,63,67,72,69
2839,CBCA201,70,59,73,64,60,76,67,68
2839,CBCA202,61,75,72,73,72,71,71,68
2839,CBCA203,69,71,59,69,68,63,67,68
2839,CBCA204,75,63,67,65,67,68,68,68
2840,CBCA201,78,75,82,76,78,78,78,81
2840,CBCA202,83,84,83,75,85,79,82,81
2840,CBCA203,87,84,87,81,74,82,83,81
2840,CBCA204,84,77,81,76,84,90,82,81
2841,CBCA201,86,84,74,83,85,81,82,79
2841,CBCA202,77,73,85,74,87,86,80,79
2841,CBCA203,69,75,76,80,72,84,76,79
2841,CBCA204,74,78,75,77,87,83,79,79
2842,CBCA201,82,77,74,85,75,85,80,84
2842,CBCA202,77,83,84,91,81,89,84,84
2842,CBCA203,84,90,79,88,92,78,85,84
2842,CBCA204,95,83,82,90,78,90,86,84
2843,CBCA201,29,32,41,30,25,37,32,33
2843,CBCA202,28,41,34,39,32,34,35,33
2843,CBCA203,26,37,30,31,37,38,33,33
2843,CBCA204,35,22,33,41,32,32,33,33
2844,CBCA201,76,76,77,83,73,76,77,76
2844,CBCA202,80,78,75,69,77,74,76,76
2844,CBCA203,73,81,78,74,73,78,76,76
2844,CBCA204,72,86,66,82,72,74,75,76
2845,CBCA201,82,84,79,89,78,77,82,80
2845,CBCA202,78,81,86,81,80,81,81,80
2845,CBCA203,87,86,72,77,73,75,78,80
2845,CBCA204,73,86,83,79,76,88,81,80
2846,CBCA201,95,83,94,91,93,80,89,88
2846,CBCA202,92,96,88,92,80,84,89,88
2846,CBCA203,93,86,81,93,84,88,88,88
2846,CBCA204,87,83,85,84,90,94,87,88
2847,CBCA201,93,90,100,95,98,93,95,95
2847,CBCA202,94,84,100,91,94,92,93,95
2847,CBCA203,100,93,95,96,100,95,97,95
2847,CBCA204,100,100,95,94,87,98,96,95
2848,CBCA201,97,93,83,90,87,84,89,88
2848,CBCA202,82,89,83,93,84,84,86,88
2848,CBCA203,92,94,90,84,92,87,90,88
2848,CBCA204,86,91,84,91,80,93,88,88
2849,CBCA201,55,53,61,65,58,57,58,58
2849,CBCA202,54,53,53,56,57,50,54,58
2849,CBCA203,58,59,56,57,61,69,60,58
2849,CBCA204,64,66,58,51,60,64,61,58
2850,CBCA201,26,19,25,21,23,24,23,28
2850,CBCA202,31,38,32,25,22,26,29,28
2850,CBCA203,34,28,33,26,24,38,31,28
2850,CBCA204,32,26,32,32,23,26,29,28
2851,CBCA201,83,88,90,86,90,93,88,90
2851,CBCA202,95,97,98,97,91,82,93,90
2851,CBCA203,91,94,83,92,89,92,90,90
2851,CBCA204,89,85,86,88,93,82,87,90
2852,CBCA201,87,90,96,88,88,88,90,87
2852,CBCA202,82,79,80,88,83,81,82,87
2852,CBCA203,81,91,85,78,91,93,87,87
2852,CBCA204,88,89,87,81,93,92,88,87
2853,CBCA201,82,83,73,72,73,72,76,74
2853,CBCA202,81,68,83,75,78,71,76,74
2853,CBCA203,68,81,76,69,64,66,71,74
2853,CBCA204,73,77,71,69,77,81,75,74
2854,CBCA201,99,100,96,96,100,100,99,98
2854,CBCA202,100,98,98,97,99,95,98,98
2854,CBCA203,89,98,99,93,89,100,95,98
2854,CBCA204,100,100,100,100,99,100,100,98
2855,CBCA201,49,53,44,48,46,48,48,45
2855,CBCA202,35,41,45,47,43,44,43,45
2855,CBCA203,45,49,46,52,54,45,49,45
2855,CBCA204,46,36,35,41,40,41,40,45
2856,CBCA201,51,53,52,57,50,51,52,52
2856,CBCA202,53,58,49,45,52,47,51,52
2856,CBCA203,59,53,49,58,60,52,55,52
2856,CBCA204,49,54,47,52,47,57,51,52
2857,CBCA201,67,55,68,66,66,71,66,66
2857,CBCA202,69,65,72,64,69,63,67,66
2857,CBCA203,60,72,71,61,66,64,66,66
2857,CBCA204,61,70,65,71,56,66,65,66
2858,CBCA201,72,71,69,72,64,79,71,74
2858,CBCA202,67,76,69,78,80,70,73,74
2858,CBCA203,78,75,81,71,80,76,77,74
2858,CBCA204,79,74,75,77,70,70,74,74
2859,CBCA201,67,62,64,67,68,60,65,66
2859,CBCA202,69,72,62,66,67,71,68,66
2859,CBCA203,59,64,66,63,71,72,66,66
2859,CBCA204,68,65,71,60,68,67,67,66
2860,CBCA201,82,67,72,84,71,75,75,74
2860,CBCA202,64,73,81,77,69,76,73,74
2860,CBCA203,67,69,83,83,71,72,74,74
2860,CBCA204,79,85,63,73,73,73,74,74
2861,CBCA201,40,33,38,33,30,32,34,33
2861,CBCA202,33,22,41,31,33,41,34,33
2861,CBCA203,23,33,34,25,31,29,29,33
2861,CBCA204,34,35,33,38,21,40,34,33
2862,CBCA201,80,89,83,99,82,92,88,86
2862,CBCA202,78,91,84,80,87,88,85,86
2862,CBCA203,84,78,90,81,88,86,85,86
2862,CBCA204,86,90,96,80,93,81,88,86
2863,CBCA201,52,47,59,55,62,52,55,55
2863,CBCA202,57,60,58,53,51,58,56,55
2863,CBCA203,57,51,53,53,59,54,55,55
2863,CBCA204,58,54,64,50,54,59,57,55
2864,CBCA201,71,83,78,71,76,73,75,80
2864,CBCA202,71,85,81,91,72,83,81,80
2864,CBCA203,82,88,87,73,85,83,83,80
2864,CBCA204,73,83,81,80,80,86,81,80
2865,CBCA201,100,89,99,89,90,88,93,93
2865,CBCA202,92,99,94,93,93,99,95,93
2865,CBCA203,93,97,97,96,96,91,95,93
2865,CBCA204,88,95,84,98,92,88,91,93
2866,CBCA201,79,89,80,89,78,92,85,83
2866,CBCA202,86,83,88,89,84,77,85,83
2866,CBCA203,80,81,90,81,86,73,82,83
2866,CBCA204,73,90,78,76,89,82,81,83
2867,CBCA201,59,54,56,50,55,52,54,54
2867,CBCA202,56,53,48,56,62,63,56,54
2867,CBCA203,49,47,58,52,62,50,53,54
2867,CBCA204,54,50,48,49,58,60,53,54
2868,CBCA201,86,90,94,90,85,85,88,91
2868,CBCA202,89,81,91,95,99,85,90,91
2868,CBCA203,98,92,89,92,95,90,93,91
2868,CBCA204,93,93,84,88,93,98,92,91
2869,CBCA201,12,6,0,0,0,0,3,3
2869,CBCA202,1,0,5,0,0,7,2,3
2869,CBCA203,3,0,0,10,5,8,4,3
2869,CBCA204,1,0,4,1,4,0,2,3
2870,CBCA201,88,88,96,92,96,100,93,93
2870,CBCA202,87,91,98,93,81,98,91,93
2870,CBCA203,89,100,94,96,94,98,95,93
2870,CBCA204,88,100,92,91,89,90,92,93
2871,CBCA201,99,100,100,100,100,96,99,98
2871,CBCA202,100,95,97,94,100,99,98,98
2871,CBCA203,91,100,94,100,100,97,97,98
2871,CBCA204,94,100,97,100,100,94,98,98
2872,CBCA201,100,90,97,96,96,89,95,92
2872,CBCA202,91,90,96,97,98,92,94,92
2872,CBCA203,83,86,93,93,95,86,89,92
2872,CBCA204,90,92,98,82,80,89,89,92
2873,CBCA201,64,71,69,61,55,67,65,62
2873,CBCA202,65,58,60,60,63,60,61,62
2873,CBCA203,57,64,59,62,70,56,61,62
2873,CBCA204,60,62,67,61,59,67,63,62
2874,CBCA201,52,57,48,54,52,59,54,57
2874,CBCA202,65,50,61,69,53,67,61,57
2874,CBCA203,53,54,64,53,57,54,56,57
2874,CBCA204,54,67,56,65,61,51,59,57
2875,CBCA201,73,77,85,77,79,83,79,77
2875,CBCA202,76,71,74,79,78,68,74,77
2875,CBCA203,76,77,76,78,83,81,79,77
2875,CBCA204,64,83,81,71,72,85,76,77
2876,CBCA201,61,60,58,57,63,50,58,54
2876,CBCA202,53,59,53,44,47,56,52,54
2876,CBCA203,57,45,54,66,60,46,55,54
2876,CBCA204,56,55,53,43,61,49,53,54
2877,CBCA201,61,56,49,53,55,58,55,53
2877,CBCA202,55,56,58,53,53,58,56,53
2877,CBCA203,64,54,50,48,64,48,55,53
2877,CBCA204,44,43,53,51,43,49,47,53
2878,CBCA201,32,33,35,40,31,41,35,34
2878,CBCA202,42,33,34,40,28,34,35,34
2878,CBCA203,34,32,34,25,35,30,32,34
2878,CBCA204,39,34,35,36,31,31,34,34
2879,CBCA201,90,80,79,89,88,90,86,90
2879,CBCA202,92,92,85,89,99,98,93,90
2879,CBCA203,83,93,95,82,95,97,91,90
2879,CBCA204,89,89,99,92,80,90,90,90
2880,CBCA201,73,76,59,75,65,63,69,67
2880,CBCA202,71,60,62,64,59,67,64,67
2880,CBCA203,65,67,67,66,72,67,67,67
2880,CBCA204,64,76,66,68,75,62,69,67
2881,CBCA201,86,80,83,75,86,91,84,83
2881,CBCA202,82,85,86,80,90,91,86,83
2881,CBCA203,84,88,76,79,73,78,80,83
2881,CBCA204,84,91,80,74,77,81,81,83
2882,CBCA201,84,84,79,77,87,85,83,81
2882,CBCA202,85,88,90,79,78,78,83,81
2882,CBCA203,72,75,81,85,75,81,78,81
2882,CBCA204,82,75,88,79,84,77,81,81
2883,CBCA201,86,80,89,83,88,86,85,86
2883,CBCA202,88,81,94,76,79,82,83,86
2883,CBCA203,88,88,91,85,92,87,89,86
2883,CBCA204,87,91,91,80,93,84,88,86
2884,CBCA201,83,84,66,80,79,85,80,79
2884,CBCA202,82,77,71,78,71,80,77,79
2884,CBCA203,73,88,74,84,75,85,80,79
2884,CBCA204,72,84,75,87,70,81,78,79
2885,CBCA201,83,82,86,88,83,93,86,87
2885,CBCA202,81,88,90,81,80,93,86,87
2885,CBCA203,79,99,79,90,87,86,87,87
2885,CBCA204,88,91,91,92,83,85,88,87
2886,CBCA201,24,24,34,25,20,23,25,25
2886,CBCA202,33,24,35,26,27,29,29,25
2886,CBCA203,15,16,33,31,25,26,24,25
2886,CBCA204,24,26,21,20,18,31,23,25
2887,CBCA201,80,75,70,71,77,84,76,76
2887,CBCA202,74,76,78,64,79,73,74,76
2887,CBCA203,73,78,80,72,68,81,75,76
2887,CBCA204,75,77,79,85,74,76,78,76
2888,CBCA201,98,100,98,95,100,94,98,98
2888,CBCA202,100,93,95,100,100,100,98,98
2888,CBCA203,100,100,100,88,98,100,98,98
2888,CBCA204,100,99,97,100,100,98,99,98
2889,CBCA201,56,60,68,60,52,57,59,59
2889,CBCA202,53,68,52,54,56,50,56,59
2889,CBCA203,64,57,53,54,58,52,56,59
2889,CBCA204,68,68,58,61,63,62,63,59
2890,CBCA201,66,66,59,67,64,73,66,66
2890,CBCA202,71,59,72,68,64,60,66,66
2890,CBCA203,61,64,70,57,72,69,66,66
2890,CBCA204,69,62,70,75,67,64,68,66
2891,CBCA201,74,75,71,81,73,76,75,78
2891,CBCA202,71,74,86,79,81,82,79,78
2891,CBCA203,86,87,81,84,87,86,85,78
2891,CBCA204,76,68,71,88,71,75,75,78
2892,CBCA201,60,67,62,70,61,70,65,65
2892,CBCA202,68,62,61,63,60,65,63,65
2892,CBCA203,69,67,74,72,56,61,67,65
2892,CBCA204,74,69,60,74,56,56,65,65
2893,CBCA201,77,72,72,78,65,78,74,74
2893,CBCA202,79,73,72,75,75,74,75,74
2893,CBCA203,65,79,84,76,68,74,74,74
2893,CBCA204,77,70,82,70,82,66,75,74
2894,CBCA201,81,79,75,85,73,72,78,79
2894,CBCA202,81,89,81,87,80,83,84,79
2894,CBCA203,85,88,75,79,73,76,79,79
2894,CBCA204,71,73,82,75,72,76,75,79
2895,CBCA201,86,88,82,93,77,84,85,84
2895,CBCA202,88,87,82,91,78,82,85,84
2895,CBCA203,82,90,92,80,80,80,84,84
2895,CBCA204,87,90,91,76,78,76,83,84
2896,CBCA201,99,94,91,95,90,88,93,89
2896,CBCA202,94,79,89,83,79,91,86,89
2896,CBCA203,83,85,88,86,95,89,88,89
2896,CBCA204,88,86,93,93,90,82,89,89
2897,CBCA201,64,54,59,58,57,64,59,63
2897,CBCA202,61,61,65,68,58,72,64,63
2897,CBCA203,65,66,58,60,62,70,64,63
2897,CBCA204,67,66,69,55,73,69,67,63
2898,CBCA201,75,74,84,83,83,71,78,79
2898,CBCA202,70,79,86,81,75,80,79,79
2898,CBCA203,85,87,78,73,81,73,80,79
2898,CBCA204,78,85,74,84,73,74,78,79
2899,CBCA201,21,22,36,23,33,21,26,26
2899,CBCA202,28,23,29,25,19,29,26,26
2899,CBCA203,35,30,19,20,30,29,27,26
2899,CBCA204,23,25,26,34,30,25,27,26
2900,CBCA201,92,82,87,78,77,84,83,85
2900,CBCA202,80,83,91,91,88,88,87,85
2900,CBCA203,84,87,85,89,90,78,86,85
2900,CBCA204,92,93,75,87,86,82,86,85
2901,CBCA201,77,83,78,67,73,84,77,79
2901,CBCA202,75,82,80,89,67,83,79,79
2901,CBCA203,84,77,81,84,73,79,80,79
2901,CBCA204,74,74,90,85,79,85,81,79
2902,CBCA201,0,8,0,7,9,4,5,5
2902,CBCA202,3,0,8,16,11,2,7,5
2902,CBCA203,3,5,9,0,9,5,5,5
2902,CBCA204,0,14,3,0,6,0,4,5
2903,CBCA201,55,38,38,43,40,53,45,44
2903,CBCA202,46,37,39,48,53,45,45,44
2903,CBCA203,42,50,36,39,40,50,43,44
2903,CBCA204,40,40,41,35,46,51,42,44
2904,CBCA201,57,55,61,56,55,49,56,56
2904,CBCA202,54,48,55,57,59,56,55,56
2904,CBCA203,57,55,49,62,51,59,56,56
2904,CBCA204,68,49,58,53,59,54,57,56
2905,CBCA201,56,51,52,51,57,58,54,53
2905,CBCA202,59,52,48,49,50,61,53,53
2905,CBCA203,51,50,53,56,51,52,52,53
2905,CBCA204,54,56,45,58,49,57,53,53
2906,CBCA201,86,83,80,81,96,79,84,84
2906,CBCA202,93,91,91,79,83,84,87,84
2906,CBCA203,86,84,86,87,83,83,85,84
2906,CBCA204,80,74,83,91,78,84,82,84
2907,CBCA201,82,98,95,84,88,79,88,89
2907,CBCA202,94,96,93,91,87,85,91,89
2907,CBCA203,85,93,84,86,91,91,88,89
2907,CBCA204,97,85,92,89,98,84,91,89
2908,CBCA201,77,81,71,69,78,73,75,76
2908,CBCA202,72,70,83,79,83,75,77,76
2908,CBCA203,85,78,82,73,77,68,77,76
2908,CBCA204,81,66,81,76,78,69,75,76
2909,CBCA201,79,85,83,75,73,81,79,80
2909,CBCA202,76,77,81,86,82,73,79,80
2909,CBCA203,73,84,77,82,82,83,80,80
2909,CBCA204,78,81,78,81,76,83,80,80
2910,CBCA201,58,56,52,56,61,58,57,57
2910,CBCA202,49,51,67,53,66,59,58,57
2910,CBCA203,60,51,53,59,54,62,57,57
2910,CBCA204,66,48,60,54,58,62,58,57
2911,CBCA201,68,77,65,77,72,68,71,70
2911,CBCA202,62,68,69,69,63,68,67,70
2911,CBCA203,71,67,69,72,79,72,72,70
2911,CBCA204,78,67,63,67,71,66,69,70
2912,CBCA201,67,58,76,61,71,62,66,67
2912,CBCA202,59,74,59,66,66,59,64,67
2912,CBCA203,58,67,68,76,63,67,67,67
2912,CBCA204,70,72,70,71,68,71,70,67
2913,CBCA201,17,30,16,26,22,20,22,24
2913,CBCA202,29,22,28,15,19,27,23,24
2913,CBCA203,30,19,31,33,22,35,28,24
2913,CBCA204,24,26,28,13,22,18,22,24
2914,CBCA201,7,7,17,16,7,11,11,9
2914,CBCA202,15,5,0,12,14,4,8,9
2914,CBCA203,5,19,18,15,0,12,12,9
2914,CBCA204,0,4,3,9,16,6,6,9
2915,CBCA201,66,77,83,81,76,83,78,79
2915,CBCA202,80,75,74,79,80,81,78,79
2915,CBCA203,74,86,82,85,77,80,81,79
2915,CBCA204,81,77,74,78,81,77,78,79
2916,CBCA201,67,65,73,68,64,76,69,68
2916,CBCA202,69,64,76,67,67,72,69,68
2916,CBCA203,64,65,62,76,68,76,69,68
2916,CBCA204,63,68,58,71,63,76,67,68
2917,CBCA201,67,66,69,75,67,68,69,67
2917,CBCA202,71,68,62,68,57,59,64,67
2917,CBCA203,64,68,68,75,76,59,68,67
2917,CBCA204,69,59,64,68,68,64,65,67
2918,CBCA201,58,70,68,66,70,73,68,67
2918,CBCA202,62,72,58,63,65,63,64,67
2918,CBCA203,70,75,62,76,67,71,70,67
2918,CBCA204,63,64,61,69,66,68,65,67
2919,CBCA201,77,67,78,75,83,76,76,74
2919,CBCA202,80,71,72,67,73,80,74,74
2919,CBCA203,69,76,67,78,70,71,72,74
2919,CBCA204,63,73,80,75,78,75,74,74
2920,CBCA201,36,43,34,40,43,36,39,36
2920,CBCA202,33,31,38,36,31,34,34,36
2920,CBCA203,39,25,33,36,31,37,34,36
2920,CBCA204,42,45,31,32,46,39,39,36
2921,CBCA201,96,81,91,87,99,87,90,88
2921,CBCA202,83,84,93,93,84,90,88,88
2921,CBCA203,96,85,93,90,83,83,88,88
2921,CBCA204,88,78,92,92,77,92,87,88
2922,CBCA201,47,43,30,46,42,37,41,39
2922,CBCA202,34,36,29,43,29,41,35,39
2922,CBCA203,42,36,46,42,37,40,41,39
2922,CBCA204,35,46,40,36,44,36,40,39
2923,CBCA201,29,33,28,20,34,26,28,29
2923,CBCA202,23,32,30,25,38,30,30,29
2923,CBCA203,30,31,22,37,19,36,29,29
2923,CBCA204,31,27,33,21,29,24,28,29
2924,CBCA201,81,68,68,78,77,69,74,74
2924,CBCA202,79,75,74,68,83,75,76,74
2924,CBCA203,79,76,78,70,69,78,75,74
2924,CBCA204,66,78,75,75,67,75,73,74
2925,CBCA201,93,84,89,91,97,89,91,88
2925,CBCA202,82,93,90,85,83,82,86,88
2925,CBCA203,83,92,94,77,75,92,86,88
2925,CBCA204,82,97,90,83,93,84,88,88
2926,CBCA201,36,43,46,41,51,32,42,41
2926,CBCA202,43,33,42,39,48,35,40,41
2926,CBCA203,41,46,46,45,43,38,43,41
2926,CBCA204,38,45,41,47,31,40,40,41
2927,CBCA201,100,100,98,93,95,88,96,94
2927,CBCA202,98,100,88,96,95,97,96,94
2927,CBCA203,95,85,93,95,96,94,93,94
2927,CBCA204,100,100,85,92,88,88,92,94
2928,CBCA201,64,63,57,61,60,67,62,64
2928,CBCA202,56,74,58,62,66,64,63,64
2928,CBCA203,59,64,67,64,69,68,65,64
2928,CBCA204,58,72,67,66,68,68,67,64
2929,CBCA201,54,54,60,56,44,53,54,53
2929,CBCA202,50,49,57,53,50,57,53,53
2929,CBCA203,56,50,56,55,47,57,54,53
2929,CBCA204,53,54,56,52,47,55,53,53
2930,CBCA201,91,100,95,100,89,97,95,94
2930,CBCA202,94,100,94,89,100,86,94,94
2930,CBCA203,97,91,97,88,90,95,93,94
2930,CBCA204,91,94,100,100,88,91,94,94
2931,CBCA201,66,78,63,72,75,66,70,73
2931,CBCA202,73,75,77,68,74,70,73,73
2931,CBCA203,73,76,84,76,64,71,74,73
2931,CBCA204,74,70,70,71,76,80,74,73
2932,CBCA201,42,53,57,54,49,53,51,50
2932,CBCA202,48,51,52,57,54,46,51,50
2932,CBCA203,53,51,47,54,48,43,49,50
2932,CBCA204,41,52,44,52,48,47,47,50
2933,CBCA201,44,45,54,57,56,62,53,53
2933,CBCA202,50,49,47,56,62,49,52,53
2933,CBCA203,50,58,57,62,56,53,56,53
2933,CBCA204,49,57,49,50,56,48,52,53
2934,CBCA201,76,68,67,72,84,72,73,77
2934,CBCA202,80,86,74,79,83,86,81,77
2934,CBCA203,76,72,78,70,74,78,75,77
2934,CBCA204,81,73,78,87,84,76,80,77
2935,CBCA201,73,58,67,72,68,71,68,65
2935,CBCA202,63,67,59,70,62,66,65,65
2935,CBCA203,67,68,68,62,61,66,65,65
2935,CBCA204,61,68,56,59,58,78,63,65
2936,CBCA201,0,7,0,0,0,3,2,2
2936,CBCA202,4,4,4,8,6,0,4,2
2936,CBCA203,0,6,4,0,2,2,2,2
2936,CBCA204,0,0,0,1,0,0,0,2
2937,CBCA201,50,47,52,47,56,43,49,52
2937,CBCA202,49,54,55,53,53,49,52,52
2937,CBCA203,55,55,55,56,54,51,54,52
2937,CBCA204,46,50,42,58,62,55,52,52
2938,CBCA201,3,17,15,16,8,4,11,10
2938,CBCA202,7,12,9,11,5,11,9,10
2938,CBCA203,13,7,15,7,9,3,9,10
2938,CBCA204,2,19,13,13,17,8,12,10
2939,CBCA201,68,60,62,54,75,71,65,64
2939,CBCA202,63,67,68,62,70,57,65,64
2939,CBCA203,62,60,63,68,62,63,63,64
2939,CBCA204,55,69,65,62,66,67,64,64
2940,CBCA201,22,21,28,30,24,21,24,22
2940,CBCA202,17,17,25,12,14,26,19,22
2940,CBCA203,28,26,14,29,12,28,23,22
2940,CBCA204,26,22,23,17,13,24,21,22
2941,CBCA201,34,24,33,34,21,30,29,32
2941,CBCA202,37,37,32,27,33,42,35,32
2941,CBCA203,42,24,36,30,38,30,33,32
2941,CBCA204,35,32,22,39,37,28,32,32
2942,CBCA201,71,77,67,67,78,68,71,72
2942,CBCA202,63,71,75,79,71,69,71,72
2942,CBCA203,65,71,71,79,63,83,72,72
2942,CBCA204,77,79,73,78,65,77,75,72
2943,CBCA201,52,49,45,47,51,52,49,51
2943,CBCA202,45,49,45,64,49,46,50,51
2943,CBCA203,50,52,58,51,48,60,53,51
2943,CBCA204,55,56,54,50,46,52,52,51
2944,CBCA201,55,48,47,50,47,52,50,51
2944,CBCA202,54,55,45,62,57,47,53,51
2944,CBCA203,52,53,49,50,49,43,49,51
2944,CBCA204,52,51,54,51,55,49,52,51
2945,CBCA201,76,76,76,69,79,75,75,75
2945,CBCA202,76,65,84,73,69,84,75,75
2945,CBCA203,71,79,71,76,82,69,75,75
2945,CBCA204,73,81,77,69,81,76,76,75
2946,CBCA201,82,78,85,77,92,88,84,82
2946,CBCA202,79,82,82,83,85,81,82,82
2946,CBCA203,86,83,73,81,87,81,82,82
2946,CBCA204,85,82,83,82,83,78,82,82
2947,CBCA201,88,100,94,100,95,97,96,96
2947,CBCA202,92,100,92,98,100,100,97,96
2947,CBCA203,93,100,96,98,100,93,97,96
2947,CBCA204,100,100,94,93,92,100,97,96
2948,CBCA201,87,86,89,82,83,85,85,88
2948,CBCA202,93,84,93,77,89,85,87,88
2948,CBCA203,92,90,80,93,83,87,88,88
2948,CBCA204,98,85,98,91,97,88,93,88
2949,CBCA201,77,71,78,78,76,76,76,74
2949,CBCA202,76,75,71,81,72,73,75,74
2949,CBCA203,79,70,65,80,71,79,74,74
2949,CBCA204,73,67,71,70,74,81,73,74
2950,CBCA201,77,69,80,74,80,71,75,75
2950,CBCA202,85,73,76,84,66,69,76,75
2950,CBCA203,73,79,73,76,69,76,74,75
2950,CBCA204,82,77,74,75,80,67,76,75
2951,CBCA201,91,84,90,94,87,92,90,87
2951,CBCA202,77,94,85,87,82,81,84,87
2951,CBCA203,83,79,91,92,94,78,86,87
2951,CBCA204,90,88,91,82,91,84,88,87
2952,CBCA201,26,18,21,22,13,19,20,22
2952,CBCA202,21,24,29,13,22,25,22,22
2952,CBCA203,22,20,23,14,32,17,21,22
2952,CBCA204,24,31,24,29,21,18,25,22
2953,CBCA201,68,85,78,81,82,79,79,79
2953,CBCA202,68,84,77,84,86,79,80,79
2953,CBCA203,77,85,83,84,83,85,83,79
2953,CBCA204,77,80,75,71,75,70,75,79
2954,CBCA201,71,82,81,83,81,75,79,79
2954,CBCA202,72,78,85,80,74,81,78,79
2954,CBCA203,78,78,79,77,81,84,80,79
2954,CBCA204,87,84,77,81,73,79,80,79
2955,CBCA201,65,72,74,74,61,76,70,68
2955,CBCA202,73,62,64,75,78,66,70,68
2955,CBCA203,66,79,77,66,61,62,69,68
2955,CBCA204,68,64,68,68,65,58,65,68
2956,CBCA201,73,68,66,67,64,64,67,67
2956,CBCA202,67,70,69,65,61,64,66,67
2956,CBCA203,64,69,70,71,70,76,70,67
2956,CBCA204,78,59,63,75,60,66,67,67
2957,CBCA201,86,99,90,95,100,83,92,94
2957,CBCA202,92,95,100,96,90,92,94,94
2957,CBCA203,89,85,100,93,92,100,93,94
2957,CBCA204,96,93,99,93,100,97,96,94
2958,CBCA201,71,66,65,68,66,67,67,66
2958,CBCA202,55,63,70,68,70,55,64,66
2958,CBCA203,69,70,69,73,67,77,71,66
2958,CBCA204,61,65,60,71,56,72,64,66
2959,CBCA201,66,79,67,78,67,73,72,75
2959,CBCA202,80,73,70,78,77,75,76,75
2959,CBCA203,76,77,70,82,72,81,76,75
2959,CBCA204,80,78,76,77,66,76,76,75
2960,CBCA201,71,65,52,62,71,73,66,61
2960,CBCA202,63,68,52,59,54,60,59,61
2960,CBCA203,52,51,63,62,64,66,60,61
2960,CBCA204,64,59,65,61,62,55,61,61
2961,CBCA201,12,0,8,13,8,9,8,8
2961,CBCA202,3,10,7,11,4,10,8,8
2961,CBCA203,13,5,9,7,11,2,8,8
2961,CBCA204,6,2,16,17,6,2,8,8
2962,CBCA201,98,89,100,100,100,99,98,97
2962,CBCA202,93,95,99,94,96,100,96,97
2962,CBCA203,95,100,100,91,90,100,96,97
2962,CBCA204,100,97,93,92,100,100,97,97
2963,CBCA201,66,69,75,73,71,66,70,65
2963,CBCA202,65,58,58,62,58,63,61,65
2963,CBCA203,72,65,59,64,69,63,65,65
2963,CBCA204,66,61,63,57,68,57,62,65
2964,CBCA201,88,87,93,81,96,87,89,89
2964,CBCA202,93,89,92,91,80,88,89,89
2964,CBCA203,91,91,89,88,93,88,90,89
2964,CBCA204,94,80,89,89,84,84,87,89
2965,CBCA201,51,54,58,55,57,50,54,57
2965,CBCA202,63,55,53,63,51,54,57,57
2965,CBCA203,49,58,64,65,54,70,60,57
2965,CBCA204,62,56,61,58,49,62,58,57
2966,CBCA201,42,43,36,42,31,46,40,42
2966,CBCA202,47,35,42,41,43,42,42,42
2966,CBCA203,41,41,44,39,42,41,41,42
2966,CBCA204,48,42,36,42,41,50,43,42
2967,CBCA201,8,10,10,16,9,15,11,9
2967,CBCA202,10,6,12,4,12,13,10,9
2967,CBCA203,3,5,17,12,0,8,8,9
2967,CBCA204,16,2,12,14,2,11,10,9
2968,CBCA201,64,60,71,69,65,74,67,66
2968,CBCA202,70,60,72,63,69,71,68,66
2968,CBCA203,60,74,61,64,74,55,65,66
2968,CBCA204,67,69,61,77,64,58,66,66
2969,CBCA201,61,67,64,53,62,65,62,63
2969,CBCA202,69,58,66,59,65,67,64,63
2969,CBCA203,60,64,65,58,67,63,63,63
2969,CBCA204,60,70,59,68,67,64,65,63
2970,CBCA201,83,83,71,73,75,71,76,79
2970,CBCA202,81,83,72,76,72,86,78,79
2970,CBCA203,81,87,81,82,84,81,83,79
2970,CBCA204,74,82,82,81,85,73,80,79
2971,CBCA201,94,93,82,87,81,86,87,88
2971,CBCA202,87,92,93,84,86,82,87,88
2971,CBCA203,94,85,88,93,81,88,88,88
2971,CBCA204,89,91,92,96,86,88,90,88
2972,CBCA201,71,69,57,68,66,68,67,63
2972,CBCA202,57,67,65,63,63,63,63,63
2972,CBCA203,57,57,59,67,63,67,62,63
2972,CBCA204,64,70,65,60,62,54,63,63
2973,CBCA201,24,23,38,35,33,36,32,30
2973,CBCA202,30,32,27,29,36,38,32,30
2973,CBCA203,30,19,21,33,20,27,25,30
2973,CBCA204,32,21,37,32,25,35,30,30
2974,CBCA201,90,76,86,85,75,82,82,83
2974,CBCA202,75,84,88,83,86,84,83,83
2974,CBCA203,92,81,82,85,82,77,83,83
2974,CBCA204,85,84,75,79,91,84,83,83
2975,CBCA201,57,61,58,70,68,58,62,59
2975,CBCA202,66,57,59,61,57,56,59,59
2975,CBCA203,58,64,55,59,53,58,58,59
2975,CBCA204,60,54,53,56,65,61,58,59
2976,CBCA201,11,21,13,9,14,10,13,13
2976,CBCA202,13,14,15,10,8,11,12,13
2976,CBCA203,11,17,12,10,16,13,13,13
2976,CBCA204,6,4,16,7,25,24,14,13
2977,CBCA201,62,66,67,67,71,73,68,66
2977,CBCA202,55,62,72,58,61,67,63,66
2977,CBCA203,64,75,73,69,63,59,67,66
2977,CBCA204,65,60,74,76,68,62,68,66
2978,CBCA201,41,38,40,46,43,27,39,38
2978,CBCA202,31,36,40,36,35,36,36,38
2978,CBCA203,39,40,34,30,40,33,36,38
2978,CBCA204,40,39,41,41,47,41,42,38
2979,CBCA201,64,62,65,53,52,61,60,59
2979,CBCA202,55,61,54,61,62,60,59,59
2979,CBCA203,58,63,60,66,57,62,61,59
2979,CBCA204,54,59,54,58,59,58,57,59
2980,CBCA201,28,31,23,15,20,23,23,25
2980,CBCA202,22,24,27,26,34,24,26,25
2980,CBCA203,30,34,31,24,17,24,27,25
2980,CBCA204,19,18,26,24,18,30,23,25
2981,CBCA201,68,71,57,71,59,69,66,64
2981,CBCA202,72,68,70,57,61,67,66,64
2981,CBCA203,58,63,66,62,61,59,62,64
2981,CBCA204,66,66,59,61,67,68,65,64
2982,CBCA201,61,55,71,54,68,55,61,60
2982,CBCA202,60,65,59,63,57,57,60,60
2982,CBCA203,57,63,65,68,65,59,63,60
2982,CBCA204,57,63,57,61,57,53,58,60
2983,CBCA201,52,43,53,49,58,55,52,51
2983,CBCA202,52,57,47,45,45,59,51,51
2983,CBCA203,44,50,53,60,50,49,51,51
2983,CBCA204,47,54,51,50,59,49,52,51
2984,CBCA201,72,74,77,78,75,76,75,78
2984,CBCA202,77,84,86,83,68,77,79,78
2984,CBCA203,81,77,82,81,70,84,79,78
2984,CBCA204,80,81,76,77,75,74,77,78
2985,CBCA201,96,100,97,89,100,100,97,95
2985,CBCA202,100,90,96,100,100,98,97,95
2985,CBCA203,91,90,100,91,91,94,93,95
2985,CBCA204,94,92,87,94,92,87,91,95
2986,CBCA201,94,99,98,100,91,100,97,97
2986,CBCA202,99,94,99,100,97,94,97,97
2986,CBCA203,89,100,100,94,93,99,96,97
2986,CBCA204,98,100,97,96,98,100,98,97
2987,CBCA201,90,87,80,88,93,94,89,89
2987,CBCA202,86,85,93,85,80,91,87,89
2987,CBCA203,84,92,93,92,79,97,90,89
2987,CBCA204,93,93,88,90,97,83,91,89
2988,CBCA201,44,46,40,42,37,46,43,44
2988,CBCA202,45,46,46,46,48,34,44,44
2988,CBCA203,36,49,37,44,44,52,44,44
2988,CBCA204,38,43,52,46,48,41,45,44
2989,CBCA201,80,78,85,81,82,88,82,83
2989,CBCA202,81,89,88,77,78,88,84,83
2989,CBCA203,84,91,78,87,91,77,85,83
2989,CBCA204,90,78,82,75,88,76,82,83
2990,CBCA201,76,77,87,89,86,85,83,84
2990,CBCA202,94,79,81,86,93,77,85,84
2990,CBCA203,83,88,88,83,76,78,83,84
2990,CBCA204,87,84,87,82,85,82,85,84
2991,CBCA201,76,65,69,82,73,77,74,72
2991,CBCA202,76,79,65,80,62,77,73,72
2991,CBCA203,67,78,61,70,69,74,70,72
2991,CBCA204,61,71,77,70,68,76,71,72
2992,CBCA201,65,63,67,71,67,73,68,68
2992,CBCA202,60,73,66,66,75,72,69,68
2992,CBCA203,73,71,62,63,66,65,67,68
2992,CBCA204,69,77,71,70,64,67,70,68
2993,CBCA201,100,100,100,100,99,100,100,99
2993,CBCA202,100,100,98,94,97,95,97,99
2993,CBCA203,93,100,100,97,99,100,98,99
2993,CBCA204,97,100,100,100,96,100,99,99
2994,CBCA201,84,90,92,90,93,84,89,90
2994,CBCA202,89,86,84,97,96,93,91,90
2994,CBCA203,83,86,89,83,92,90,87,90
2994,CBCA204,95,95,98,89,91,84,92,90
2995,CBCA201,76,64,69,79,81,76,74,75
2995,CBCA202,74,81,72,62,82,76,75,75
2995,CBCA203,78,76,71,78,77,80,77,75
2995,CBCA204,74,74,75,65,78,82,75,75
2996,CBCA201,11,10,17,0,4,0,7,6
2996,CBCA202,0,4,15,13,12,5,8,6
2996,CBCA203,2,5,9,3,2,6,5,6
2996,CBCA204,0,13,7,4,4,6,6,6
2997,CBCA201,75,73,77,87,80,89,80,82
2997,CBCA202,77,75,80,80,80,73,78,82
2997,CBCA203,84,87,84,89,81,86,85,82
2997,CBCA204,80,94,80,83,91,82,85,82
2998,CBCA201,55,53,63,63,54,58,58,57
2998,CBCA202,58,59,59,53,47,59,56,57
2998,CBCA203,46,58,61,49,67,52,56,57
2998,CBCA204,64,53,49,64,56,59,58,57
2999,CBCA201,94,93,97,92,88,88,92,89
2999,CBCA202,82,88,93,97,89,80,88,89
2999,CBCA203,91,98,88,87,89,80,89,89
2999,CBCA204,84,94,83,90,90,84,88,89
3000,CBCA201,0,0,5,11,0,0,3,2
3000,CBCA202,2,0,0,7,3,4,3,2
3000,CBCA203,3,0,5,0,0,9,3,2
3000,CBCA204,2,3,0,3,0,0,1,2
3001,CBCA201,24,14,21,23,23,17,20,20
3001,CBCA202,23,24,15,20,14,18,19,20
3001,CBCA203,26,22,28,13,15,22,21,20
3001,CBCA204,29,22,23,17,24,12,21,20
3002,CBCA201,84,90,90,95,83,94,89,88
3002,CBCA202,83,82,87,87,79,89,85,88
3002,CBCA203,89,85,94,94,83,89,89,88
3002,CBCA204,87,89,89,84,86,93,88,88
3003,CBCA201,40,38,38,37,45,35,39,41
3003,CBCA202,52,36,46,42,38,48,44,41
3003,CBCA203,43,44,46,32,34,42,40,41
3003,CBCA204,38,45,35,44,38,48,41,41
3004,CBCA201,74,66,69,63,73,58,67,70
3004,CBCA202,72,78,64,61,70,65,68,70
3004,CBCA203,75,79,67,79,70,74,74,70
3004,CBCA204,69,70,75,76,64,69,71,70
3005,CBCA201,45,53,43,48,44,43,46,47
3005,CBCA202,45,52,42,45,46,50,47,47
3005,CBCA203,45,55,48,51,43,40,47,47
3005,CBCA204,44,43,49,55,47,40,46,47
3006,CBCA201,23,31,27,26,34,28,28,30
3006,CBCA202,29,39,28,31,38,37,34,30
3006,CBCA203,33,31,26,30,33,25,30,30
3006,CBCA204,27,32,31,28,31,33,30,30
3007,CBCA201,75,69,69,61,73,67,69,69
3007,CBCA202,71,66,67,71,65,72,69,69
3007,CBCA203,72,62,58,63,74,68,66,69
3007,CBCA204,77,72,69,78,61,68,71,69
3008,CBCA201,92,86,78,90,91,88,88,86
3008,CBCA202,85,81,95,86,90,84,87,86
3008,CBCA203,94,82,85,85,79,78,84,86
3008,CBCA204,86,86,85,89,83,83,85,86
3009,CBCA201,87,93,89,83,81,86,87,87
3009,CBCA202,94,88,86,92,94,90,91,87
3009,CBCA203,79,84,87,87,85,80,84,87
3009,CBCA204,88,87,90,86,82,85,86,87
3010,CBCA201,26,11,22,20,16,25,20,21
3010,CBCA202,25,14,19,17,25,21,20,21
3010,CBCA203,16,19,17,30,28,15,21,21
3010,CBCA204,28,30,22,21,22,24,25,21
3011,CBCA201,65,46,54,53,59,53,55,56
3011,CBCA202,53,58,52,44,51,59,53,56
3011,CBCA203,59,51,59,58,50,60,56,56
3011,CBCA204,61,57,57,54,62,59,58,56
3012,CBCA201,44,43,57,52,44,53,49,49
3012,CBCA202,44,54,52,51,51,51,51,49
3012,CBCA203,47,48,52,49,54,52,50,49
3012,CBCA204,49,51,48,49,41,50,48,49
3013,CBCA201,79,67,69,73,62,69,70,69
3013,CBCA202,66,59,66,64,67,73,66,69
3013,CBCA203,59,69,63,76,72,71,68,69
3013,CBCA204,70,64,79,68,71,77,72,69
3014,CBCA201,79,86,85,73,85,71,80,80
3014,CBCA202,76,85,77,77,84,74,79,80
3014,CBCA203,76,86,76,85,77,91,82,80
3014,CBCA204,86,85,78,77,80,79,81,80
3015,CBCA201,56,59,60,54,56,62,58,59
3015,CBCA202,52,64,55,55,53,66,58,59
3015,CBCA203,59,60,53,62,59,59,59,59
3015,CBCA204,56,62,59,70,57,62,61,59
3016,CBCA201,70,84,75,85,80,74,78,80
3016,CBCA202,76,80,85,85,78,80,81,80
3016,CBCA203,88,79,82,78,79,77,81,80
3016,CBCA204,77,76,86,79,84,73,79,80
3017,CBCA201,18,26,9,20,19,16,18,17
3017,CBCA202,12,18,19,26,15,20,18,17
3017,CBCA203,25,9,13,12,18,23,17,17
3017,CBCA204,18,17,9,16,15,17,15,17
3018,CBCA201,76,73,75,92,83,73,79,81
3018,CBCA202,81,75,78,85,78,76,79,81
3018,CBCA203,82,76,87,85,82,81,82,81
3018,CBCA204,84,88,89,80,86,87,86,81
3019,CBCA201,15,12,22,25,25,16,19,19
3019,CBCA202,19,19,26,21,18,12,19,19
3019,CBCA203,11,22,11,20,13,19,16,19
3019,CBCA204,26,23,23,20,21,19,22,19
3020,CBCA201,91,100,97,100,96,100,97,97
3020,CBCA202,99,90,93,97,91,100,95,97
3020,CBCA203,95,100,100,100,94,100,98,97
3020,CBCA204,99,100,100,89,100,100,98,97
3021,CBCA201,53,60,69,67,56,60,61,64
3021,CBCA202,63,70,57,73,60,66,65,64
3021,CBCA203,69,66,60,61,69,62,65,64
3021,CBCA204,64,66,64,68,71,54,65,64
3022,CBCA201,14,9,7,14,9,4,10,7
3022,CBCA202,0,0,9,6,14,2,5,7
3022,CBCA203,12,11,4,14,4,1,8,7
3022,CBCA204,8,9,0,11,9,3,7,7
3023,CBCA201,30,18,24,25,25,29,25,24
3023,CBCA202,18,33,24,18,20,25,23,24
3023,CBCA203,27,26,12,25,23,13,21,24
3023,CBCA204,21,32,21,27,28,26,26,24
3024,CBCA201,25,25,16,17,24,19,21,21
3024,CBCA202,21,21,18,24,29,14,21,21
3024,CBCA203,19,21,20,18,20,23,20,21
3024,CBCA204,14,26,23,16,23,29,22,21
3025,CBCA201,21,23,30,29,17,30,25,23
3025,CBCA202,12,23,25,21,15,30,21,23
3025,CBCA203,14,20,16,28,29,29,23,23
3025,CBCA204,19,31,13,27,21,23,22,23
3026,CBCA201,9,13,14,0,12,4,9,8
3026,CBCA202,7,10,6,12,11,13,10,8
3026,CBCA203,7,5,4,13,13,11,9,8
3026,CBCA204,10,0,1,7,8,7,6,8
3027,CBCA201,100,91,99,91,93,92,94,96
3027,CBCA202,100,95,100,94,100,96,98,96
3027,CBCA203,99,100,92,97,90,95,96,96
3027,CBCA204,95,100,100,92,95,99,97,96
3028,CBCA201,23,22,16,21,34,27,24,24
3028,CBCA202,19,30,21,27,30,21,25,24
3028,CBCA203,29,22,32,19,19,19,23,24
3028,CBCA204,28,20,22,29,27,28,26,24
3029,CBCA201,84,94,92,96,88,81,89,89
3029,CBCA202,93,87,92,80,89,96,90,89
3029,CBCA203,80,94,86,96,92,86,89,89
3029,CBCA204,88,89,91,87,96,84,89,89
3030,CBCA201,85,90,89,98,93,93,91,92
3030,CBCA202,96,100,81,90,88,94,92,92
3030,CBCA203,93,100,87,100,93,98,95,92
3030,CBCA204,99,86,88,91,94,91,92,92
3031,CBCA201,70,66,71,76,63,64,68,67
3031,CBCA202,61,71,70,60,67,65,66,67
3031,CBCA203,68,62,62,68,74,61,66,67
3031,CBCA204,68,59,68,67,74,72,68,67
3032,CBCA201,57,48,48,55,50,53,52,53
3032,CBCA202,63,52,56,52,55,51,55,53
3032,CBCA203,56,64,52,50,56,47,54,53
3032,CBCA204,56,48,50,54,50,54,52,53
3033,CBCA201,82,85,91,84,92,91,88,87
3033,CBCA202,94,75,82,84,82,86,84,87
3033,CBCA203,96,87,86,82,83,94,88,87
3033,CBCA204,91,89,95,85,81,80,87,87
3034,CBCA201,88,76,76,90,77,80,81,82
3034,CBCA202,88,75,78,76,84,84,81,82
3034,CBCA203,85,77,80,85,77,85,82,82
3034,CBCA204,81,90,72,92,88,90,86,82
3035,CBCA201,23,30,27,37,25,33,29,30
3035,CBCA202,28,25,37,20,27,26,27,30
3035,CBCA203,36,36,34,27,29,32,32,30
3035,CBCA204,24,38,34,27,33,38,32,30
3036,CBCA201,25,13,21,26,21,20,21,23
3036,CBCA202,27,28,27,24,26,22,26,23
3036,CBCA203,25,16,18,16,15,28,20,23
3036,CBCA204,25,26,31,21,17,25,24,23
3037,CBCA201,34,35,40,38,28,27,34,34
3037,CBCA202,38,34,33,31,29,40,34,34
3037,CBCA203,29,40,28,33,34,44,35,34
3037,CBCA204,30,34,33,35,24,36,32,34
3038,CBCA201,87,78,87,89,93,91,88,87
3038,CBCA202,84,87,86,85,88,86,86,87
3038,CBCA203,96,82,91,97,87,77,88,87
3038,CBCA204,82,87,90,88,81,78,84,87
3039,CBCA201,100,89,88,86,95,94,92,93
3039,CBCA202,97,98,100,92,95,97,97,93
3039,CBCA203,100,86,90,99,88,95,93,93
3039,CBCA204,95,99,96,83,91,89,92,93
3040,CBCA201,70,71,75,71,77,70,72,70
3040,CBCA202,72,62,74,64,61,67,67,70
3040,CBCA203,67,76,65,78,66,75,71,70
3040,CBCA204,75,70,66,68,70,60,68,70
3041,CBCA201,84,83,88,88,88,85,86,89
3041,CBCA202,95,93,92,87,87,93,91,89
3041,CBCA203,96,87,89,96,88,90,91,89
3041,CBCA204,88,86,89,84,89,89,88,89
3042,CBCA201,89,87,81,98,81,87,87,89
3042,CBCA202,91,88,91,90,87,94,90,89
3042,CBCA203,82,92,95,86,91,80,88,89
3042,CBCA204,89,94,97,97,89,86,92,89
3043,CBCA201,20,28,16,20,22,20,21,21
3043,CBCA202,25,11,26,24,19,15,20,21
3043,CBCA203,31,27,17,21,23,13,22,21
3043,CBCA204,17,27,21,10,22,24,20,21
3044,CBCA201,42,55,54,53,51,52,51,53
3044,CBCA202,50,45,55,57,56,59,54,53
3044,CBCA203,54,52,54,50,55,46,52,53
3044,CBCA204,61,51,60,52,56,50,55,53
3045,CBCA201,93,85,93,87,88,94,90,91
3045,CBCA202,79,89,87,100,90,89,89,91
3045,CBCA203,97,97,94,92,90,90,93,91
3045,CBCA204,92,92,94,93,92,92,93,91
3046,CBCA201,80,81,76,95,76,85,82,85
3046,CBCA202,86,88,82,91,89,80,86,85
3046,CBCA203,81,89,93,87,83,83,86,85
3046,CBCA204,98,84,90,85,83,83,87,85
3047,CBCA201,70,61,69,71,68,75,69,70
3047,CBCA202,67,71,77,62,78,79,72,70
3047,CBCA203,72,76,72,69,69,61,70,70
3047,CBCA204,63,71,74,63,73,74,70,70
3048,CBCA201,77,79,83,82,72,71,77,75
3048,CBCA202,78,71,70,84,81,73,76,75
3048,CBCA203,71,75,71,74,78,72,74,75
3048,CBCA204,67,78,80,69,70,79,74,75
3049,CBCA201,28,21,18,28,33,22,25,24
3049,CBCA202,27,17,27,24,21,27,24,24
3049,CBCA203,33,15,33,29,19,28,26,24
3049,CBCA204,21,18,13,21,24,21,20,24
3050,CBCA201,46,53,47,56,57,59,53,51
3050,CBCA202,45,55,48,54,39,59,50,51
3050,CBCA203,57,57,45,47,54,50,52,51
3050,CBCA204,56,55,51,55,45,45,51,51
3051,CBCA201,23,29,23,29,26,27,26,23
3051,CBCA202,25,23,13,14,15,20,18,23
3051,CBCA203,24,34,13,21,27,22,24,23
3051,CBCA204,21,20,24,25,31,31,25,23
3052,CBCA201,69,66,62,63,65,53,63,61
3052,CBCA202,54,68,60,65,53,64,61,61
3052,CBCA203,61,61,57,51,61,73,61,61
3052,CBCA204,59,57,55,65,58,58,59,61
3053,CBCA201,48,36,42,37,38,37,40,43
3053,CBCA202,46,40,38,48,43,44,43,43
3053,CBCA203,47,42,51,47,42,44,46,43
3053,CBCA204,45,51,42,47,41,40,44,43
3054,CBCA201,67,62,61,67,66,57,63,65
3054,CBCA202,64,69,65,64,73,66,67,65
3054,CBCA203,62,71,70,60,56,72,65,65
3054,CBCA204,61,68,63,66,63,64,64,65
3055,CBCA201,60,59,67,57,54,61,60,54
3055,CBCA202,57,47,49,53,57,57,53,54
3055,CBCA203,52,45,55,51,49,47,50,54
3055,CBCA204,45,60,56,47,56,47,52,54
3056,CBCA201,100,90,92,93,99,92,94,94
3056,CBCA202,86,91,92,92,100,100,94,94
3056,CBCA203,85,97,100,88,99,86,93,94
3056,CBCA204,100,95,97,100,93,100,98,94
3057,CBCA201,75,74,75,70,73,78,74,74
3057,CBCA202,71,73,73,82,67,75,74,74
3057,CBCA203,73,76,84,81,67,71,75,74
3057,CBCA204,74,66,74,65,84,68,72,74
3058,CBCA201,100,100,100,100,90,100,98,99
3058,CBCA202,100,97,100,100,93,100,98,99
3058,CBCA203,99,95,100,98,99,100,99,99
3058,CBCA204,100,100,100,99,100,100,100,99
3059,CBCA201,63,65,57,58,63,59,61,61
3059,CBCA202,54,64,55,67,59,65,61,61
3059,CBCA203,51,60,61,65,70,69,63,61
3059,CBCA204,57,56,63,60,67,59,60,61
3060,CBCA201,79,87,87,84,81,90,85,88
3060,CBCA202,81,80,96,76,85,88,84,88
3060,CBCA203,91,96,83,96,94,81,90,88
3060,CBCA204,85,93,90,91,97,91,91,88
3061,CBCA201,100,95,93,91,100,94,96,95
3061,CBCA202,93,93,91,95,93,91,93,95
3061,CBCA203,96,100,93,98,93,88,95,95
3061,CBCA204,100,92,100,100,94,98,97,95
3062,CBCA201,82,86,87,89,86,82,85,82
3062,CBCA202,83,78,87,80,80,76,81,82
3062,CBCA203,73,83,89,83,83,81,82,82
3062,CBCA204,77,87,73,82,78,83,80,82
3063,CBCA201,59,51,58,51,54,46,53,54
3063,CBCA202,61,49,55,52,55,54,54,54
3063,CBCA203,52,54,61,52,53,64,56,54
3063,CBCA204,56,51,52,45,58,61,54,54
3064,CBCA201,51,53,52,43,53,47,50,54
3064,CBCA202,56,49,55,58,41,56,53,54
3064,CBCA203,52,54,52,60,59,55,55,54
3064,CBCA204,63,53,54,56,52,60,56,54
3065,CBCA201,94,100,96,100,98,100,98,97
3065,CBCA202,100,100,100,93,95,99,98,97
3065,CBCA203,98,100,87,100,100,100,98,97
3065,CBCA204,89,92,100,93,100,100,96,97
3066,CBCA201,53,58,59,66,56,61,59,58
3066,CBCA202,63,55,55,56,54,68,59,58
3066,CBCA203,59,56,52,54,60,56,56,58
3066,CBCA204,55,53,59,54,65,61,58,58
3067,CBCA201,75,63,73,60,71,64,68,68
3067,CBCA202,66,58,71,74,70,69,68,68
3067,CBCA203,64,75,64,73,68,57,67,68
3067,CBCA204,65,78,60,74,77,70,71,68
3068,CBCA201,92,86,83,89,90,89,88,84
3068,CBCA202,84,77,81,85,87,88,84,84
3068,CBCA203,82,90,91,93,77,81,86,84
3068,CBCA204,80,82,76,75,92,77,80,84
3069,CBCA201,8,20,15,20,9,18,15,14
3069,CBCA202,10,18,13,22,20,10,16,14
3069,CBCA203,22,8,5,14,11,11,12,14
3069,CBCA204,17,9,18,13,18,6,14,14
3070,CBCA201,13,12,6,14,8,3,9,9
3070,CBCA202,8,12,16,9,11,10,11,9
3070,CBCA203,11,10,6,5,8,10,8,9
3070,CBCA204,6,11,12,0,4,5,6,9
3071,CBCA201,85,77,73,78,84,70,78,81
3071,CBCA202,83,81,80,84,77,69,79,81
3071,CBCA203,80,86,82,88,81,80,83,81
3071,CBCA204,90,87,83,90,86,72,85,81
3072,CBCA201,53,57,53,53,52,66,56,58
3072,CBCA202,56,57,57,62,59,59,58,58
3072,CBCA203,61,52,61,65,71,55,61,58
3072,CBCA204,62,56,58,54,50,62,57,58
3073,CBCA201,76,74,70,70,75,65,72,73
3073,CBCA202,79,69,72,74,73,67,72,73
3073,CBCA203,74,72,73,63,77,75,72,73
3073,CBCA204,75,73,85,65,82,83,77,73
3074,CBCA201,81,79,71,72,69,74,74,72
3074,CBCA202,72,69,77,71,66,67,70,72
3074,CBCA203,79,74,68,74,69,73,73,72
3074,CBCA204,69,69,69,73,69,75,71,72
3075,CBCA201,54,61,42,48,41,43,48,50
3075,CBCA202,54,51,54,48,52,51,52,50
3075,CBCA203,41,52,54,51,57,56,52,50
3075,CBCA204,51,48,55,48,46,53,50,50
3076,CBCA201,95,100,100,100,93,100,98,97
3076,CBCA202,88,92,100,100,96,100,96,97
3076,CBCA203,97,100,93,100,100,89,97,97
3076,CBCA204,95,100,100,99,94,93,97,97
3077,CBCA201,56,70,61,65,60,54,61,64
3077,CBCA202,72,75,69,70,72,68,71,64
3077,CBCA203,67,66,61,66,52,54,61,64
3077,CBCA204,57,62,64,68,55,67,62,64
3078,CBCA201,95,77,87,80,73,76,81,83
3078,CBCA202,81,80,83,87,80,81,82,83
3078,CBCA203,80,79,92,78,85,85,83,83
3078,CBCA204,95,78,82,89,92,84,87,83
3079,CBCA201,45,30,33,32,34,39,36,36
3079,CBCA202,45,44,38,34,36,45,40,36
3079,CBCA203,37,34,35,31,38,35,35,36
3079,CBCA204,31,40,36,30,41,31,35,36
3080,CBCA201,75,63,70,66,69,58,67,67
3080,CBCA202,77,59,65,73,74,68,69,67
3080,CBCA203,66,60,61,66,61,73,65,67
3080,CBCA204,63,73,67,68,73,66,68,67
3081,CBCA201,16,6,8,13,9,10,10,10
3081,CBCA202,15,18,10,4,3,8,10,10
3081,CBCA203,10,5,3,13,18,9,10,10
3081,CBCA204,12,17,13,12,4,9,11,10
3082,CBCA201,74,65,65,57,69,59,65,65
3082,CBCA202,60,71,68,68,59,62,65,65
3082,CBCA203,62,65,71,75,60,65,66,65
3082,CBCA204,66,64,68,65,65,66,66,65
3083,CBCA201,78,76,84,83,80,74,79,81
3083,CBCA202,87,78,89,80,76,81,82,81
3083,CBCA203,82,87,81,88,74,88,83,81
3083,CBCA204,74,76,85,82,81,77,79,81
3084,CBCA201,59,54,73,60,53,72,62,63
3084,CBCA202,68,60,58,62,71,57,63,63
3084,CBCA203,54,57,67,62,63,70,62,63
3084,CBCA204,67,66,64,61,62,66,64,63
3085,CBCA201,82,89,76,77,81,86,82,81
3085,CBCA202,86,85,81,85,83,85,84,81
3085,CBCA203,76,84,86,71,87,78,80,81
3085,CBCA204,79,76,76,80,80,78,78,81
3086,CBCA201,69,63,59,63,64,53,62,62
3086,CBCA202,66,54,67,60,62,54,61,62
3086,CBCA203,56,65,67,59,61,63,62,62
3086,CBCA204,57,70,67,59,65,64,64,62
3087,CBCA201,61,69,70,66,65,72,67,66
3087,CBCA202,67,64,67,72,58,67,66,66
3087,CBCA203,65,56,62,65,69,77,66,66
3087,CBCA204,70,76,69,62,65,61,67,66
3088,CBCA201,88,91,85,90,97,97,91,90
3088,CBCA202,91,91,83,87,94,100,91,90
3088,CBCA203,84,85,93,91,96,95,91,90
3088,CBCA204,85,88,82,95,91,87,88,90
3089,CBCA201,60,62,60,62,56,61,60,62
3089,CBCA202,72,56,69,53,60,63,62,62
3089,CBCA203,66,66,60,62,52,61,61,62
3089,CBCA204,65,58,60,58,68,74,64,62
3090,CBCA201,65,66,69,67,74,61,67,70
3090,CBCA202,66,71,73,70,72,72,71,70
3090,CBCA203,72,62,73,74,68,74,71,70
3090,CBCA204,76,80,65,74,79,68,74,70
3091,CBCA201,43,43,45,39,41,39,42,38
3091,CBCA202,45,39,41,31,37,40,39,38
3091,CBCA203,38,35,42,41,32,27,36,38
3091,CBCA204,32,36,35,31,42,36,35,38
3092,CBCA201,23,31,24,24,33,28,27,26
3092,CBCA202,20,26,21,18,23,34,24,26
3092,CBCA203,23,30,19,22,32,25,25,26
3092,CBCA204,36,19,23,36,28,28,28,26
3093,CBCA201,5,10,0,3,10,1,5,6
3093,CBCA202,7,4,7,8,4,2,5,6
3093,CBCA203,6,8,4,10,8,0,6,6
3093,CBCA204,13,7,0,12,5,0,6,6
3094,CBCA201,29,24,19,23,25,26,24,24
3094,CBCA202,18,25,21,16,21,21,20,24
3094,CBCA203,26,22,30,21,22,19,23,24
3094,CBCA204,33,31,29,27,33,20,29,24
3095,CBCA201,54,51,46,60,52,49,52,50
3095,CBCA202,51,48,52,44,44,58,50,50
3095,CBCA203,45,53,43,57,55,57,52,50
3095,CBCA204,43,41,53,48,47,51,47,50
3096,CBCA201,81,84,84,89,85,84,85,83
3096,CBCA202,86,84,87,87,78,85,85,83
3096,CBCA203,85,89,79,78,72,85,81,83
3096,CBCA204,85,84,81,81,85,77,82,83
3097,CBCA201,78,86,80,88,74,85,82,83
3097,CBCA202,90,91,78,83,88,86,86,83
3097,CBCA203,78,87,87,81,89,79,84,83
3097,CBCA204,83,83,79,76,85,88,82,83
3098,CBCA201,75,75,63,71,76,63,71,70
3098,CBCA202,79,73,70,78,71,68,73,70
3098,CBCA203,70,68,59,73,63,61,66,70
3098,CBCA204,70,74,65,67,77,68,70,70
3099,CBCA201,69,58,67,64,62,73,66,68
3099,CBCA202,73,72,68,67,76,66,70,68
3099,CBCA203,67,66,80,73,60,68,69,68
3099,CBCA204,64,64,68,72,65,72,68,68
3100,CBCA201,32,31,28,29,25,32,30,26
3100,CBCA202,21,24,29,26,18,31,25,26
3100,CBCA203,32,23,23,28,19,19,24,26
3100,CBCA204,23,21,24,26,29,31,26,26
3101,CBCA201,83,68,75,70,77,82,76,74
3101,CBCA202,72,76,84,77,79,68,76,74
3101,CBCA203,71,66,69,67,73,72,70,74
3101,CBCA204,83,71,72,75,79,73,76,74
3102,CBCA201,71,67,69,75,71,78,72,73
3102,CBCA202,67,82,65,71,76,70,72,73
3102,CBCA203,73,80,72,76,76,65,74,73
3102,CBCA204,73,64,74,77,77,78,74,73
3103,CBCA201,75,80,72,75,82,82,78,79
3103,CBCA202,80,82,82,85,75,73,80,79
3103,CBCA203,73,72,87,76,76,76,77,79
3103,CBCA204,84,79,82,77,74,85,80,79
3104,CBCA201,90,88,82,84,85,84,86,85
3104,CBCA202,84,84,94,83,91,87,87,85
3104,CBCA203,85,90,91,86,84,78,86,85
3104,CBCA204,78,76,80,90,78,94,83,85
3105,CBCA201,89,91,97,84,85,93,90,87
3105,CBCA202,90,85,94,84,87,86,88,87
3105,CBCA203,89,88,86,92,92,88,89,87
3105,CBCA204,81,84,88,89,76,79,83,87
3106,CBCA201,97,94,92,95,85,88,92,92
3106,CBCA202,89,97,93,88,88,100,93,92
3106,CBCA203,93,92,100,94,87,93,93,92
3106,CBCA204,86,100,94,86,97,91,92,92
3107,CBCA201,71,73,83,82,75,85,78,79
3107,CBCA202,80,81,73,83,81,70,78,79
3107,CBCA203,77,88,83,82,76,84,82,79
3107,CBCA204,77,76,75,75,83,75,77,79
3108,CBCA201,81,63,64,73,69,58,68,70
3108,CBCA202,64,75,73,72,74,77,73,70
3108,CBCA203,74,67,73,72,70,63,70,70
3108,CBCA204,64,67,81,73,58,81,71,70
3109,CBCA201,15,25,16,25,30,30,24,22
3109,CBCA202,14,17,23,17,28,22,20,22
3109,CBCA203,26,19,16,25,23,26,23,22
3109,CBCA204,29,17,22,23,21,19,22,22
3110,CBCA201,56,62,72,60,65,58,62,66
3110,CBCA202,65,67,71,65,67,68,67,66
3110,CBCA203,67,68,65,65,66,63,66,66
3110,CBCA204,70,70,69,62,64,76,69,66
3111,CBCA201,72,67,72,83,68,65,71,72
3111,CBCA202,77,70,69,72,64,72,71,72
3111,CBCA203,74,74,78,79,72,71,75,72
3111,CBCA204,78,68,80,71,76,66,73,72
3112,CBCA201,55,69,55,59,55,66,60,61
3112,CBCA202,54,64,54,69,65,53,60,61
3112,CBCA203,60,60,70,57,60,58,61,61
3112,CBCA204,61,60,62,72,65,67,65,61
3113,CBCA201,89,93,87,97,99,80,91,90
3113,CBCA202,83,90,95,95,91,87,90,90
3113,CBCA203,89,99,87,81,95,85,89,90
3113,CBCA204,89,96,85,98,86,90,91,90
3114,CBCA201,83,73,85,75,78,76,78,81
3114,CBCA202,82,86,90,82,86,74,83,81
3114,CBCA203,74,83,81,85,91,88,84,81
3114,CBCA204,91,82,77,78,73,81,80,81
3115,CBCA201,87,92,89,78,83,83,85,85
3115,CBCA202,82,85,84,82,87,83,84,85
3115,CBCA203,82,88,89,91,84,79,86,85
3115,CBCA204,83,85,87,77,80,89,84,85
3116,CBCA201,95,100,97,98,100,99,98,98
3116,CBCA202,99,100,100,100,91,94,97,98
3116,CBCA203,100,100,95,92,100,100,98,98
3116,CBCA204,100,96,100,97,100,100,99,98
3117,CBCA201,39,39,41,39,26,32,36,37
3117,CBCA202,45,30,36,36,36,42,38,37
3117,CBCA203,43,27,38,45,39,34,38,37
3117,CBCA204,44,30,39,32,33,38,36,37
3118,CBCA201,77,69,72,63,73,73,71,67
3118,CBCA202,72,66,70,67,67,62,67,67
3118,CBCA203,71,60,62,61,62,75,65,67
3118,CBCA204,63,66,57,71,67,68,65,67
3119,CBCA201,43,48,47,48,42,52,47,46
3119,CBCA202,49,47,43,42,50,44,46,46
3119,CBCA203,48,46,42,45,43,42,44,46
3119,CBCA204,48,40,43,58,41,44,46,46
3120,CBCA201,71,60,59,63,66,57,63,65
3120,CBCA202,64,61,63,60,62,73,64,65
3120,CBCA203,68,65,71,63,74,69,68,65
3120,CBCA204,60,77,73,65,59,68,67,65
3121,CBCA201,80,74,71,74,73,74,74,75
3121,CBCA202,79,80,73,68,73,74,75,75
3121,CBCA203,73,76,73,73,71,84,75,75
3121,CBCA204,71,72,78,82,78,68,75,75
3122,CBCA201,15,18,18,15,22,15,17,20
3122,CBCA202,23,23,18,27,27,12,22,20
3122,CBCA203,26,16,16,24,20,19,20,20
3122,CBCA204,27,17,17,15,18,28,20,20
3123,CBCA201,57,50,55,60,48,58,55,52
3123,CBCA202,58,48,45,61,49,50,52,52
3123,CBCA203,61,41,49,53,48,56,51,52
3123,CBCA204,50,48,44,54,46,56,50,52
3124,CBCA201,86,78,85,86,85,85,84,89
3124,CBCA202,97,92,93,98,93,84,93,89
3124,CBCA203,82,99,96,92,82,95,91,89
3124,CBCA204,92,88,92,93,84,89,90,89
3125,CBCA201,59,55,51,50,53,49,53,55
3125,CBCA202,57,59,60,55,51,62,57,55
3125,CBCA203,58,55,53,64,50,56,56,55
3125,CBCA204,49,56,49,57,57,49,53,55
3126,CBCA201,64,61,72,66,77,60,67,69
3126,CBCA202,67,74,72,64,70,72,70,69
3126,CBCA203,74,67,69,73,69,60,69,69
3126,CBCA204,72,71,67,72,66,65,69,69
3127,CBCA201,50,50,50,52,43,46,49,47
3127,CBCA202,47,44,49,49,41,49,47,47
3127,CBCA203,40,48,40,44,53,48,46,47
3127,CBCA204,50,53,48,43,49,51,49,47
3128,CBCA201,82,72,85,73,78,79,78,81
3128,CBCA202,77,81,78,79,77,83,79,81
3128,CBCA203,90,83,79,87,83,86,85,81
3128,CBCA204,73,77,82,82,82,87,81,81
3129,CBCA201,38,33,32,38,37,37,36,35
3129,CBCA202,33,36,36,32,27,32,33,35
3129,CBCA203,29,36,38,38,39,33,36,35
3129,CBCA204,30,41,35,31,44,44,38,35
3130,CBCA201,31,22,18,31,35,24,27,25
3130,CBCA202,27,18,30,33,18,24,25,25
3130,CBCA203,21,23,30,34,27,18,26,25
3130,CBCA204,21,21,19,24,30,20,23,25
3131,CBCA201,38,45,44,39,52,42,43,47
3131,CBCA202,42,40,50,37,53,53,46,47
3131,CBCA203,44,54,49,46,51,41,48,47
3131,CBCA204,53,47,55,53,54,50,52,47
3132,CBCA201,85,75,69,81,86,69,78,76
3132,CBCA202,78,69,82,66,77,80,75,76
3132,CBCA203,86,76,72,69,78,76,76,76
3132,CBCA204,71,78,75,79,72,76,75,76
3133,CBCA201,49,51,56,47,51,46,50,51
3133,CBCA202,59,53,57,51,47,48,53,51
3133,CBCA203,45,56,52,48,49,50,50,51
3133,CBCA204,60,51,52,45,54,43,51,51
3134,CBCA201,78,77,87,87,82,82,82,87
3134,CBCA202,90,88,82,85,95,92,89,87
3134,CBCA203,91,85,96,97,81,87,90,87
3134,CBCA204,86,82,91,92,86,88,88,87
3135,CBCA201,68,60,74,71,73,72,70,69
3135,CBCA202,61,71,75,73,67,64,69,69
3135,CBCA203,60,75,63,70,67,60,66,69
3135,CBCA204,74,73,76,68,58,73,70,69
3136,CBCA201,28,16,22,18,19,19,20,21
3136,CBCA202,24,24,24,24,16,25,23,21
3136,CBCA203,18,20,28,22,17,24,22,21
3136,CBCA204,21,22,16,23,13,28,21,21
3137,CBCA201,57,56,49,54,49,56,54,56
3137,CBCA202,50,61,54,63,54,64,58,56
3137,CBCA203,60,61,53,58,52,49,56,56
3137,CBCA204,55,65,57,55,56,56,57,56
3138,CBCA201,78,83,69,66,87,76,77,77
3138,CBCA202,83,74,70,77,70,74,75,77
3138,CBCA203,82,88,71,70,84,82,80,77
3138,CBCA204,71,77,84,80,69,78,77,77
3139,CBCA201,87,94,96,91,91,87,91,89
3139,CBCA202,87,83,97,84,90,90,89,89
3139,CBCA203,96,96,84,87,84,92,90,89
3139,CBCA204,83,88,87,90,82,91,87,89
3140,CBCA201,72,68,72,75,71,78,73,73
3140,CBCA202,72,79,83,67,70,65,73,73
3140,CBCA203,64,67,76,71,77,70,71,73
3140,CBCA204,65,74,78,69,79,81,74,73
3141,CBCA201,58,78,62,78,68,70,69,69
3141,CBCA202,74,67,69,65,66,66,68,69
3141,CBCA203,74,67,63,76,58,67,68,69
3141,CBCA204,73,70,78,67,64,74,71,69
3142,CBCA201,83,82,80,87,93,86,85,82
3142,CBCA202,76,80,90,81,83,80,82,82
3142,CBCA203,75,86,89,81,75,81,81,82
3142,CBCA204,81,71,85,81,84,87,82,82
3143,CBCA201,60,49,55,62,65,67,60,59
3143,CBCA202,64,56,64,64,58,64,62,59
3143,CBCA203,56,60,67,66,51,59,60,59
3143,CBCA204,67,49,63,60,51,49,57,59
3144,CBCA201,57,66,70,70,77,66,68,66
3144,CBCA202,57,69,75,57,69,69,66,66
3144,CBCA203,59,65,55,60,74,58,62,66
3144,CBCA204,63,60,72,68,69,72,67,66
3145,CBCA201,63,56,61,59,52,51,57,60
3145,CBCA202,63,59,52,65,65,62,61,60
3145,CBCA203,65,55,59,56,62,60,60,60
3145,CBCA204,64,71,64,58,60,53,62,60
3146,CBCA201,22,26,19,16,22,17,20,24
3146,CBCA202,17,29,24,20,19,31,23,24
3146,CBCA203,26,21,27,27,30,25,26,24
3146,CBCA204,25,19,27,24,34,25,26,24
3147,CBCA201,61,56,63,65,48,59,59,53
3147,CBCA202,44,61,51,46,62,54,53,53
3147,CBCA203,48,50,45,49,49,49,48,53
3147,CBCA204,50,51,52,60,55,50,53,53
3148,CBCA201,67,63,57,57,71,61,63,62
3148,CBCA202,67,62,57,74,58,68,64,62
3148,CBCA203,72,70,55,63,58,56,62,62
3148,CBCA204,62,58,54,58,62,54,58,62
3149,CBCA201,65,74,70,66,63,76,69,69
3149,CBCA202,70,68,63,71,67,63,67,69
3149,CBCA203,72,69,75,70,65,74,71,69
3149,CBCA204,63,60,73,61,72,74,67,69
3150,CBCA201,76,71,68,75,76,82,75,79
3150,CBCA202,80,80,84,69,83,77,79,79
3150,CBCA203,75,80,89,75,81,80,80,79
3150,CBCA204,80,78,83,83,83,82,82,79
3151,CBCA201,18,22,21,21,22,18,20,19
3151,CBCA202,22,19,23,18,22,16,20,19
3151,CBCA203,8,20,14,24,16,23,18,19
3151,CBCA204,27,9,22,25,17,19,20,19
3152,CBCA201,52,53,68,61,51,58,57,57
3152,CBCA202,63,52,63,55,53,64,58,57
3152,CBCA203,54,60,59,57,46,58,56,57
3152,CBCA204,57,55,55,60,57,63,58,57
3153,CBCA201,83,78,86,77,85,85,82,80
3153,CBCA202,78,79,78,84,77,72,78,80
3153,CBCA203,82,92,76,86,75,78,82,80
3153,CBCA204,87,90,69,77,75,78,79,80
3154,CBCA201,59,53,69,62,53,60,59,59
3154,CBCA202,49,56,61,53,54,54,55,59
3154,CBCA203,56,55,63,55,54,71,59,59
3154,CBCA204,70,56,62,56,55,69,61,59
3155,CBCA201,7,12,18,0,8,0,8,8
3155,CBCA202,19,11,9,8,6,16,12,8
3155,CBCA203,9,2,6,10,9,0,6,8
3155,CBCA204,8,5,1,5,16,8,7,8
3156,CBCA201,20,21,21,15,22,21,20,19
3156,CBCA202,12,28,20,24,21,18,21,19
3156,CBCA203,19,15,15,14,19,15,16,19
3156,CBCA204,19,24,19,11,31,16,20,19
3157,CBCA201,48,51,48,53,62,56,53,55
3157,CBCA202,52,55,50,52,58,51,53,55
3157,CBCA203,56,58,62,58,53,58,58,55
3157,CBCA204,60,53,65,63,53,51,58,55
3158,CBCA201,75,80,77,71,79,71,76,81
3158,CBCA202,85,78,88,88,84,88,85,81
3158,CBCA203,86,84,88,76,87,85,84,81
3158,CBCA204,78,74,85,76,86,74,79,81
3159,CBCA201,81,79,76,87,92,84,83,82
3159,CBCA202,80,82,80,74,87,81,81,82
3159,CBCA203,83,88,78,86,79,83,83,82
3159,CBCA204,84,81,81,72,82,85,81,82
3160,CBCA201,54,56,62,57,59,62,58,61
3160,CBCA202,61,65,64,58,59,56,61,61
3160,CBCA203,64,59,55,63,66,70,63,61
3160,CBCA204,63,61,64,60,60,71,63,61
3161,CBCA201,90,90,89,86,93,86,89,88
3161,CBCA202,88,95,87,84,80,82,86,88
3161,CBCA203,87,96,90,94,84,92,91,88
3161,CBCA204,93,86,83,90,85,91,88,88
3162,CBCA201,77,79,81,62,80,67,74,72
3162,CBCA202,71,73,79,70,64,64,70,72
3162,CBCA203,69,78,81,70,72,69,73,72
3162,CBCA204,69,74,69,71,61,76,70,72
3163,CBCA201,82,80,80,67,79,74,77,75
3163,CBCA202,76,74,70,78,76,69,74,75
3163,CBCA203,77,72,78,67,74,76,74,75
3163,CBCA204,86,81,76,70,69,79,77,75
3164,CBCA201,87,86,83,89,85,92,87,86
3164,CBCA202,87,79,86,89,89,78,85,86
3164,CBCA203,88,90,95,83,91,91,90,86
3164,CBCA204,90,79,79,89,83,83,84,86
3165,CBCA201,100,99,100,98,100,92,98,97
3165,CBCA202,100,100,88,100,100,93,97,97
3165,CBCA203,97,94,92,92,100,100,96,97
3165,CBCA204,94,98,100,99,99,100,98,97
3166,CBCA201,72,89,76,87,82,70,79,79
3166,CBCA202,77,71,80,78,73,80,77,79
3166,CBCA203,85,91,79,79,76,81,82,79
3166,CBCA204,76,76,76,77,86,74,78,79
3167,CBCA201,8,15,9,0,17,9,10,10
3167,CBCA202,6,11,19,0,16,8,10,10
3167,CBCA203,15,8,12,10,8,14,11,10
3167,CBCA204,10,10,19,1,11,12,11,10
3168,CBCA201,38,41,47,41,44,44,43,45
3168,CBCA202,51,37,40,39,46,45,43,45
3168,CBCA203,46,38,51,48,44,51,46,45
3168,CBCA204,48,50,43,47,42,59,48,45
3169,CBCA201,69,74,68,59,67,72,68,67
3169,CBCA202,65,61,73,70,75,59,67,67
3169,CBCA203,68,67,69,62,68,74,68,67
3169,CBCA204,61,72,64,58,73,66,66,67
3170,CBCA201,79,80,82,67,72,81,77,76
3170,CBCA202,74,66,75,75,84,69,74,76
3170,CBCA203,71,71,79,76,84,77,76,76
3170,CBCA204,80,77,77,69,75,72,75,76
3171,CBCA201,72,72,58,75,62,71,68,69
3171,CBCA202,70,71,67,69,73,66,69,69
3171,CBCA203,70,69,63,73,68,58,67,69
3171,CBCA204,74,75,69,74,72,72,73,69
3172,CBCA201,19,29,31,17,31,19,24,27
3172,CBCA202,29,29,34,23,25,27,28,27
3172,CBCA203,21,19,32,26,20,34,25,27
3172,CBCA204,32,34,37,27,24,31,31,27
3173,CBCA201,46,41,44,41,41,44,43,41
3173,CBCA202,42,44,48,38,37,40,42,41
3173,CBCA203,42,34,41,35,40,40,39,41
3173,CBCA204,40,39,49,35,46,44,42,41
3174,CBCA201,88,79,84,77,82,82,82,80
3174,CBCA202,78,74,89,74,80,78,79,80
3174,CBCA203,69,87,78,85,79,79,80,80
3174,CBCA204,81,77,83,77,80,85,81,80
3175,CBCA201,79,69,70,69,66,69,70,73
3175,CBCA202,65,80,78,73,83,66,74,73
3175,CBCA203,72,75,79,75,78,77,76,73
3175,CBCA204,77,61,74,64,82,75,72,73
3176,CBCA201,61,56,65,47,58,54,57,57
3176,CBCA202,59,63,46,59,61,59,58,57
3176,CBCA203,67,48,56,50,59,52,55,57
3176,CBCA204,57,53,53,66,61,62,59,57
3177,CBCA201,63,54,57,61,57,56,58,58
3177,CBCA202,56,60,62,60,61,57,59,58
3177,CBCA203,50,50,60,58,49,63,55,58
3177,CBCA204,54,58,54,63,64,63,59,58
3178,CBCA201,60,45,58,48,46,42,50,52
3178,CBCA202,54,53,56,55,62,43,54,52
3178,CBCA203,44,59,42,50,47,60,50,52
3178,CBCA204,54,44,55,55,61,48,53,52
3179,CBCA201,69,69,74,82,83,76,76,75
3179,CBCA202,77,65,63,77,84,78,74,75
3179,CBCA203,78,82,73,75,80,74,77,75
3179,CBCA204,80,76,71,74,71,66,73,75
3180,CBCA201,15,10,10,13,6,19,12,11
3180,CBCA202,13,10,8,11,7,7,9,11
3180,CBCA203,11,15,11,5,19,8,12,11
3180,CBCA204,16,21,13,11,2,6,12,11
3181,CBCA201,82,71,78,74,76,81,77,79
3181,CBCA202,69,87,78,86,80,87,81,79
3181,CBCA203,75,82,75,87,79,82,80,79
3181,CBCA204,78,69,79,79,76,74,76,79
3182,CBCA201,37,34,44,35,36,29,36,36
3182,CBCA202,40,42,40,32,33,30,36,36
3182,CBCA203,37,38,40,29,37,36,36,36
3182,CBCA204,38,31,32,40,37,34,35,36
3183,CBCA201,34,38,40,38,34,33,36,33
3183,CBCA202,35,24,27,25,25,22,26,33
3183,CBCA203,44,30,30,35,32,26,33,33
3183,CBCA204,43,33,23,34,35,43,35,33
3184,CBCA201,83,75,88,79,87,75,81,79
3184,CBCA202,75,76,80,78,89,78,79,79
3184,CBCA203,73,77,77,80,72,81,77,79
3184,CBCA204,77,89,79,84,78,77,81,79
3185,CBCA201,28,27,34,31,37,30,31,31
3185,CBCA202,33,42,25,33,22,41,33,31
3185,CBCA203,31,30,33,40,34,28,33,31
3185,CBCA204,32,29,34,21,30,30,29,31
3186,CBCA201,2,2,12,12,1,15,7,8
3186,CBCA202,7,6,12,10,3,3,7,8
3186,CBCA203,0,8,12,11,4,6,7,8
3186,CBCA204,5,14,6,13,13,12,11,8
3187,CBCA201,79,69,76,76,76,86,77,79
3187,CBCA202,72,82,79,77,83,75,78,79
3187,CBCA203,77,88,88,84,75,84,83,79
3187,CBCA204,69,83,80,81,79,78,78,79
3188,CBCA201,49,48,53,49,61,51,52,55
3188,CBCA202,64,62,61,55,64,55,60,55
3188,CBCA203,58,50,63,43,52,51,53,55
3188,CBCA204,61,55,57,61,51,51,56,55
3189,CBCA201,74,85,85,75,77,87,81,82
3189,CBCA202,89,76,84,76,90,78,82,82
3189,CBCA203,85,90,74,80,76,86,82,82
3189,CBCA204,83,79,89,86,77,92,84,82
3190,CBCA201,64,65,53,72,60,74,65,65
3190,CBCA202,68,57,72,54,68,67,64,65
3190,CBCA203,67,70,63,63,61,59,64,65
3190,CBCA204,67,62,67,70,66,72,67,65
3191,CBCA201,69,64,70,64,64,76,68,74
3191,CBCA202,76,78,80,76,79,85,79,74
3191,CBCA203,74,81,66,64,79,72,73,74
3191,CBCA204,75,79,69,84,80,75,77,74
3192,CBCA201,58,64,60,62,62,54,60,60
3192,CBCA202,54,56,56,53,61,65,58,60
3192,CBCA203,51,67,72,54,53,70,61,60
3192,CBCA204,60,64,62,65,66,50,61,60
3193,CBCA201,70,66,72,77,61,64,68,69
3193,CBCA202,65,79,69,72,62,73,70,69
3193,CBCA203,68,71,69,66,70,67,69,69
3193,CBCA204,61,65,62,67,71,77,67,69
3194,CBCA201,25,28,32,40,32,28,31,32
3194,CBCA202,33,33,33,35,27,34,33,32
3194,CBCA203,41,34,38,23,33,29,33,32
3194,CBCA204,30,37,28,28,36,20,30,32
3195,CBCA201,85,85,84,82,93,76,84,85
3195,CBCA202,79,84,86,86,91,81,85,85
3195,CBCA203,86,83,91,81,87,94,87,85
3195,CBCA204,86,92,78,85,82,93,86,85
3196,CBCA201,66,64,67,72,69,65,67,69
3196,CBCA202,75,71,71,63,77,68,71,69
3196,CBCA203,74,66,69,66,65,65,68,69
3196,CBCA204,77,70,68,65,66,71,70,69
3197,CBCA201,86,88,85,76,79,79,82,82
3197,CBCA202,86,85,90,82,73,82,83,82
3197,CBCA203,92,77,83,79,86,84,84,82
3197,CBCA204,80,77,77,78,81,92,81,82
3198,CBCA201,48,41,50,50,45,55,48,50
3198,CBCA202,55,48,51,49,50,51,51,50
3198,CBCA203,59,58,51,48,50,45,52,50
3198,CBCA204,48,46,55,53,50,55,51,50
3199,CBCA201,68,67,71,73,64,66,68,70
3199,CBCA202,73,71,75,73,63,75,72,70
3199,CBCA203,66,67,62,72,79,76,70,70
3199,CBCA204,64,64,70,73,67,69,68,70
3200,CBCA201,73,88,76,71,83,83,79,79
3200,CBCA202,85,86,85,88,82,77,84,79
3200,CBCA203,74,79,78,80,83,72,78,79
3200,CBCA204,72,77,74,86,68,83,77,79
3201,CBCA201,48,50,59,51,51,56,53,54
3201,CBCA202,63,56,54,65,53,62,59,54
3201,CBCA203,53,44,49,53,54,55,51,54
3201,CBCA204,56,63,51,52,47,50,53,54
3202,CBCA201,70,70,76,67,67,64,69,69
3202,CBCA202,72,62,75,73,64,70,69,69
3202,CBCA203,69,71,73,74,61,72,70,69
3202,CBCA204,60,69,76,62,70,64,67,69
3203,CBCA201,16,13,17,6,24,14,15,15
3203,CBCA202,19,12,16,19,4,16,14,15
3203,CBCA203,10,19,14,9,18,11,14,15
3203,CBCA204,9,21,20,16,16,9,15,15
3204,CBCA201,68,65,64,67,56,67,65,61
3204,CBCA202,51,60,56,54,60,71,59,61
3204,CBCA203,55,66,63,61,62,68,63,61
3204,CBCA204,66,57,60,56,66,55,60,61
3205,CBCA201,69,69,65,69,64,69,68,64
3205,CBCA202,63,62,68,65,58,70,64,64
3205,CBCA203,54,65,68,65,60,67,63,64
3205,CBCA204,66,62,56,55,61,68,61,64
3206,CBCA201,49,52,51,58,54,51,53,54
3206,CBCA202,64,52,49,56,65,53,57,54
3206,CBCA203,52,50,47,54,54,62,53,54
3206,CBCA204,52,55,56,54,44,61,54,54
3207,CBCA201,30,29,21,21,27,36,27,28
3207,CBCA202,20,25,39,36,22,33,29,28
3207,CBCA203,22,39,26,23,31,28,28,28
3207,CBCA204,34,28,27,32,20,28,28,28
3208,CBCA201,78,70,75,78,82,66,75,76
3208,CBCA202,78,69,76,72,81,73,75,76
3208,CBCA203,85,75,67,74,77,86,77,76
3208,CBCA204,82,71,83,81,79,71,78,76
3209,CBCA201,50,52,62,58,51,63,56,58
3209,CBCA202,60,57,53,51,53,67,57,58
3209,CBCA203,52,66,64,63,61,51,60,58
3209,CBCA204,64,56,59,61,54,57,59,58
3210,CBCA201,26,31,19,24,24,22,24,25
3210,CBCA202,21,26,33,26,27,24,26,25
3210,CBCA203,18,23,31,27,31,16,24,25
3210,CBCA204,26,27,16,30,17,27,24,25
3211,CBCA201,99,96,94,91,91,100,95,93
3211,CBCA202,91,87,88,90,95,90,90,93
3211,CBCA203,86,100,98,97,100,87,95,93
3211,CBCA204,91,100,94,99,88,84,93,93
3212,CBCA201,34,34,35,29,36,32,33,31
3212,CBCA202,21,31,23,38,35,22,28,31
3212,CBCA203,40,26,39,35,19,32,32,31
3212,CBCA204,30,30,24,32,29,27,29,31
3213,CBCA201,74,76,79,88,73,75,78,80
3213,CBCA202,77,88,90,79,81,89,84,80
3213,CBCA203,72,75,79,86,78,75,78,80
3213,CBCA204,84,81,77,71,85,90,81,80
3214,CBCA201,60,58,63,71,66,69,65,66
3214,CBCA202,60,60,66,70,68,67,65,66
3214,CBCA203,68,68,74,67,71,68,69,66
3214,CBCA204,67,58,69,57,74,59,64,66
3215,CBCA201,76,83,65,72,84,81,77,78
3215,CBCA202,67,73,84,84,88,77,79,78
3215,CBCA203,83,83,77,76,72,81,79,78
3215,CBCA204,78,81,78,76,71,79,77,78
3216,CBCA201,82,95,82,92,90,91,89,90
3216,CBCA202,89,94,92,90,84,85,89,90
3216,CBCA203,84,95,91,94,82,92,90,90
3216,CBCA204,93,93,80,96,89,93,91,90
3217,CBCA201,4,6,17,16,4,6,9,11
3217,CBCA202,14,15,16,11,2,16,12,11
3217,CBCA203,13,3,8,7,17,7,9,11
3217,CBCA204,9,12,16,8,21,13,13,11
3218,CBCA201,52,56,63,51,50,46,53,53
3218,CBCA202,55,63,54,45,51,51,53,53
3218,CBCA203,52,58,47,45,53,55,52,53
3218,CBCA204,53,61,59,49,46,52,53,53
3219,CBCA201,81,75,86,74,90,82,81,80
3219,CBCA202,75,78,87,84,77,81,80,80
3219,CBCA203,83,75,69,87,74,81,78,80
3219,CBCA204,78,70,76,79,90,81,79,80
3220,CBCA201,73,74,70,67,63,65,69,69
3220,CBCA202,71,70,64,74,68,67,69,69
3220,CBCA203,71,69,73,67,61,70,69,69
3220,CBCA204,72,74,69,68,75,70,71,69
3221,CBCA201,97,81,81,100,100,87,91,89
3221,CBCA202,87,89,99,97,94,86,92,89
3221,CBCA203,85,92,88,86,93,87,89,89
3221,CBCA204,88,84,78,93,85,85,86,89
3222,CBCA201,90,86,79,79,72,83,82,80
3222,CBCA202,85,90,75,80,83,77,82,80
3222,CBCA203,82,85,78,87,78,77,81,80
3222,CBCA204,74,74,76,74,88,73,77,80
3223,CBCA201,72,67,63,62,64,74,67,71
3223,CBCA202,74,73,73,76,76,65,73,71
3223,CBCA203,75,81,68,62,72,69,71,71
3223,CBCA204,67,80,70,81,75,61,72,71
3224,CBCA201,42,47,33,46,30,47,41,37
3224,CBCA202,31,29,28,36,33,32,32,37
3224,CBCA203,30,35,31,45,41,39,37,37
3224,CBCA204,32,35,38,46,40,46,40,37
3225,CBCA201,75,74,87,72,79,78,78,78
3225,CBCA202,86,77,85,75,73,77,79,78
3225,CBCA203,83,76,89,80,69,76,79,78
3225,CBCA204,73,73,69,67,84,83,75,78
3226,CBCA201,80,79,68,74,83,69,76,78
3226,CBCA202,77,75,80,83,80,88,81,78
3226,CBCA203,81,75,83,89,71,78,80,78
3226,CBCA204,77,74,76,73,83,82,78,78
3227,CBCA201,51,58,55,66,57,55,57,57
3227,CBCA202,66,67,54,68,65,49,62,57
3227,CBCA203,60,59,56,57,49,50,55,57
3227,CBCA204,47,48,56,55,56,62,54,57
3228,CBCA201,72,80,71,79,61,68,72,71
3228,CBCA202,71,78,81,63,76,62,72,71
3228,CBCA203,80,79,75,67,72,66,73,71
3228,CBCA204,66,65,66,69,68,70,67,71
3229,CBCA201,42,44,45,35,53,41,43,44
3229,CBCA202,43,47,42,46,37,46,44,44
3229,CBCA203,43,45,40,40,49,50,45,44
3229,CBCA204,50,45,41,39,45,37,43,44
3230,CBCA201,42,55,49,62,52,52,52,53
3230,CBCA202,60,51,48,63,55,59,56,53
3230,CBCA203,56,60,45,52,47,54,52,53
3230,CBCA204,57,43,55,52,48,57,52,53
3231,CBCA201,74,69,70,77,80,78,75,74
3231,CBCA202,69,77,74,67,64,73,71,74
3231,CBCA203,75,75,84,70,74,63,74,74
3231,CBCA204,75,70,82,75,80,74,76,74
3232,CBCA201,52,60,53,49,60,50,54,57
3232,CBCA202,59,52,61,65,64,55,59,57
3232,CBCA203,64,46,63,53,60,58,57,57
3232,CBCA204,49,56,65,53,52,62,56,57
3233,CBCA201,55,64,58,66,75,53,62,63
3233,CBCA202,61,65,72,61,57,69,64,63
3233,CBCA203,61,55,65,70,64,73,65,63
3233,CBCA204,57,65,62,65,66,62,63,63
3234,CBCA201,96,100,100,93,85,96,95,94
3234,CBCA202,89,100,88,96,98,100,95,94
3234,CBCA203,88,91,95,92,93,94,92,94
3234,CBCA204,93,91,94,100,96,90,94,94
3235,CBCA201,88,82,94,80,91,79,86,87
3235,CBCA202,89,88,93,89,87,84,88,87
3235,CBCA203,92,93,86,80,92,96,90,87
3235,CBCA204,81,82,93,90,79,86,85,87
3236,CBCA201,64,59,63,74,56,68,64,66
3236,CBCA202,69,69,71,73,67,70,70,66
3236,CBCA203,57,66,65,70,63,62,64,66
3236,CBCA204,57,70,69,73,66,66,67,66
3237,CBCA201,24,26,23,28,19,24,24,21
3237,CBCA202,15,21,20,21,12,30,20,21
3237,CBCA203,14,29,16,14,28,18,20,21
3237,CBCA204,17,19,20,23,30,19,21,21
3238,CBCA201,75,82,74,84,79,80,79,79
3238,CBCA202,85,87,73,80,77,76,80,79
3238,CBCA203,77,73,76,83,77,83,78,79
3238,CBCA204,70,83,87,81,87,78,81,79
3239,CBCA201,79,82,87,75,87,89,83,82
3239,CBCA202,79,89,80,90,80,75,82,82
3239,CBCA203,90,77,75,73,80,85,80,82
3239,CBCA204,87,87,76,75,84,78,81,82
3240,CBCA201,79,81,73,73,79,74,77,76
3240,CBCA202,76,74,77,81,71,82,77,76
3240,CBCA203,85,78,78,70,76,72,77,76
3240,CBCA204,76,74,73,80,80,71,76,76
3241,CBCA201,87,75,82,89,76,77,81,80
3241,CBCA202,87,79,76,86,78,87,82,80
3241,CBCA203,83,73,84,80,72,70,77,80
3241,CBCA204,77,82,75,87,71,79,79,80
3242,CBCA201,78,80,86,82,75,83,81,78
3242,CBCA202,77,76,81,75,80,72,77,78
3242,CBCA203,66,78,76,81,79,83,77,78
3242,CBCA204,81,78,85,75,68,80,78,78
3243,CBCA201,65,76,65,70,70,73,70,68
3243,CBCA202,63,74,64,69,66,71,68,68
3243,CBCA203,72,63,67,75,67,70,69,68
3243,CBCA204,59,63,74,64,69,70,67,68
3244,CBCA201,53,50,61,59,58,60,57,54
3244,CBCA202,50,63,47,59,65,61,58,54
3244,CBCA203,48,56,59,46,52,42,51,54
3244,CBCA204,54,51,51,55,50,55,53,54
3245,CBCA201,76,75,81,91,85,78,81,79
3245,CBCA202,84,80,74,81,72,79,78,79
3245,CBCA203,77,81,74,78,77,76,77,79
3245,CBCA204,82,80,77,76,75,83,79,79
3246,CBCA201,67,66,59,61,67,75,66,63
3246,CBCA202,58,62,70,58,59,63,62,63
3246,CBCA203,59,59,61,64,57,61,60,63
3246,CBCA204,69,67,64,55,67,59,64,63
3247,CBCA201,90,85,99,92,91,84,90,93
3247,CBCA202,97,99,94,96,95,90,95,93
3247,CBCA203,100,88,89,100,100,92,95,93
3247,CBCA204,97,85,91,89,90,95,91,93
3248,CBCA201,100,97,99,99,94,100,98,98
3248,CBCA202,100,100,99,100,100,100,100,98
3248,CBCA203,98,99,100,96,96,94,97,98
3248,CBCA204,89,94,100,91,99,97,95,98
3249,CBCA201,95,98,91,88,84,76,89,87
3249,CBCA202,84,79,84,95,77,81,83,87
3249,CBCA203,84,85,91,86,87,90,87,87
3249,CBCA204,89,88,86,88,83,92,88,87
3250,CBCA201,100,95,92,91,91,89,93,96
3250,CBCA202,100,96,97,92,100,97,97,96
3250,CBCA203,95,97,98,100,90,94,96,96
3250,CBCA204,96,94,100,100,100,100,98,96
3251,CBCA201,51,57,54,51,46,56,53,54
3251,CBCA202,51,45,57,56,58,55,54,54
3251,CBCA203,56,53,44,54,57,59,54,54
3251,CBCA204,57,52,54,64,51,55,56,54
3252,CBCA201,9,7,6,0,0,10,5,5
3252,CBCA202,12,0,13,9,7,0,7,5
3252,CBCA203,0,0,8,0,7,1,3,5
3252,CBCA204,0,11,12,0,11,3,6,5
3253,CBCA201,85,97,82,88,84,97,89,87
3253,CBCA202,85,79,89,82,86,82,84,87
3253,CBCA203,93,93,91,88,90,82,90,87
3253,CBCA204,85,89,85,92,81,82,86,87
3254,CBCA201,60,68,62,64,59,63,63,62
3254,CBCA202,62,61,61,50,59,68,60,62
3254,CBCA203,66,56,60,70,65,64,64,62
3254,CBCA204,52,73,65,64,64,60,63,62
3255,CBCA201,93,89,82,85,88,90,88,83
3255,CBCA202,89,94,82,79,88,73,84,83
3255,CBCA203,84,79,92,89,80,83,85,83
3255,CBCA204,80,82,80,73,71,72,76,83
3256,CBCA201,55,57,66,59,64,59,60,59
3256,CBCA202,61,65,55,56,60,51,58,59
3256,CBCA203,60,57,62,50,57,66,59,59
3256,CBCA204,65,62,60,54,54,59,59,59
3257,CBCA201,30,35,32,38,40,35,35,34
3257,CBCA202,34,35,31,32,35,37,34,34
3257,CBCA203,28,40,33,31,36,32,33,34
3257,CBCA204,33,36,31,37,35,21,32,34
3258,CBCA201,97,91,100,100,95,87,95,94
3258,CBCA202,89,87,89,90,94,89,90,94
3258,CBCA203,100,98,100,100,95,92,98,94
3258,CBCA204,93,94,94,86,92,93,92,94
3259,CBCA201,74,83,89,81,68,73,78,77
3259,CBCA202,77,79,84,76,70,81,78,77
3259,CBCA203,69,83,83,73,74,78,77,77
3259,CBCA204,69,74,69,76,76,79,74,77
3260,CBCA201,14,27,21,26,12,25,21,19
3260,CBCA202,22,14,15,26,22,24,21,19
3260,CBCA203,14,22,15,8,9,20,15,19
3260,CBCA204,29,13,12,17,28,23,20,19
3261,CBCA201,73,76,80,84,86,93,82,81
3261,CBCA202,88,84,78,82,77,78,81,81
3261,CBCA203,74,84,77,86,89,77,81,81
3261,CBCA204,80,85,81,79,85,78,81,81
3262,CBCA201,54,49,59,55,50,46,52,53
3262,CBCA202,55,55,51,48,52,53,52,53
3262,CBCA203,50,62,57,51,43,63,54,53
3262,CBCA204,47,49,62,62,57,46,54,53
3263,CBCA201,83,80,90,80,79,83,83,80
3263,CBCA202,76,83,79,86,83,75,80,80
3263,CBCA203,76,78,87,80,79,71,79,80
3263,CBCA204,82,82,83,74,77,74,79,80
3264,CBCA201,50,61,62,56,62,63,59,60
3264,CBCA202,67,51,59,60,67,62,61,60
3264,CBCA203,56,64,51,65,61,55,59,60
3264,CBCA204,60,54,66,57,72,58,61,60
3265,CBCA201,97,100,95,99,95,89,96,94
3265,CBCA202,88,86,94,94,97,91,92,94
3265,CBCA203,90,100,91,92,88,95,93,94
3265,CBCA204,92,91,95,97,93,95,94,94
3266,CBCA201,37,28,42,38,39,39,37,37
3266,CBCA202,35,43,37,34,33,41,37,37
3266,CBCA203,39,27,33,43,48,37,38,37
3266,CBCA204,46,30,38,44,30,35,37,37
3267,CBCA201,59,63,58,57,47,50,56,54
3267,CBCA202,58,45,54,46,53,51,51,54
3267,CBCA203,64,50,51,53,61,57,56,54
3267,CBCA204,48,53,54,50,58,54,53,54
3268,CBCA201,98,95,98,83,86,83,91,89
3268,CBCA202,77,88,99,83,91,88,88,89
3268,CBCA203,87,90,89,80,95,87,88,89
3268,CBCA204,92,92,94,84,94,91,91,89
3269,CBCA201,89,95,92,90,93,94,92,92
3269,CBCA202,90,95,88,84,100,93,92,92
3269,CBCA203,92,93,90,88,96,92,92,92
3269,CBCA204,91,96,96,95,84,83,91,92
3270,CBCA201,90,91,91,100,90,87,92,91
3270,CBCA202,88,94,88,93,84,93,90,91
3270,CBCA203,88,91,92,92,95,91,92,91
3270,CBCA204,100,83,81,81,100,100,91,91
3271,CBCA201,90,87,91,76,88,85,86,86
3271,CBCA202,83,91,90,82,84,94,87,86
3271,CBCA203,86,83,88,77,89,93,86,86
3271,CBCA204,80,83,93,80,93,77,84,86
3272,CBCA201,99,91,83,87,91,95,91,90
3272,CBCA202,98,85,92,93,92,94,92,90
3272,CBCA203,91,90,85,83,85,92,88,90
3272,CBCA204,86,88,90,89,89,82,87,90
3273,CBCA201,76,91,79,84,89,88,85,82
3273,CBCA202,75,80,74,84,83,90,81,82
3273,CBCA203,75,80,80,74,86,90,81,82
3273,CBCA204,87,84,74,88,85,71,82,82
3274,CBCA201,18,29,21,21,17,26,22,22
3274,CBCA202,24,23,12,16,26,26,21,22
3274,CBCA203,14,26,18,18,27,27,22,22
3274,CBCA204,28,20,24,17,15,29,22,22
3275,CBCA201,22,19,16,14,26,29,21,21
3275,CBCA202,28,11,20,24,28,27,23,21
3275,CBCA203,21,21,11,27,24,25,22,21
3275,CBCA204,24,14,17,17,24,19,19,21
3276,CBCA201,65,68,58,74,65,62,65,63
3276,CBCA202,61,57,55,57,63,61,59,63
3276,CBCA203,65,69,56,64,63,67,64,63
3276,CBCA204,63,58,67,68,66,70,65,63
3277,CBCA201,40,41,39,42,36,38,39,38
3277,CBCA202,28,32,31,36,34,37,33,38
3277,CBCA203,39,36,39,47,45,43,42,38
3277,CBCA204,47,43,48,27,41,32,40,38
3278,CBCA201,4,0,9,9,4,3,5,6
3278,CBCA202,1,8,6,6,3,13,6,6
3278,CBCA203,1,4,8,2,0,14,5,6
3278,CBCA204,13,8,1,0,10,7,7,6
3279,CBCA201,5,0,6,4,0,2,3,4
3279,CBCA202,1,4,8,0,0,9,4,4
3279,CBCA203,9,0,4,6,4,11,6,4
3279,CBCA204,0,0,6,5,0,2,2,4
3280,CBCA201,87,90,84,97,85,90,89,89
3280,CBCA202,79,85,83,92,96,96,89,89
3280,CBCA203,99,96,91,90,83,90,92,89
3280,CBCA204,84,93,94,83,97,81,89,89
3281,CBCA201,27,15,25,9,25,15,19,17
3281,CBCA202,22,19,20,18,10,21,18,17
3281,CBCA203,10,9,16,19,10,20,14,17
3281,CBCA204,12,20,8,26,18,25,18,17
3282,CBCA201,94,88,83,86,86,93,88,83
3282,CBCA202,88,72,74,89,85,91,83,83
3282,CBCA203,88,83,80,75,78,85,82,83
3282,CBCA204,75,81,81,80,84,78,80,83
3283,CBCA201,89,88,93,95,98,93,93,92
3283,CBCA202,94,83,81,100,100,94,92,92
3283,CBCA203,97,92,87,88,91,88,91,92
3283,CBCA204,90,97,91,80,100,93,92,92
3284,CBCA201,75,74,80,74,77,74,76,77
3284,CBCA202,74,81,85,77,74,83,79,77
3284,CBCA203,74,83,76,74,72,82,77,77
3284,CBCA204,69,75,81,68,80,75,75,77
3285,CBCA201,69,75,64,72,76,75,72,72
3285,CBCA202,79,77,62,67,62,77,71,72
3285,CBCA203,66,73,71,75,79,74,73,72
3285,CBCA204,81,63,80,75,66,70,73,72
3286,CBCA201,81,90,84,80,87,83,84,80
3286,CBCA202,74,87,81,75,84,76,80,80
3286,CBCA203,85,76,80,76,79,77,79,80
3286,CBCA204,77,85,85,72,80,74,79,80
3287,CBCA201,20,21,20,24,14,18,20,22
3287,CBCA202,15,26,29,29,24,23,24,22
3287,CBCA203,24,17,19,27,17,28,22,22
3287,CBCA204,18,25,21,22,21,17,21,22
3288,CBCA201,44,44,43,48,44,55,46,47
3288,CBCA202,41,49,53,52,50,39,47,47
3288,CBCA203,47,54,50,38,46,50,48,47
3288,CBCA204,46,42,52,37,53,43,46,47
3289,CBCA201,76,68,72,59,63,61,67,69
3289,CBCA202,71,67,60,58,67,77,67,69
3289,CBCA203,66,71,64,66,63,77,68,69
3289,CBCA204,76,73,74,77,79,76,76,69
3290,CBCA201,100,98,100,100,100,100,100,98
3290,CBCA202,100,100,97,100,93,100,98,98
3290,CBCA203,94,99,96,100,92,97,96,98
3290,CBCA204,94,96,97,90,97,100,96,98
3291,CBCA201,82,84,86,76,89,78,83,85
3291,CBCA202,80,86,89,85,92,84,86,85
3291,CBCA203,78,82,84,88,82,82,83,85
3291,CBCA204,90,88,82,91,92,81,87,85
3292,CBCA201,59,64,61,50,50,58,57,58
3292,CBCA202,54,62,61,62,56,64,60,58
3292,CBCA203,59,57,56,58,55,65,58,58
3292,CBCA204,51,58,62,59,62,58,58,58
3293,CBCA201,99,91,80,86,88,82,88,88
3293,CBCA202,90,88,85,89,84,84,87,88
3293,CBCA203,91,85,86,80,90,81,86,88
3293,CBCA204,87,92,89,99,88,90,91,88
3294,CBCA201,68,62,64,61,69,74,66,65
3294,CBCA202,60,66,67,70,65,64,65,65
3294,CBCA203,70,60,58,64,64,56,62,65
3294,CBCA204,65,78,67,67,68,60,68,65
3295,CBCA201,100,100,87,100,99,97,97,95
3295,CBCA202,91,86,99,98,100,97,95,95
3295,CBCA203,93,99,90,100,99,92,96,95
3295,CBCA204,93,90,95,93,91,99,94,95
3296,CBCA201,79,87,89,85,77,85,84,83
3296,CBCA202,91,80,82,86,84,79,84,83
3296,CBCA203,85,77,79,81,74,85,80,83
3296,CBCA204,87,76,80,82,84,86,83,83
3297,CBCA201,89,80,77,89,85,84,84,78
3297,CBCA202,70,80,78,73,70,78,75,78
3297,CBCA203,70,85,70,88,79,76,78,78
3297,CBCA204,84,87,69,69,68,80,76,78
3298,CBCA201,86,91,95,96,92,90,92,87
3298,CBCA202,90,87,78,88,89,81,86,87
3298,CBCA203,85,94,78,81,85,94,86,87
3298,CBCA204,84,84,86,92,89,80,86,87
3299,CBCA201,70,75,84,72,74,82,76,77
3299,CBCA202,79,75,83,76,81,76,78,77
3299,CBCA203,72,83,78,75,83,83,79,77
3299,CBCA204,71,78,75,70,77,73,74,77
3300,CBCA201,62,62,61,49,59,58,59,59
3300,CBCA202,56,59,55,58,65,58,59,59
3300,CBCA203,53,52,57,56,59,66,57,59
3300,CBCA204,65,63,51,64,67,57,61,59
3301,CBCA201,27,22,24,16,29,24,24,23
3301,CBCA202,17,20,31,30,15,19,22,23
3301,CBCA203,32,27,22,19,29,25,26,23
3301,CBCA204,24,32,19,21,14,23,22,23
3302,CBCA201,29,20,19,20,21,36,24,27
3302,CBCA202,24,36,38,27,26,28,30,27
3302,CBCA203,27,19,22,36,29,25,26,27
3302,CBCA204,35,18,32,26,27,27,28,27
3303,CBCA201,88,87,87,81,74,89,84,83
3303,CBCA202,85,80,87,92,78,79,84,83
3303,CBCA203,80,79,85,86,76,85,82,83
3303,CBCA204,87,83,75,86,91,83,84,83
3304,CBCA201,80,94,87,86,93,88,88,87
3304,CBCA202,88,86,86,82,94,85,87,87
3304,CBCA203,92,92,87,89,83,80,87,87
3304,CBCA204,94,84,87,83,82,88,86,87
3305,CBCA201,30,50,41,39,40,46,41,42
3305,CBCA202,45,39,33,44,41,44,41,42
3305,CBCA203,45,45,44,39,33,50,43,42
3305,CBCA204,47,32,47,38,40,44,41,42
3306,CBCA201,87,88,97,87,93,90,90,90
3306,CBCA202,95,89,92,88,98,87,92,90
3306,CBCA203,97,96,91,82,89,86,90,90
3306,CBCA204,81,91,80,92,99,91,89,90
3307,CBCA201,64,67,62,53,56,63,61,61
3307,CBCA202,67,57,62,54,69,67,63,61
3307,CBCA203,50,64,66,59,68,59,61,61
3307,CBCA204,59,53,58,65,60,66,60,61
3308,CBCA201,56,45,40,58,55,52,51,51
3308,CBCA202,51,45,47,47,48,55,49,51
3308,CBCA203,46,41,55,58,58,49,51,51
3308,CBCA204,48,48,54,51,56,50,51,51
3309,CBCA201,29,17,31,28,20,15,23,25
3309,CBCA202,29,23,27,26,28,27,27,25
3309,CBCA203,19,31,33,21,24,23,25,25
3309,CBCA204,22,20,32,17,26,27,24,25
3310,CBCA201,76,73,76,69,70,73,73,74
3310,CBCA202,64,84,75,68,77,83,75,74
3310,CBCA203,80,79,69,77,71,72,75,74
3310,CBCA204,78,74,66,73,73,81,74,74
3311,CBCA201,83,83,98,93,96,91,91,90
3311,CBCA202,94,91,97,83,84,85,89,90
3311,CBCA203,90,82,95,96,100,83,91,90
3311,CBCA204,87,96,91,83,92,87,89,90
3312,CBCA201,93,79,81,76,83,87,83,84
3312,CBCA202,88,80,78,77,87,85,83,84
3312,CBCA203,91,91,77,83,77,81,83,84
3312,CBCA204,79,89,90,91,85,81,86,84
3313,CBCA201,64,70,64,68,61,59,64,62
3313,CBCA202,58,63,59,63,58,60,60,62
3313,CBCA203,53,63,59,68,53,66,60,62
3313,CBCA204,67,63,52,67,61,58,61,62
3314,CBCA201,62,53,60,54,54,66,58,56
3314,CBCA202,58,62,60,52,50,62,57,56
3314,CBCA203,49,50,50,64,51,55,53,56
3314,CBCA204,66,57,56,55,55,47,56,56
3315,CBCA201,45,49,52,41,41,44,45,47
3315,CBCA202,42,43,53,51,44,41,46,47
3315,CBCA203,42,36,51,41,47,43,43,47
3315,CBCA204,48,54,49,55,53,55,52,47
3316,CBCA201,71,63,65,58,72,71,67,69
3316,CBCA202,71,71,74,74,69,76,73,69
3316,CBCA203,76,63,76,65,68,72,70,69
3316,CBCA204,59,65,62,71,67,73,66,69
3317,CBCA201,75,76,75,73,71,76,74,79
3317,CBCA202,81,80,74,84,80,84,81,79
3317,CBCA203,80,79,85,78,81,78,80,79
3317,CBCA204,72,75,88,84,85,77,80,79
3318,CBCA201,77,76,75,70,80,72,75,75
3318,CBCA202,68,72,73,71,78,74,73,75
3318,CBCA203,70,71,79,69,66,74,72,75
3318,CBCA204,82,84,76,78,77,80,80,75
3319,CBCA201,16,24,21,13,19,11,17,14
3319,CBCA202,10,8,11,16,11,12,11,14
3319,CBCA203,18,19,19,13,13,15,16,14
3319,CBCA204,9,11,6,15,18,13,12,14
3320,CBCA201,58,46,54,48,51,51,51,52
3320,CBCA202,58,58,52,51,51,51,54,52
3320,CBCA203,54,48,53,48,48,48,50,52
3320,CBCA204,46,59,52,64,45,52,53,52
3321,CBCA201,59,49,44,53,64,46,53,53
3321,CBCA202,47,49,52,54,61,59,54,53
3321,CBCA203,50,52,49,53,56,63,54,53
3321,CBCA204,60,49,53,50,48,56,53,53
3322,CBCA201,74,76,77,79,81,75,77,77
3322,CBCA202,79,70,83,76,75,78,77,77
3322,CBCA203,84,82,71,81,77,85,80,77
3322,CBCA204,77,82,72,70,76,78,76,77
3323,CBCA201,94,84,96,85,86,88,89,88
3323,CBCA202,89,85,90,86,88,94,89,88
3323,CBCA203,89,94,91,93,83,87,90,88
3323,CBCA204,94,82,78,93,80,84,85,88
3324,CBCA201,59,70,64,62,61,60,63,61
3324,CBCA202,69,64,56,60,65,62,63,61
3324,CBCA203,50,66,58,51,61,69,59,61
3324,CBCA204,59,58,66,63,69,50,61,61
3325,CBCA201,9,20,26,14,16,19,17,20
3325,CBCA202,18,15,14,19,21,17,17,20
3325,CBCA203,16,29,23,23,24,23,23,20
3325,CBCA204,27,26,19,23,18,16,22,20
3326,CBCA201,70,86,81,83,86,84,82,80
3326,CBCA202,79,81,77,85,82,86,82,80
3326,CBCA203,80,75,81,70,84,76,78,80
3326,CBCA204,79,81,79,78,85,82,81,80
3327,CBCA201,3,3,9,9,10,8,7,10
3327,CBCA202,14,7,15,8,11,3,10,10
3327,CBCA203,18,21,10,5,13,7,12,10
3327,CBCA204,7,16,17,8,11,11,12,10
3328,CBCA201,85,89,90,77,94,84,87,86
3328,CBCA202,97,79,81,86,87,80,85,86
3328,CBCA203,91,80,85,89,88,92,88,86
3328,CBCA204,84,75,89,86,75,89,83,86
3329,CBCA201,62,58,65,59,55,55,59,60
3329,CBCA202,57,61,60,52,65,65,60,60
3329,CBCA203,54,54,54,58,69,61,58,60
3329,CBCA204,56,59,69,62,68,57,62,60
3330,CBCA201,63,57,54,60,54,55,57,56
3330,CBCA202,51,57,52,61,59,52,55,56
3330,CBCA203,51,46,57,57,58,60,55,56
3330,CBCA204,48,53,60,59,60,59,57,56
3331,CBCA201,100,96,100,91,94,90,95,94
3331,CBCA202,89,96,95,96,100,87,94,94
3331,CBCA203,87,89,91,100,97,100,94,94
3331,CBCA204,89,90,100,97,97,93,94,94
3332,CBCA201,65,66,67,73,76,78,71,69
3332,CBCA202,76,65,72,61,69,68,69,69
3332,CBCA203,67,66,59,65,74,76,68,69
3332,CBCA204,74,77,67,63,69,73,71,69
3333,CBCA201,74,67,81,78,78,81,77,73
3333,CBCA202,71,81,70,65,69,73,72,73
3333,CBCA203,72,69,71,74,70,75,72,73
3333,CBCA204,74,75,70,77,75,69,73,73
3334,CBCA201,74,76,89,77,77,77,78,77
3334,CBCA202,80,76,77,71,71,73,75,77
3334,CBCA203,72,81,79,77,87,74,78,77
3334,CBCA204,69,73,77,77,75,80,75,77
3335,CBCA201,77,80,91,83,82,78,82,83
3335,CBCA202,82,90,80,86,78,72,81,83
3335,CBCA203,90,91,92,77,83,76,85,83
3335,CBCA204,92,83,74,87,82,82,83,83
3336,CBCA201,59,61,61,59,60,54,59,60
3336,CBCA202,57,56,69,54,63,56,59,60
3336,CBCA203,63,60,61,63,60,72,63,60
3336,CBCA204,58,57,55,55,64,70,60,60
3337,CBCA201,48,59,48,49,50,44,50,52
3337,CBCA202,46,54,56,57,58,50,54,52
3337,CBCA203,45,52,49,59,55,61,54,52
3337,CBCA204,53,56,54,44,48,57,52,52
3338,CBCA201,19,20,10,16,24,21,18,17
3338,CBCA202,16,9,24,11,26,12,16,17
3338,CBCA203,16,8,12,18,10,15,13,17
3338,CBCA204,18,17,15,22,24,26,20,17
3339,CBCA201,53,46,43,43,51,44,47,45
3339,CBCA202,44,45,48,47,40,41,44,45
3339,CBCA203,52,50,42,47,43,44,46,45
3339,CBCA204,50,42,50,41,45,37,44,45
3340,CBCA201,55,59,59,57,59,51,57,58
3340,CBCA202,69,56,55,62,62,54,60,58
3340,CBCA203,53,62,51,51,52,65,56,58
3340,CBCA204,54,62,58,56,69,60,60,58
3341,CBCA201,58,59,63,60,62,71,62,61
3341,CBCA202,63,57,58,59,59,61,60,61
3341,CBCA203,69,68,62,63,57,57,63,61
3341,CBCA204,65,67,51,51,52,65,59,61
3342,CBCA201,86,84,79,92,82,74,83,84
3342,CBCA202,87,85,81,86,91,81,85,84
3342,CBCA203,85,79,79,82,87,76,81,84
3342,CBCA204,91,84,84,83,88,79,85,84
3343,CBCA201,64,68,72,69,70,69,69,66
3343,CBCA202,69,55,72,69,61,60,64,66
3343,CBCA203,62,62,67,70,71,57,65,66
3343,CBCA204,65,65,68,64,61,72,66,66
3344,CBCA201,55,61,70,68,57,57,61,62
3344,CBCA202,68,56,62,64,63,58,62,62
3344,CBCA203,63,71,55,56,73,62,63,62
3344,CBCA204,61,69,56,56,63,67,62,62
3345,CBCA201,60,74,62,55,65,54,62,62
3345,CBCA202,61,52,61,62,63,60,60,62
3345,CBCA203,61,59,69,64,63,61,63,62
3345,CBCA204,67,66,66,60,63,65,65,62
3346,CBCA201,65,59,65,59,63,51,60,61
3346,CBCA202,58,64,65,55,63,61,61,61
3346,CBCA203,57,55,53,65,61,67,60,61
3346,CBCA204,53,66,67,68,63,58,63,61
3347,CBCA201,81,83,83,89,78,92,84,83
3347,CBCA202,72,79,74,84,88,82,80,83
3347,CBCA203,73,84,87,73,89,79,81,83
3347,CBCA204,82,81,88,87,88,88,86,83
3348,CBCA201,67,71,65,64,70,71,68,67
3348,CBCA202,61,70,67,59,63,64,64,67
3348,CBCA203,69,66,70,60,71,70,68,67
3348,CBCA204,74,69,61,61,72,74,69,67
3349,CBCA201,68,74,76,65,76,66,71,71
3349,CBCA202,74,81,63,78,70,79,74,71
3349,CBCA203,66,65,78,73,67,72,70,71
3349,CBCA204,65,74,70,73,74,68,71,71
3350,CBCA201,84,77,82,79,76,87,81,77
3350,CBCA202,71,82,77,82,84,65,77,77
3350,CBCA203,69,71,83,88,72,72,76,77
3350,CBCA204,72,75,81,73,72,81,76,77
3351,CBCA201,70,75,70,70,70,58,69,68
3351,CBCA202,59,64,63,75,70,68,67,68
3351,CBCA203,71,73,62,74,65,76,70,68
3351,CBCA204,63,67,65,66,64,65,65,68
3352,CBCA201,80,80,85,76,80,85,81,82
3352,CBCA202,71,74,80,76,82,79,77,82
3352,CBCA203,88,82,79,76,79,90,82,82
3352,CBCA204,89,91,83,77,92,83,86,82
3353,CBCA201,75,74,89,74,84,88,81,86
3353,CBCA202,91,86,79,81,94,89,87,86
3353,CBCA203,94,85,85,89,82,87,87,86
3353,CBCA204,89,93,84,79,93,92,88,86
3354,CBCA201,73,81,75,74,71,74,75,76
3354,CBCA202,82,79,77,80,71,76,78,76
3354,CBCA203,74,71,66,79,78,78,74,76
3354,CBCA204,77,77,77,75,85,81,79,76
3355,CBCA201,64,65,72,60,72,59,65,64
3355,CBCA202,57,59,58,58,62,62,59,64
3355,CBCA203,60,65,71,66,67,61,65,64
3355,CBCA204,65,64,71,71,72,61,67,64
3356,CBCA201,79,79,81,88,83,74,81,81
3356,CBCA202,77,74,81,83,86,91,82,81
3356,CBCA203,79,87,77,82,74,70,78,81
3356,CBCA204,76,85,76,89,84,77,81,81
3357,CBCA201,87,91,93,84,85,98,90,88
3357,CBCA202,87,86,87,89,96,86,89,88
3357,CBCA203,79,96,85,79,90,84,86,88
3357,CBCA204,87,86,88,82,99,90,89,88
3358,CBCA201,85,78,85,81,80,82,82,82
3358,CBCA202,77,76,76,85,75,76,78,82
3358,CBCA203,79,86,77,85,93,91,85,82
3358,CBCA204,88,88,75,86,82,79,83,82
3359,CBCA201,47,57,63,53,53,55,55,56
3359,CBCA202,67,56,55,49,53,58,56,56
3359,CBCA203,64,50,63,46,52,58,56,56
3359,CBCA204,49,62,65,65,51,54,58,56
3360,CBCA201,70,62,69,64,61,69,66,66
3360,CBCA202,76,72,62,62,54,65,65,66
3360,CBCA203,73,60,61,66,62,74,66,66
3360,CBCA204,63,61,68,67,71,62,65,66
3361,CBCA201,53,50,47,50,42,53,49,50
3361,CBCA202,55,44,57,42,55,46,50,50
3361,CBCA203,50,50,52,57,54,54,53,50
3361,CBCA204,41,54,47,53,43,43,47,50
3362,CBCA201,79,81,74,81,79,73,78,79
3362,CBCA202,81,80,91,74,78,84,81,79
3362,CBCA203,81,75,86,84,75,73,79,79
3362,CBCA204,79,78,76,73,83,82,79,79
3363,CBCA201,45,46,50,53,59,49,50,52
3363,CBCA202,50,54,56,58,52,46,53,52
3363,CBCA203,57,53,53,50,51,56,53,52
3363,CBCA204,55,48,46,50,63,58,53,52
3364,CBCA201,13,3,11,1,2,0,5,4
3364,CBCA202,0,9,5,6,4,0,4,4
3364,CBCA203,0,0,0,2,0,9,2,4
3364,CBCA204,2,0,0,1,15,4,4,4
3365,CBCA201,29,27,36,31,28,20,29,29
3365,CBCA202,23,34,26,28,34,30,29,29
3365,CBCA203,31,25,28,30,22,31,28,29
3365,CBCA204,36,37,27,25,31,32,31,29
3366,CBCA201,52,53,53,46,51,48,51,53
3366,CBCA202,52,47,51,51,54,53,51,53
3366,CBCA203,60,52,55,46,52,60,54,53
3366,CBCA204,60,58,49,59,52,47,54,53
3367,CBCA201,81,75,74,88,79,74,79,77
3367,CBCA202,82,81,77,80,73,68,77,77
3367,CBCA203,79,65,74,77,82,77,76,77
3367,CBCA204,85,74,87,81,73,71,79,77
3368,CBCA201,36,33,34,42,38,46,38,39
3368,CBCA202,38,43,28,37,41,42,38,39
3368,CBCA203,34,47,43,39,32,43,40,39
3368,CBCA204,43,38,46,40,30,38,39,39
3369,CBCA201,38,45,40,42,38,38,40,40
3369,CBCA202,41,40,43,47,35,37,41,40
3369,CBCA203,34,45,39,38,37,45,40,40
3369,CBCA204,42,43,32,38,45,44,41,40
3370,CBCA201,91,100,97,100,100,100,98,97
3370,CBCA202,100,100,99,100,97,98,99,97
3370,CBCA203,91,100,91,100,100,97,97,97
3370,CBCA204,97,94,100,93,93,92,95,97
3371,CBCA201,51,49,40,43,41,59,47,49
3371,CBCA202,49,53,39,51,46,43,47,49
3371,CBCA203,49,45,52,58,60,42,51,49
3371,CBCA204,46,50,46,57,51,48,50,49
3372,CBCA201,62,67,74,73,79,72,71,71
3372,CBCA202,62,67,65,71,69,76,68,71
3372,CBCA203,70,64,79,73,73,76,73,71
3372,CBCA204,75,80,76,73,78,60,74,71
3373,CBCA201,59,56,60,64,52,53,57,58
3373,CBCA202,59,51,55,66,59,51,57,58
3373,CBCA203,59,59,61,60,56,52,58,58
3373,CBCA204,64,69,59,54,61,55,60,58
3374,CBCA201,29,23,20,14,22,23,22,20
3374,CBCA202,19,28,25,27,23,19,24,20
3374,CBCA203,18,12,25,18,18,15,18,20
3374,CBCA204,17,21,17,12,14,19,17,20
3375,CBCA201,29,32,34,44,39,26,34,35
3375,CBCA202,34,44,47,43,34,32,39,35
3375,CBCA203,33,35,35,40,37,24,34,35
3375,CBCA204,31,35,29,42,26,43,34,35
3376,CBCA201,100,96,99,96,100,100,99,99
3376,CBCA202,100,99,100,100,96,95,98,99
3376,CBCA203,100,100,99,100,100,98,100,99
3376,CBCA204,100,100,95,99,100,100,99,99
3377,CBCA201,89,76,83,85,83,84,83,89
3377,CBCA202,84,88,97,91,90,91,90,89
3377,CBCA203,92,96,84,91,95,93,92,89
3377,CBCA204,87,92,92,92,98,82,91,89
3378,CBCA201,80,67,77,83,73,69,75,74
3378,CBCA202,71,69,70,70,64,67,69,74
3378,CBCA203,73,78,79,78,73,69,75,74
3378,CBCA204,78,74,71,81,76,82,77,74
3379,CBCA201,0,1,0,9,5,12,5,4
3379,CBCA202,5,0,1,1,1,7,3,4
3379,CBCA203,4,0,5,13,8,0,5,4
3379,CBCA204,1,0,4,9,0,0,2,4
3380,CBCA201,83,87,92,93,88,83,88,87
3380,CBCA202,83,83,78,77,81,91,82,87
3380,CBCA203,83,88,86,84,90,92,87,87
3380,CBCA204,90,82,87,97,93,94,91,87
3381,CBCA201,72,83,73,73,80,79,77,80
3381,CBCA202,86,76,78,90,90,83,84,80
3381,CBCA203,72,87,84,89,77,74,81,80
3381,CBCA204,81,80,76,81,81,80,80,80
3382,CBCA201,83,88,86,71,84,84,83,81
3382,CBCA202,87,83,80,78,81,85,82,81
3382,CBCA203,81,76,77,80,80,83,80,81
3382,CBCA204,81,75,88,84,76,73,80,81
3383,CBCA201,89,83,88,90,93,87,88,89
3383,CBCA202,88,91,91,81,90,89,88,89
3383,CBCA203,88,88,85,92,84,89,88,89
3383,CBCA204,95,83,94,84,95,91,90,89
3384,CBCA201,91,94,100,90,88,95,93,93
3384,CBCA202,92,88,90,85,99,100,92,93
3384,CBCA203,96,96,92,85,89,100,93,93
3384,CBCA204,93,91,87,92,90,100,92,93
3385,CBCA201,6,13,3,0,0,0,4,3
3385,CBCA202,6,0,0,6,4,3,3,3
3385,CBCA203,9,0,0,2,0,0,2,3
3385,CBCA204,9,8,0,0,12,1,5,3
3386,CBCA201,45,46,50,43,48,45,46,49
3386,CBCA202,48,51,58,50,57,53,53,49
3386,CBCA203,48,59,41,48,47,55,50,49
3386,CBCA204,51,44,45,40,48,52,47,49
3387,CBCA201,76,82,81,76,87,85,81,83
3387,CBCA202,82,88,77,75,93,90,84,83
3387,CBCA203,73,88,81,83,86,80,82,83
3387,CBCA204,81,86,88,86,83,88,85,83
3388,CBCA201,96,77,84,83,94,84,86,89
3388,CBCA202,87,78,86,99,93,94,90,89
3388,CBCA203,93,86,84,88,85,91,88,89
3388,CBCA204,86,91,87,97,87,98,91,89
3389,CBCA201,64,61,69,58,63,55,62,61
3389,CBCA202,62,57,66,68,61,62,63,61
3389,CBCA203,68,51,57,53,61,54,57,61
3389,CBCA204,54,62,61,67,71,64,63,61
3390,CBCA201,82,95,81,78,82,90,85,85
3390,CBCA202,91,84,90,84,88,77,86,85
3390,CBCA203,74,77,90,85,86,86,83,85
3390,CBCA204,93,85,88,82,87,74,85,85
3391,CBCA201,61,55,66,45,56,57,57,56
3391,CBCA202,61,48,51,50,49,56,53,56
3391,CBCA203,62,55,54,52,64,61,58,56
3391,CBCA204,61,56,56,56,62,55,58,56
3392,CBCA201,76,74,77,70,74,82,76,74
3392,CBCA202,72,78,76,71,68,82,75,74
3392,CBCA203,68,75,77,73,75,70,73,74
3392,CBCA204,80,77,76,75,72,66,74,74
3393,CBCA201,72,57,65,67,62,64,65,61
3393,CBCA202,53,63,65,63,55,56,59,61
3393,CBCA203,66,58,64,55,65,67,63,61
3393,CBCA204,58,49,58,61,57,66,58,61
3394,CBCA201,69,71,60,84,67,74,71,72
3394,CBCA202,73,77,66,73,79,73,74,72
3394,CBCA203,63,64,73,74,72,63,68,72
3394,CBCA204,74,81,79,64,73,81,75,72
3395,CBCA201,78,88,89,88,93,83,87,84
3395,CBCA202,76,85,85,82,95,83,84,84
3395,CBCA203,74,80,77,85,84,82,80,84
3395,CBCA204,89,89,76,86,83,80,84,84
3396,CBCA201,63,59,61,50,47,60,57,58
3396,CBCA202,57,65,62,50,63,54,59,58
3396,CBCA203,55,53,54,60,61,68,59,58
3396,CBCA204,49,57,65,58,57,59,58,58
3397,CBCA201,66,76,72,61,63,76,69,71
3397,CBCA202,75,69,71,75,75,72,73,71
3397,CBCA203,76,69,77,80,69,69,73,71
3397,CBCA204,68,68,67,70,72,73,70,71
3398,CBCA201,90,93,86,86,89,82,88,87
3398,CBCA202,86,89,88,80,80,83,84,87
3398,CBCA203,77,81,93,87,92,90,87,87
3398,CBCA204,90,84,87,87,83,95,88,87
3399,CBCA201,94,99,86,91,97,83,92,90
3399,CBCA202,87,100,84,80,95,92,90,90
3399,CBCA203,96,93,92,81,83,94,90,90
3399,CBCA204,87,89,84,95,90,93,90,90
3400,CBCA201,58,66,61,64,71,50,62,63
3400,CBCA202,55,59,58,58,62,67,60,63
3400,CBCA203,64,69,68,70,67,59,66,63
3400,CBCA204,67,65,62,68,56,69,65,63
3401,CBCA201,79,83,88,93,80,84,85,84
3401,CBCA202,84,77,86,85,87,81,83,84
3401,CBCA203,89,80,82,77,94,84,84,84
3401,CBCA204,88,93,85,84,85,76,85,84
3402,CBCA201,36,38,38,38,46,27,37,35
3402,CBCA202,37,35,31,33,31,42,35,35
3402,CBCA203,39,33,36,36,29,40,36,35
3402,CBCA204,32,28,25,47,40,30,34,35
3403,CBCA201,89,80,89,82,91,92,87,85
3403,CBCA202,78,92,84,90,79,84,85,85
3403,CBCA203,94,85,81,83,89,84,86,85
3403,CBCA204,87,79,85,88,82,77,83,85
3404,CBCA201,61,52,61,51,51,54,55,59
3404,CBCA202,61,53,56,71,63,53,60,59
3404,CBCA203,62,58,55,54,62,68,60,59
3404,CBCA204,70,67,56,55,59,62,62,59
3405,CBCA201,59,56,48,58,67,56,57,58
3405,CBCA202,54,63,55,57,58,57,57,58
3405,CBCA203,56,58,53,69,61,59,59,58
3405,CBCA204,58,50,67,59,56,64,59,58
3406,CBCA201,77,71,67,75,69,73,72,69
3406,CBCA202,70,69,65,61,73,69,68,69
3406,CBCA203,71,62,68,74,63,74,69,69
3406,CBCA204,68,62,67,61,72,68,66,69
3407,CBCA201,74,83,85,84,86,71,81,78
3407,CBCA202,74,76,73,73,78,77,75,78
3407,CBCA203,67,80,75,75,83,75,76,78
3407,CBCA204,81,72,79,74,85,81,79,78
3408,CBCA201,77,83,73,66,78,68,74,74
3408,CBCA202,77,76,75,63,73,68,72,74
3408,CBCA203,67,76,79,72,81,78,76,74
3408,CBCA204,74,67,75,75,72,73,73,74
3409,CBCA201,57,56,55,65,56,67,59,62
3409,CBCA202,62,65,57,59,54,59,59,62
3409,CBCA203,66,62,69,66,69,62,66,62
3409,CBCA204,63,65,68,55,63,63,63,62
3410,CBCA201,27,34,38,30,23,36,31,33
3410,CBCA202,24,35,31,32,27,31,30,33
3410,CBCA203,31,35,31,35,27,36,33,33
3410,CBCA204,36,40,37,38,27,39,36,33
3411,CBCA201,22,23,15,31,24,27,24,26
3411,CBCA202,22,24,22,25,36,23,25,26
3411,CBCA203,28,32,26,23,31,32,29,26
3411,CBCA204,28,30,22,31,20,24,26,26
3412,CBCA201,80,83,87,78,89,84,84,82
3412,CBCA202,85,85,73,75,83,82,81,82
3412,CBCA203,80,74,89,75,88,82,81,82
3412,CBCA204,80,86,81,89,78,88,84,82
3413,CBCA201,16,16,8,6,14,12,12,12
3413,CBCA202,4,9,23,14,13,19,14,12
3413,CBCA203,8,15,3,19,12,15,12,12
3413,CBCA204,6,13,16,11,17,7,12,12
3414,CBCA201,40,43,47,42,34,46,42,38
3414,CBCA202,37,32,38,41,36,38,37,38
3414,CBCA203,31,31,35,38,41,45,37,38
3414,CBCA204,35,37,34,43,40,32,37,38
3415,CBCA201,72,66,74,72,65,66,69,68
3415,CBCA202,64,72,73,62,64,67,67,68
3415,CBCA203,57,75,71,76,73,66,70,68
3415,CBCA204,60,61,61,66,69,71,65,68
3416,CBCA201,80,69,73,75,64,66,71,73
3416,CBCA202,75,82,73,70,69,77,74,73
3416,CBCA203,74,76,65,79,73,64,72,73
3416,CBCA204,76,77,77,76,74,65,74,73
3417,CBCA201,34,41,30,33,35,33,34,37
3417,CBCA202,35,35,37,47,40,35,38,37
3417,CBCA203,40,30,40,48,39,37,39,37
3417,CBCA204,48,36,41,32,29,43,38,37
3418,CBCA201,51,58,55,61,55,54,56,53
3418,CBCA202,56,55,59,43,50,53,53,53
3418,CBCA203,54,49,46,57,54,57,53,53
3418,CBCA204,60,43,45,50,51,55,51,53
3419,CBCA201,71,79,83,81,70,69,76,73
3419,CBCA202,76,71,70,74,71,71,72,73
3419,CBCA203,70,74,67,74,73,72,72,73
3419,CBCA204,74,78,70,73,73,74,74,73
3420,CBCA201,57,55,60,46,60,51,55,55
3420,CBCA202,53,62,57,50,66,46,56,55
3420,CBCA203,45,61,59,51,48,59,54,55
3420,CBCA204,59,62,60,59,48,53,57,55
3421,CBCA201,85,84,91,85,84,91,87,89
3421,CBCA202,90,93,93,86,99,87,91,89
3421,CBCA203,86,90,90,81,87,95,88,89
3421,CBCA204,89,87,89,87,88,91,89,89
3422,CBCA201,77,74,80,79,72,80,77,73
3422,CBCA202,73,81,78,70,75,75,75,73
3422,CBCA203,75,61,67,69,74,82,71,73
3422,CBCA204,62,68,81,75,64,68,70,73
3423,CBCA201,100,100,96,94,92,100,97,97
3423,CBCA202,100,100,99,91,100,93,97,97
3423,CBCA203,95,100,89,95,100,100,97,97
3423,CBCA204,96,94,100,96,87,100,96,97
3424,CBCA201,81,94,85,88,87,97,89,87
3424,CBCA202,87,82,85,84,86,95,87,87
3424,CBCA203,92,80,86,77,96,88,87,87
3424,CBCA204,90,87,80,90,80,95,87,87
3425,CBCA201,71,83,76,74,76,79,77,76
3425,CBCA202,67,72,72,73,74,80,73,76
3425,CBCA203,76,71,70,79,75,83,76,76
3425,CBCA204,66,79,82,83,82,81,79,76
3426,CBCA201,37,47,43,37,49,41,42,44
3426,CBCA202,44,47,42,45,40,35,42,44
3426,CBCA203,48,47,40,40,41,35,42,44
3426,CBCA204,51,47,44,47,49,48,48,44
3427,CBCA201,52,60,60,67,48,67,59,56
3427,CBCA202,52,55,54,60,47,56,54,56
3427,CBCA203,56,56,47,53,64,54,55,56
3427,CBCA204,58,63,57,57,59,46,57,56
3428,CBCA201,82,77,89,90,82,75,83,85
3428,CBCA202,93,86,91,88,85,92,89,85
3428,CBCA203,84,94,90,80,82,85,86,85
3428,CBCA204,75,88,83,83,89,87,84,85
3429,CBCA201,83,97,89,91,95,99,92,91
3429,CBCA202,88,88,81,90,86,97,88,91
3429,CBCA203,100,87,87,92,96,93,93,91
3429,CBCA204,93,97,95,100,83,85,92,91
3430,CBCA201,76,76,71,78,76,92,78,78
3430,CBCA202,86,73,75,79,75,76,77,78
3430,CBCA203,88,77,81,78,84,78,81,78
3430,CBCA204,79,85,69,73,74,83,77,78
3431,CBCA201,84,87,87,76,85,86,84,81
3431,CBCA202,80,73,85,73,78,85,79,81
3431,CBCA203,74,75,82,85,85,78,80,81
3431,CBCA204,79,73,81,86,85,87,82,81
3432,CBCA201,71,56,61,66,70,56,63,64
3432,CBCA202,65,73,64,65,63,64,66,64
3432,CBCA203,57,68,64,68,58,61,63,64
3432,CBCA204,56,73,53,75,64,66,65,64
3433,CBCA201,84,79,82,71,76,83,79,79
3433,CBCA202,79,79,83,73,88,69,79,79
3433,CBCA203,78,85,77,80,80,84,81,79
3433,CBCA204,75,77,80,81,77,78,78,79
3434,CBCA201,47,51,63,67,48,57,56,57
3434,CBCA202,63,62,55,57,58,65,60,57
3434,CBCA203,63,47,56,64,49,53,55,57
3434,CBCA204,53,65,62,62,57,54,59,57
3435,CBCA201,59,76,63,56,68,67,65,65
3435,CBCA202,62,62,63,59,66,72,64,65
3435,CBCA203,64,58,68,66,75,62,66,65
3435,CBCA204,65,66,64,72,63,62,65,65
3436,CBCA201,80,81,87,86,93,81,85,83
3436,CBCA202,76,90,86,84,81,90,85,83
3436,CBCA203,82,75,78,86,89,79,82,83
3436,CBCA204,82,78,84,88,86,80,83,83
3437,CBCA201,15,4,18,0,10,9,9,7
3437,CBCA202,1,10,6,15,17,13,10,7
3437,CBCA203,3,5,6,9,6,1,5,7
3437,CBCA204,0,6,3,7,0,6,4,7
3438,CBCA201,78,67,73,73,66,75,72,71
3438,CBCA202,70,74,72,75,75,63,72,71
3438,CBCA203,66,69,70,65,72,64,68,71
3438,CBCA204,80,65,71,71,67,74,71,71
3439,CBCA201,88,93,100,99,94,100,96,96
3439,CBCA202,97,97,96,91,98,88,95,96
3439,CBCA203,96,95,100,98,95,100,97,96
3439,CBCA204,89,96,98,92,100,100,96,96
3440,CBCA201,81,81,71,74,79,75,77,79
3440,CBCA202,79,73,79,85,88,76,80,79
3440,CBCA203,79,80,74,80,79,67,77,79
3440,CBCA204,86,85,73,81,83,86,82,79
3441,CBCA201,95,98,98,90,96,89,94,94
3441,CBCA202,97,95,100,98,94,90,96,94
3441,CBCA203,97,95,96,94,98,82,94,94
3441,CBCA204,88,83,96,94,97,96,92,94
3442,CBCA201,51,51,41,47,50,52,49,51
3442,CBCA202,52,53,54,57,52,46,52,51
3442,CBCA203,59,51,59,59,52,46,54,51
3442,CBCA204,53,56,53,46,43,46,50,51
3443,CBCA201,62,70,55,57,53,60,60,61
3443,CBCA202,69,56,67,62,71,70,66,61
3443,CBCA203,53,60,55,71,72,69,63,61
3443,CBCA204,61,59,50,58,57,56,57,61
3444,CBCA201,100,100,86,88,98,93,94,95
3444,CBCA202,100,98,100,90,100,96,97,95
3444,CBCA203,89,100,95,94,100,99,96,95
3444,CBCA204,88,90,91,86,94,100,92,95
3445,CBCA201,34,27,37,22,25,34,30,26
3445,CBCA202,30,34,25,22,25,24,27,26
3445,CBCA203,28,26,21,18,22,14,22,26
3445,CBCA204,24,22,32,32,15,22,25,26
3446,CBCA201,90,81,69,77,81,77,79,81
3446,CBCA202,82,76,74,81,80,80,79,81
3446,CBCA203,75,78,86,80,85,84,81,81
3446,CBCA204,83,77,88,86,84,84,84,81
3447,CBCA201,67,58,67,55,63,55,61,60
3447,CBCA202,56,55,59,64,63,57,59,60
3447,CBCA203,56,67,54,59,54,68,60,60
3447,CBCA204,65,64,67,54,54,52,59,60
3448,CBCA201,76,72,65,68,70,71,70,72
3448,CBCA202,73,69,75,68,73,73,72,72
3448,CBCA203,76,75,78,71,68,73,74,72
3448,CBCA204,76,73,76,63,76,72,73,72
3449,CBCA201,81,73,69,69,61,73,71,70
3449,CBCA202,65,65,71,69,71,66,68,70
3449,CBCA203,76,69,72,64,66,78,71,70
3449,CBCA204,72,67,75,65,68,69,69,70
3450,CBCA201,78,84,83,71,81,80,80,79
3450,CBCA202,70,78,84,83,80,84,80,79
3450,CBCA203,71,82,77,74,76,77,76,79
3450,CBCA204,70,76,75,85,81,84,79,79
3451,CBCA201,64,63,57,65,60,58,61,61
3451,CBCA202,63,59,64,67,63,57,62,61
3451,CBCA203,58,57,58,65,57,71,61,61
3451,CBCA204,62,54,55,64,55,71,60,61
3452,CBCA201,80,74,80,72,71,85,77,79
3452,CBCA202,80,79,68,82,72,76,76,79
3452,CBCA203,71,85,87,83,81,87,82,79
3452,CBCA204,81,77,79,78,83,83,80,79
3453,CBCA201,94,86,88,89,100,94,92,90
3453,CBCA202,86,96,97,95,79,92,91,90
3453,CBCA203,92,86,84,85,98,88,89,90
3453,CBCA204,92,92,89,86,90,88,90,90
3454,CBCA201,84,76,81,81,74,85,80,79
3454,CBCA202,82,75,84,77,82,84,81,79
3454,CBCA203,84,76,72,88,70,88,80,79
3454,CBCA204,85,80,75,74,74,72,77,79
3455,CBCA201,64,72,72,64,68,70,68,69
3455,CBCA202,75,70,76,65,71,64,70,69
3455,CBCA203,60,61,70,76,65,68,67,69
3455,CBCA204,72,61,69,77,68,71,70,69
3456,CBCA201,97,100,99,95,98,100,98,97
3456,CBCA202,95,92,100,93,100,100,97,97
3456,CBCA203,95,100,92,94,91,92,94,97
3456,CBCA204,100,100,100,97,100,100,100,97
3457,CBCA201,78,74,83,68,73,77,76,74
3457,CBCA202,68,84,64,67,75,74,72,74
3457,CBCA203,71,69,80,71,71,72,72,74
3457,CBCA204,69,80,82,81,67,78,76,74
3458,CBCA201,65,66,59,56,52,52,58,57
3458,CBCA202,60,54,54,57,55,52,55,57
3458,CBCA203,65,59,56,53,60,55,58,57
3458,CBCA204,67,55,45,55,66,54,57,57
3459,CBCA201,92,97,98,93,97,98,96,94
3459,CBCA202,90,91,89,87,97,97,92,94
3459,CBCA203,86,100,99,90,100,94,95,94
3459,CBCA204,93,96,99,89,97,98,95,94
3460,CBCA201,90,93,87,95,80,84,88,87
3460,CBCA202,93,88,86,80,80,83,85,87
3460,CBCA203,90,89,85,81,89,86,87,87
3460,CBCA204,82,94,84,93,85,87,88,87
3461,CBCA201,92,84,100,97,97,94,94,93
3461,CBCA202,87,88,92,94,93,99,92,93
3461,CBCA203,98,99,99,86,89,91,94,93
3461,CBCA204,97,88,92,100,97,90,94,93
3462,CBCA201,74,84,79,69,74,69,75,76
3462,CBCA202,77,78,86,86,73,76,79,76
3462,CBCA203,71,73,71,84,85,76,77,76
3462,CBCA204,67,77,79,84,64,65,73,76
3463,CBCA201,58,61,57,47,62,56,57,55
3463,CBCA202,53,59,57,50,56,46,54,55
3463,CBCA203,64,47,52,49,60,62,56,55
3463,CBCA204,58,53,55,59,45,65,56,55
3464,CBCA201,78,93,83,86,83,92,86,86
3464,CBCA202,83,89,94,94,79,87,88,86
3464,CBCA203,85,80,82,88,80,90,84,86
3464,CBCA204,90,89,85,78,90,91,87,86
3465,CBCA201,57,47,57,50,60,62,56,58
3465,CBCA202,57,57,59,59,66,61,60,58
3465,CBCA203,66,48,57,54,60,59,57,58
3465,CBCA204,54,62,59,61,52,58,58,58
3466,CBCA201,65,56,54,59,62,62,60,60
3466,CBCA202,52,62,62,61,60,62,60,60
3466,CBCA203,61,67,61,66,56,55,61,60
3466,CBCA204,62,57,62,59,65,56,60,60
3467,CBCA201,93,93,99,90,94,91,93,95
3467,CBCA202,99,93,100,92,100,97,97,95
3467,CBCA203,99,93,92,100,99,92,96,95
3467,CBCA204,90,87,100,100,92,87,93,95
3468,CBCA201,63,55,62,48,50,55,56,55
3468,CBCA202,62,60,54,64,58,49,58,55
3468,CBCA203,61,50,63,57,53,53,56,55
3468,CBCA204,52,50,54,47,59,50,52,55
3469,CBCA201,83,83,92,90,90,87,88,87
3469,CBCA202,90,86,89,90,83,90,88,87
3469,CBCA203,82,83,93,92,86,90,88,87
3469,CBCA204,81,92,84,92,92,76,86,87
3470,CBCA201,78,75,66,68,76,73,73,72
3470,CBCA202,61,65,69,76,84,69,71,72
3470,CBCA203,81,63,75,80,76,63,73,72
3470,CBCA204,70,75,64,77,66,77,72,72
3471,CBCA201,95,89,100,93,99,100,96,95
3471,CBCA202,97,98,97,89,84,90,93,95
3471,CBCA203,100,87,96,89,95,94,94,95
3471,CBCA204,93,100,100,94,89,100,96,95
3472,CBCA201,56,55,54,55,58,50,55,56
3472,CBCA202,66,49,47,47,49,57,53,56
3472,CBCA203,59,57,51,58,53,61,57,56
3472,CBCA204,65,59,58,62,55,67,61,56
3473,CBCA201,83,89,90,100,96,94,92,93
3473,CBCA202,91,95,92,90,92,91,92,93
3473,CBCA203,100,91,92,97,91,100,95,93
3473,CBCA204,98,100,86,89,91,84,91,93
3474,CBCA201,84,84,78,85,86,79,83,85
3474,CBCA202,85,89,94,94,83,87,89,85
3474,CBCA203,79,84,86,81,93,82,84,85
3474,CBCA204,75,88,84,82,92,84,84,85
3475,CBCA201,52,63,54,57,67,53,58,57
3475,CBCA202,65,57,55,48,53,66,57,57
3475,CBCA203,47,60,54,61,66,50,56,57
3475,CBCA204,67,49,62,54,50,59,57,57
3476,CBCA201,21,10,19,24,19,17,18,19
3476,CBCA202,25,22,27,15,21,22,22,19
3476,CBCA203,10,24,14,21,19,24,19,19
3476,CBCA204,15,18,8,24,17,18,17,19
3477,CBCA201,38,32,26,24,35,29,31,30
3477,CBCA202,29,27,28,36,33,27,30,30
3477,CBCA203,39,34,26,23,36,38,33,30
3477,CBCA204,20,34,22,34,22,23,26,30
3478,CBCA201,85,76,80,64,81,76,77,74
3478,CBCA202,70,68,69,71,79,76,72,74
3478,CBCA203,72,72,73,68,74,81,73,74
3478,CBCA204,76,71,66,70,85,75,74,74
3479,CBCA201,49,59,56,58,47,48,53,52
3479,CBCA202,46,46,55,44,47,48,48,52
3479,CBCA203,53,55,45,52,56,54,53,52
3479,CBCA204,59,44,46,55,55,59,53,52
3480,CBCA201,64,53,57,55,56,56,57,57
3480,CBCA202,62,63,56,55,55,49,57,57
3480,CBCA203,64,56,66,56,56,54,59,57
3480,CBCA204,66,55,51,45,53,60,55,57
3481,CBCA201,47,56,52,53,54,50,52,52
3481,CBCA202,63,53,51,60,45,52,54,52
3481,CBCA203,47,60,47,47,59,54,52,52
3481,CBCA204,52,51,51,49,54,48,51,52
3482,CBCA201,97,95,98,97,91,88,94,94
3482,CBCA202,98,91,92,88,96,97,94,94
3482,CBCA203,91,99,93,84,92,100,93,94
3482,CBCA204,87,97,97,99,93,92,94,94
3483,CBCA201,58,59,56,61,70,49,59,57
3483,CBCA202,54,58,49,49,62,53,54,57
3483,CBCA203,65,49,49,63,69,62,60,57
3483,CBCA204,53,54,50,63,51,55,54,57
3484,CBCA201,72,69,68,70,71,59,68,68
3484,CBCA202,67,70,60,77,66,65,68,68
3484,CBCA203,71,68,71,64,69,70,69,68
3484,CBCA204,66,68,71,62,73,66,68,68
3485,CBCA201,43,49,46,44,43,49,46,49
3485,CBCA202,42,46,51,57,54,54,51,49
3485,CBCA203,48,43,57,55,45,49,50,49
3485,CBCA204,51,50,54,46,45,50,49,49
3486,CBCA201,88,82,84,78,75,89,83,80
3486,CBCA202,79,89,74,77,83,78,80,80
3486,CBCA203,79,80,82,89,73,71,79,80
3486,CBCA204,76,70,89,68,82,87,79,80
3487,CBCA201,79,69,70,75,75,62,72,72
3487,CBCA202,77,66,65,65,72,67,69,72
3487,CBCA203,78,79,62,80,80,74,76,72
3487,CBCA204,75,74,72,68,73,71,72,72
3488,CBCA201,15,14,20,26,32,18,21,21
3488,CBCA202,25,25,20,12,25,27,22,21
3488,CBCA203,29,15,21,19,27,18,22,21
3488,CBCA204,21,23,18,21,21,18,20,21
3489,CBCA201,91,85,75,82,90,84,85,82
3489,CBCA202,83,75,72,76,86,82,79,82
3489,CBCA203,75,81,85,82,80,83,81,82
3489,CBCA204,86,84,83,78,83,89,84,82
3490,CBCA201,23,12,15,18,10,26,17,19
3490,CBCA202,21,24,18,19,21,11,19,19
3490,CBCA203,21,18,18,16,23,20,19,19
3490,CBCA204,23,26,17,25,28,14,22,19
3491,CBCA201,67,64,68,63,70,67,67,66
3491,CBCA202,65,67,65,68,59,61,64,66
3491,CBCA203,76,66,68,62,68,62,67,66
3491,CBCA204,63,66,69,64,70,68,67,66
3492,CBCA201,63,66,70,66,69,69,67,67
3492,CBCA202,69,69,69,67,65,58,66,67
3492,CBCA203,78,73,75,67,66,76,73,67
3492,CBCA204,56,62,61,60,69,64,62,67
3493,CBCA201,91,96,93,98,94,95,95,94
3493,CBCA202,91,95,87,88,100,92,92,94
3493,CBCA203,100,100,99,99,96,97,99,94
3493,CBCA204,94,89,94,88,98,90,92,94
3494,CBCA201,38,36,31,41,36,34,36,32
3494,CBCA202,31,31,30,27,28,34,30,32
3494,CBCA203,26,27,37,27,28,36,30,32
3494,CBCA204,35,36,38,36,32,24,34,32
3495,CBCA201,52,56,58,57,42,48,52,53
3495,CBCA202,49,58,51,52,46,55,52,53
3495,CBCA203,46,64,49,62,62,46,55,53
3495,CBCA204,56,54,61,53,42,44,52,53
3496,CBCA201,65,77,63,72,64,71,69,70
3496,CBCA202,76,76,67,66,66,72,71,70
3496,CBCA203,66,76,81,59,69,61,69,70
3496,CBCA204,67,81,64,71,66,76,71,70
3497,CBCA201,76,73,68,74,68,76,73,72
3497,CBCA202,66,73,73,72,69,63,69,72
3497,CBCA203,71,67,80,67,77,69,72,72
3497,CBCA204,74,75,81,60,77,70,73,72
3498,CBCA201,70,76,63,80,70,72,72,74
3498,CBCA202,84,77,74,64,76,72,75,74
3498,CBCA203,79,70,74,65,69,74,72,74
3498,CBCA204,70,78,82,80,71,78,77,74
3499,CBCA201,94,91,90,82,90,90,90,89
3499,CBCA202,84,80,87,97,90,98,89,89
3499,CBCA203,81,84,91,88,89,89,87,89
3499,CBCA204,86,90,93,91,97,92,92,89
3500,CBCA201,29,30,38,40,25,28,32,31
3500,CBCA202,29,36,28,25,35,29,30,31
3500,CBCA203,23,34,33,30,31,31,30,31
3500,CBCA204,37,30,25,32,31,33,31,31
3501,CBCA201,22,24,22,31,20,18,23,21
3501,CBCA202,24,19,23,19,13,19,20,21
3501,CBCA203,17,25,26,18,31,17,22,21
3501,CBCA204,25,13,26,20,18,11,19,21
3502,CBCA201,86,83,83,84,87,80,84,80
3502,CBCA202,76,75,80,74,88,84,80,80
3502,CBCA203,77,86,69,78,81,68,77,80
3502,CBCA204,77,83,81,81,72,90,81,80
3503,CBCA201,33,38,38,34,47,30,37,38
3503,CBCA202,44,45,45,36,36,36,40,38
3503,CBCA203,36,36,37,42,36,41,38,38
3503,CBCA204,41,34,44,40,33,40,39,38
3504,CBCA201,49,57,55,58,61,57,56,56
3504,CBCA202,57,57,64,50,56,55,57,56
3504,CBCA203,57,55,54,63,62,49,57,56
3504,CBCA204,70,53,52,50,55,56,56,56
3505,CBCA201,85,88,84,83,84,82,84,82
3505,CBCA202,84,80,83,80,77,77,80,82
3505,CBCA203,73,81,80,93,80,73,80,82
3505,CBCA204,85,82,73,78,88,87,82,82
3506,CBCA201,76,79,79,73,76,77,77,77
3506,CBCA202,77,86,83,70,78,75,78,77
3506,CBCA203,69,67,81,85,80,77,77,77
3506,CBCA204,75,81,74,78,73,68,75,77
3507,CBCA201,89,98,99,86,94,88,92,90
3507,CBCA202,93,93,86,94,88,99,92,90
3507,CBCA203,84,90,90,82,87,81,86,90
3507,CBCA204,86,97,87,93,87,93,91,90
3508,CBCA201,53,61,45,51,51,62,54,55
3508,CBCA202,61,53,59,55,53,65,58,55
3508,CBCA203,53,52,58,52,61,57,56,55
3508,CBCA204,49,51,51,54,56,50,52,55
3509,CBCA201,76,82,76,79,75,84,79,83
3509,CBCA202,81,78,90,78,83,89,83,83
3509,CBCA203,86,77,87,87,85,81,84,83
3509,CBCA204,88,82,87,86,90,89,87,83
3510,CBCA201,76,86,73,82,86,85,81,83
3510,CBCA202,85,84,81,83,80,79,82,83
3510,CBCA203,82,89,74,81,90,86,84,83
3510,CBCA204,83,80,85,87,79,88,84,83
3511,CBCA201,39,39,41,43,35,42,40,39
3511,CBCA202,38,44,27,36,43,36,37,39
3511,CBCA203,37,50,36,38,37,32,38,39
3511,CBCA204,37,39,45,37,45,38,40,39
3512,CBCA201,86,87,99,94,83,89,90,92
3512,CBCA202,96,92,93,98,90,94,94,92
3512,CBCA203,99,100,94,83,84,89,92,92
3512,CBCA204,95,88,96,93,88,100,93,92
3513,CBCA201,87,96,99,79,82,88,89,87
3513,CBCA202,77,92,81,87,82,84,84,87
3513,CBCA203,86,86,78,83,95,88,86,87
3513,CBCA204,84,91,88,95,86,94,90,87
3514,CBCA201,87,86,87,89,88,83,87,87
3514,CBCA202,82,81,85,96,89,94,88,87
3514,CBCA203,92,86,92,83,77,93,87,87
3514,CBCA204,84,94,80,83,86,93,87,87
3515,CBCA201,87,93,96,93,100,96,94,94
3515,CBCA202,91,93,92,100,100,100,96,94
3515,CBCA203,91,88,87,87,92,95,90,94
3515,CBCA204,100,93,92,100,92,97,96,94
3516,CBCA201,31,31,28,31,27,21,28,28
3516,CBCA202,29,28,25,30,34,22,28,28
3516,CBCA203,22,17,32,36,24,20,25,28
3516,CBCA204,28,21,38,37,24,31,30,28
3517,CBCA201,70,74,81,86,79,87,80,77
3517,CBCA202,71,71,78,72,76,72,73,77
3517,CBCA203,72,70,83,82,84,83,79,77
3517,CBCA204,83,76,79,73,82,75,78,77
3518,CBCA201,53,44,55,53,54,42,50,53
3518,CBCA202,61,48,63,45,51,60,55,53
3518,CBCA203,47,58,60,49,47,53,52,53
3518,CBCA204,56,62,64,55,44,46,55,53
3519,CBCA201,50,61,54,64,62,56,58,58
3519,CBCA202,61,59,52,57,64,58,59,58
3519,CBCA203,50,59,48,56,57,67,56,58
3519,CBCA204,69,64,56,61,64,51,61,58
3520,CBCA201,69,57,73,72,69,63,67,69
3520,CBCA202,67,76,68,78,69,63,70,69
3520,CBCA203,62,60,77,80,70,75,71,69
3520,CBCA204,68,73,76,70,61,65,69,69
3521,CBCA201,59,54,41,60,63,48,54,52
3521,CBCA202,47,54,49,60,53,50,52,52
3521,CBCA203,49,56,46,58,41,47,50,52
3521,CBCA204,54,51,64,43,50,46,51,52
3522,CBCA201,14,17,23,10,20,12,16,19
3522,CBCA202,19,22,12,16,20,25,19,19
3522,CBCA203,17,29,25,25,14,21,22,19
3522,CBCA204,22,15,19,30,20,19,21,19
3523,CBCA201,51,62,55,54,61,55,56,56
3523,CBCA202,60,60,58,50,51,63,57,56
3523,CBCA203,55,57,60,63,50,54,57,56
3523,CBCA204,56,53,52,62,50,60,56,56
3524,CBCA201,51,53,55,49,42,55,51,52
3524,CBCA202,54,54,51,58,59,54,55,52
3524,CBCA203,53,59,44,50,50,49,51,52
3524,CBCA204,53,56,54,45,54,45,51,52
3525,CBCA201,63,77,81,71,75,79,74,72
3525,CBCA202,77,72,68,69,71,72,72,72
3525,CBCA203,77,72,69,71,73,77,73,72
3525,CBCA204,70,71,71,79,69,63,71,72
3526,CBCA201,61,66,55,63,74,69,65,65
3526,CBCA202,62,66,67,62,73,72,67,65
3526,CBCA203,61,63,58,68,61,70,64,65
3526,CBCA204,66,64,65,67,60,74,66,65
3527,CBCA201,61,40,55,52,59,54,54,51
3527,CBCA202,51,47,43,48,49,54,49,51
3527,CBCA203,56,46,49,53,57,48,52,51
3527,CBCA204,57,47,41,53,59,54,52,51
3528,CBCA201,88,84,77,82,87,77,83,81
3528,CBCA202,85,87,88,76,87,76,83,81
3528,CBCA203,73,77,78,72,83,78,77,81
3528,CBCA204,79,91,86,89,77,72,82,81
3529,CBCA201,60,68,60,55,62,62,61,65
3529,CBCA202,71,65,68,70,61,66,67,65
3529,CBCA203,53,66,72,65,71,62,65,65
3529,CBCA204,68,66,55,70,74,59,65,65
3530,CBCA201,72,67,73,79,80,72,74,74
3530,CBCA202,74,75,79,80,73,70,75,74
3530,CBCA203,66,78,79,69,81,72,74,74
3530,CBCA204,79,81,65,76,71,66,73,74
3531,CBCA201,73,83,79,73,82,68,76,74
3531,CBCA202,76,72,64,83,74,71,73,74
3531,CBCA203,76,78,73,71,65,72,73,74
3531,CBCA204,75,71,75,71,76,69,73,74
3532,CBCA201,62,71,59,57,61,71,64,61
3532,CBCA202,59,69,67,60,63,57,63,61
3532,CBCA203,62,53,65,59,64,57,60,61
3532,CBCA204,58,65,55,59,62,57,59,61
3533,CBCA201,77,77,76,75,63,73,74,72
3533,CBCA202,71,66,73,73,77,66,71,72
3533,CBCA203,78,71,65,74,79,75,74,72
3533,CBCA204,74,72,68,69,66,80,72,72
3534,CBCA201,89,100,93,100,99,98,97,97
3534,CBCA202,100,93,93,94,100,100,97,97
3534,CBCA203,100,93,90,100,99,100,97,97
3534,CBCA204,100,98,100,100,100,100,100,97
3535,CBCA201,98,91,80,93,90,95,91,91
3535,CBCA202,94,89,90,83,89,96,90,91
3535,CBCA203,92,85,100,92,88,83,90,91
3535,CBCA204,88,86,99,90,100,90,92,91
3536,CBCA201,56,53,54,67,52,58,57,56
3536,CBCA202,60,49,64,53,57,57,57,56
3536,CBCA203,53,52,57,50,54,51,53,56
3536,CBCA204,53,60,62,51,63,51,57,56
3537,CBCA201,82,88,95,94,85,83,88,88
3537,CBCA202,89,95,87,84,88,94,90,88
3537,CBCA203,87,94,89,89,79,89,88,88
3537,CBCA204,84,81,93,82,86,88,86,88
3538,CBCA201,74,72,69,82,78,81,76,77
3538,CBCA202,80,71,78,77,73,71,75,77
3538,CBCA203,77,78,74,81,87,85,80,77
3538,CBCA204,80,68,85,81,73,70,76,77
3539,CBCA201,53,69,60,64,48,57,59,58
3539,CBCA202,60,66,61,48,55,62,59,58
3539,CBCA203,56,49,57,54,55,52,54,58
3539,CBCA204,61,60,62,59,60,55,60,58
3540,CBCA201,63,57,60,62,64,54,60,57
3540,CBCA202,49,48,60,66,58,48,55,57
3540,CBCA203,57,47,61,63,45,61,56,57
3540,CBCA204,54,61,56,52,63,56,57,57
3541,CBCA201,58,53,57,47,53,55,54,55
3541,CBCA202,47,50,63,48,61,52,54,55
3541,CBCA203,57,60,56,48,48,64,56,55
3541,CBCA204,63,48,56,54,60,58,57,55
3542,CBCA201,8,18,13,21,5,13,13,14
3542,CBCA202,12,13,17,16,11,11,13,14
3542,CBCA203,6,11,20,20,17,14,15,14
3542,CBCA204,11,11,19,13,16,10,13,14
3543,CBCA201,70,78,71,71,74,73,73,72
3543,CBCA202,75,73,69,70,70,63,70,72
3543,CBCA203,71,66,79,65,78,77,73,72
3543,CBCA204,71,72,73,61,78,69,71,72
3544,CBCA201,50,47,32,53,40,38,43,41
3544,CBCA202,36,38,34,34,43,39,37,41
3544,CBCA203,40,41,48,42,38,48,43,41
3544,CBCA204,48,39,35,34,42,54,42,41
3545,CBCA201,87,96,94,85,88,95,91,90
3545,CBCA202,84,91,86,95,96,83,89,90
3545,CBCA203,90,98,96,92,91,91,93,90
3545,CBCA204,95,89,86,86,83,89,88,90
3546,CBCA201,56,59,56,50,51,56,55,57
3546,CBCA202,54,62,52,57,53,53,55,57
3546,CBCA203,55,60,61,62,64,64,61,57
3546,CBCA204,63,56,59,50,68,56,59,57
3547,CBCA201,97,100,86,96,96,97,95,93
3547,CBCA202,88,90,93,97,95,97,93,93
3547,CBCA203,100,91,91,94,97,95,95,93
3547,CBCA204,89,85,88,100,86,95,91,93
3548,CBCA201,77,90,83,79,80,88,83,84
3548,CBCA202,88,83,84,81,93,83,85,84
3548,CBCA203,91,77,82,79,82,91,84,84
3548,CBCA204,85,92,76,88,77,90,85,84
3549,CBCA201,48,49,53,50,57,48,51,50
3549,CBCA202,56,49,40,55,49,55,51,50
3549,CBCA203,49,49,52,46,52,54,50,50
3549,CBCA204,48,44,44,56,51,48,49,50
3550,CBCA201,33,46,36,34,38,40,38,41
3550,CBCA202,47,48,48,38,40,42,44,41
3550,CBCA203,46,43,38,35,44,47,42,41
3550,CBCA204,37,46,42,48,39,37,42,41
3551,CBCA201,57,55,49,45,56,43,51,51
3551,CBCA202,54,55,54,54,52,46,53,51
3551,CBCA203,54,51,44,49,52,49,50,51
3551,CBCA204,49,47,57,55,55,50,52,51
3552,CBCA201,43,59,55,47,50,52,51,49
3552,CBCA202,44,51,46,54,42,40,46,49
3552,CBCA203,54,53,47,55,47,48,51,49
3552,CBCA204,55,50,53,43,51,44,49,49
3553,CBCA201,84,85,81,79,93,81,84,85
3553,CBCA202,79,93,93,85,88,74,85,85
3553,CBCA203,82,83,86,87,85,89,85,85
3553,CBCA204,82,91,85,78,90,86,85,85
3554,CBCA201,74,76,82,76,83,87,80,78
3554,CBCA202,76,79,78,84,90,76,81,78
3554,CBCA203,71,80,74,74,77,78,76,78
3554,CBCA204,73,72,77,73,83,75,76,78
3555,CBCA201,71,60,64,71,60,72,66,66
3555,CBCA202,61,55,75,56,73,73,66,66
3555,CBCA203,63,63,72,62,69,73,67,66
3555,CBCA204,72,56,62,75,63,68,66,66
3556,CBCA201,30,33,40,45,42,41,39,36
3556,CBCA202,37,39,28,38,38,31,35,36
3556,CBCA203,34,40,43,31,39,34,37,36
3556,CBCA204,34,36,28,38,28,45,35,36
3557,CBCA201,33,39,27,29,33,33,32,30
3557,CBCA202,25,28,22,24,28,28,26,30
3557,CBCA203,23,36,28,27,29,37,30,30
3557,CBCA204,30,30,24,36,35,26,30,30
3558,CBCA201,88,93,90,96,95,96,93,88
3558,CBCA202,79,87,88,89,86,84,86,88
3558,CBCA203,85,85,88,83,84,89,86,88
3558,CBCA204,92,80,93,88,79,94,88,88
3559,CBCA201,53,62,49,64,55,65,58,58
3559,CBCA202,57,68,56,54,54,67,59,58
3559,CBCA203,59,67,54,65,50,51,58,58
3559,CBCA204,51,56,61,50,60,61,57,58
3560,CBCA201,68,75,79,70,69,69,72,73
3560,CBCA202,72,69,78,74,75,69,73,73
3560,CBCA203,81,80,72,70,63,73,73,73
3560,CBCA204,71,69,72,78,74,79,74,73
3561,CBCA201,66,50,49,56,58,65,57,60
3561,CBCA202,55,59,68,59,58,62,60,60
3561,CBCA203,70,59,48,65,61,62,61,60
3561,CBCA204,69,62,52,54,64,57,60,60
3562,CBCA201,61,56,65,54,62,59,60,58
3562,CBCA202,61,60,57,65,61,64,61,58
3562,CBCA203,47,49,56,62,47,59,53,58
3562,CBCA204,61,61,57,58,63,52,59,58
3563,CBCA201,72,88,82,84,83,82,82,81
3563,CBCA202,77,83,82,85,73,80,80,81
3563,CBCA203,87,78,80,75,84,79,81,81
3563,CBCA204,78,75,76,87,81,84,80,81
3564,CBCA201,86,86,91,76,93,87,87,84
3564,CBCA202,84,94,77,85,82,83,84,84
3564,CBCA203,86,85,84,87,86,86,86,84
3564,CBCA204,76,81,82,85,86,78,81,84
3565,CBCA201,69,75,73,74,80,78,75,74
3565,CBCA202,80,79,77,74,77,70,76,74
3565,CBCA203,74,72,84,70,63,69,72,74
3565,CBCA204,77,68,70,75,70,79,73,74
3566,CBCA201,79,84,71,81,80,80,79,79
3566,CBCA202,75,85,74,85,76,79,79,79
3566,CBCA203,74,69,80,75,77,89,77,79
3566,CBCA204,80,71,72,76,88,86,79,79
3567,CBCA201,80,68,71,81,75,75,75,75
3567,CBCA202,70,79,69,74,83,76,75,75
3567,CBCA203,78,77,76,80,73,83,78,75
3567,CBCA204,67,68,66,68,78,73,70,75
3568,CBCA201,52,67,65,70,57,58,62,63
3568,CBCA202,61,68,60,64,72,73,66,63
3568,CBCA203,68,56,52,65,53,63,60,63
3568,CBCA204,70,57,63,61,64,73,65,63
3569,CBCA201,50,41,41,43,33,38,41,40
3569,CBCA202,51,39,37,44,31,33,39,40
3569,CBCA203,39,42,40,47,34,40,40,40
3569,CBCA204,39,38,38,42,42,33,39,40
3570,CBCA201,52,57,64,67,60,60,60,59
3570,CBCA202,59,65,50,61,59,62,59,59
3570,CBCA203,58,60,53,52,60,59,57,59
3570,CBCA204,63,58,56,65,60,52,59,59
3571,CBCA201,70,77,85,85,80,80,80,79
3571,CBCA202,83,71,82,83,79,76,79,79
3571,CBCA203,71,78,89,79,77,87,80,79
3571,CBCA204,82,77,70,74,81,85,78,79
3572,CBCA201,53,44,58,54,56,47,52,53
3572,CBCA202,59,52,53,59,50,58,55,53
3572,CBCA203,55,54,45,57,55,45,52,53
3572,CBCA204,56,62,48,55,49,51,54,53
3573,CBCA201,85,73,76,77,84,83,80,76
3573,CBCA202,69,67,85,76,84,77,76,76
3573,CBCA203,74,72,73,81,76,66,74,76
3573,CBCA204,78,73,69,80,78,79,76,76
3574,CBCA201,78,83,91,92,78,86,85,88
3574,CBCA202,86,77,92,90,90,88,87,88
3574,CBCA203,85,97,90,89,94,93,91,88
3574,CBCA204,95,89,79,85,94,84,88,88
3575,CBCA201,7,6,14,15,22,12,13,15
3575,CBCA202,20,18,6,15,22,13,16,15
3575,CBCA203,21,25,7,15,10,17,16,15
3575,CBCA204,19,10,22,8,16,11,14,15
3576,CBCA201,60,63,66,63,70,60,64,60
3576,CBCA202,61,59,56,55,58,57,58,60
3576,CBCA203,52,58,60,63,58,62,59,60
3576,CBCA204,58,70,60,65,59,56,61,60
3577,CBCA201,80,87,80,85,83,78,82,83
3577,CBCA202,89,81,87,86,82,84,85,83
3577,CBCA203,82,81,83,88,75,90,83,83
3577,CBCA204,72,80,86,78,83,86,81,83
3578,CBCA201,68,68,71,75,63,71,69,67
3578,CBCA202,69,61,61,74,67,69,67,67
3578,CBCA203,69,72,69,61,67,74,69,67
3578,CBCA204,56,74,62,66,66,58,64,67
3579,CBCA201,60,54,56,66,59,49,57,58
3579,CBCA202,59,54,67,61,59,59,60,58
3579,CBCA203,51,59,56,52,59,56,56,58
3579,CBCA204,66,63,67,51,48,62,60,58
3580,CBCA201,60,78,70,67,70,72,70,70
3580,CBCA202,59,64,66,74,79,66,68,70
3580,CBCA203,74,77,76,65,79,73,74,70
3580,CBCA204,67,64,66,67,71,77,69,70
3581,CBCA201,98,91,84,79,82,87,87,87
3581,CBCA202,92,88,86,79,78,84,85,87
3581,CBCA203,87,92,93,80,84,88,87,87
3581,CBCA204,95,86,91,80,94,81,88,87
3582,CBCA201,36,32,41,29,32,28,33,35
3582,CBCA202,24,41,35,25,39,39,34,35
3582,CBCA203,33,40,38,36,38,45,38,35
3582,CBCA204,27,39,37,41,37,35,36,35
3583,CBCA201,47,55,37,43,40,50,45,47
3583,CBCA202,50,46,57,43,39,44,47,47
3583,CBCA203,49,54,47,40,49,51,48,47
3583,CBCA204,43,53,58,48,46,48,49,47
3584,CBCA201,12,14,8,15,4,19,12,10
3584,CBCA202,2,5,8,7,13,17,9,10
3584,CBCA203,10,12,8,9,4,12,9,10
3584,CBCA204,16,1,10,8,16,15,11,10
3585,CBCA201,69,80,82,85,73,78,78,76
3585,CBCA202,66,85,76,71,79,71,75,76
3585,CBCA203,75,77,84,68,72,74,75,76
3585,CBCA204,74,73,77,78,73,85,77,76
3586,CBCA201,80,81,77,88,79,81,81,79
3586,CBCA202,81,77,85,79,82,78,80,79
3586,CBCA203,77,83,70,76,78,84,78,79
3586,CBCA204,75,85,75,78,81,72,78,79
3587,CBCA201,60,65,60,71,71,65,65,68
3587,CBCA202,71,65,74,62,74,69,69,68
3587,CBCA203,76,69,77,59,75,71,71,68
3587,CBCA204,74,61,63,69,67,71,68,68
3588,CBCA201,96,92,78,91,85,86,88,89
3588,CBCA202,97,95,94,96,88,94,94,89
3588,CBCA203,81,89,89,93,87,80,87,89
3588,CBCA204,83,93,95,81,87,85,87,89
3589,CBCA201,2,0,2,7,4,0,3,2
3589,CBCA202,6,6,2,3,0,4,4,2
3589,CBCA203,2,3,0,0,0,0,1,2
3589,CBCA204,3,0,3,5,3,0,2,2
3590,CBCA201,65,60,69,68,69,60,65,68
3590,CBCA202,66,67,77,62,79,60,69,68
3590,CBCA203,69,66,67,76,76,68,70,68
3590,CBCA204,75,62,68,67,69,64,68,68
3591,CBCA201,61,60,61,52,60,62,59,59
3591,CBCA202,50,63,61,58,59,59,58,59
3591,CBCA203,55,58,61,58,63,59,59,59
3591,CBCA204,64,54,61,70,56,55,60,59
3592,CBCA201,47,39,37,37,31,26,36,37
3592,CBCA202,35,46,33,34,31,33,35,37
3592,CBCA203,39,34,37,36,45,39,38,37
3592,CBCA204,44,39,44,40,39,31,40,37
3593,CBCA201,53,52,57,62,66,56,58,59
3593,CBCA202,69,53,61,50,53,62,58,59
3593,CBCA203,57,65,53,54,53,61,57,59
3593,CBCA204,70,61,63,64,60,60,63,59
3594,CBCA201,95,84,98,97,83,95,92,91
3594,CBCA202,84,91,92,91,94,96,91,91
3594,CBCA203,91,91,90,95,100,80,91,91
3594,CBCA204,91,96,86,87,84,95,90,91
3595,CBCA201,79,76,83,81,89,76,81,84
3595,CBCA202,81,77,84,86,93,87,85,84
3595,CBCA203,95,92,83,91,81,81,87,84
3595,CBCA204,85,79,87,79,87,87,84,84
3596,CBCA201,67,73,62,68,69,78,70,68
3596,CBCA202,63,66,65,65,66,69,66,68
3596,CBCA203,70,63,67,67,82,77,71,68
3596,CBCA204,72,58,59,61,65,68,64,68
3597,CBCA201,87,94,97,85,88,87,90,89
3597,CBCA202,86,92,93,98,93,81,91,89
3597,CBCA203,80,81,86,99,82,92,87,89
3597,CBCA204,89,88,90,99,84,93,91,89
3598,CBCA201,42,44,35,40,44,41,41,42
3598,CBCA202,44,43,50,34,52,42,44,42
3598,CBCA203,44,45,40,32,32,32,38,42
3598,CBCA204,46,47,41,39,46,54,46,42
3599,CBCA201,70,77,79,70,78,76,75,77
3599,CBCA202,79,72,85,70,70,84,77,77
3599,CBCA203,81,69,84,80,72,83,78,77
3599,CBCA204,77,76,79,74,80,71,76,77
3600,CBCA201,62,67,72,52,65,61,63,60
3600,CBCA202,55,56,57,55,57,54,56,60
3600,CBCA203,69,68,54,66,63,63,64,60
3600,CBCA204,56,59,51,62,62,60,58,60
3601,CBCA201,95,100,100,89,100,100,97,96
3601,CBCA202,93,93,100,86,97,92,94,96
3601,CBCA203,95,99,95,100,93,99,97,96
3601,CBCA204,99,88,100,100,97,95,97,96
3602,CBCA201,42,46,37,37,43,40,41,34
3602,CBCA202,28,36,30,27,26,36,31,34
3602,CBCA203,34,27,29,36,38,38,34,34
3602,CBCA204,42,32,33,32,27,26,32,34
3603,CBCA201,56,46,39,59,47,51,50,50
3603,CBCA202,55,47,53,51,53,44,51,50
3603,CBCA203,57,41,44,51,43,50,48,50
3603,CBCA204,48,60,50,46,54,49,51,50
3604,CBCA201,0,0,0,5,3,4,2,2
3604,CBCA202,0,9,0,0,5,1,3,2
3604,CBCA203,3,0,0,0,0,0,1,2
3604,CBCA204,5,0,0,2,0,0,1,2
3605,CBCA201,66,79,69,80,78,77,75,72
3605,CBCA202,70,75,77,75,77,68,74,72
3605,CBCA203,68,62,75,67,69,76,70,72
3605,CBCA204,68,70,68,81,74,67,71,72
3606,CBCA201,44,51,50,59,43,55,50,48
3606,CBCA202,47,44,39,54,43,43,45,48
3606,CBCA203,40,43,61,40,54,45,47,48
3606,CBCA204,43,51,44,54,51,47,48,48
3607,CBCA201,19,20,28,22,21,25,23,20
3607,CBCA202,15,19,27,20,18,28,21,20
3607,CBCA203,12,23,18,14,23,25,19,20
3607,CBCA204,14,28,21,15,19,17,19,20
3608,CBCA201,93,91,100,88,88,91,92,90
3608,CBCA202,95,82,86,97,99,96,93,90
3608,CBCA203,86,86,87,86,86,85,86,90
3608,CBCA204,84,94,95,89,79,86,88,90
3609,CBCA201,81,71,76,83,82,77,78,80
3609,CBCA202,91,71,75,83,81,85,81,80
3609,CBCA203,75,79,80,92,84,73,81,80
3609,CBCA204,73,84,82,85,83,84,82,80
3610,CBCA201,100,96,98,100,99,100,99,97
3610,CBCA202,96,100,100,100,94,93,97,97
3610,CBCA203,100,89,100,100,93,100,97,97
3610,CBCA204,100,98,100,91,91,100,97,97
3611,CBCA201,85,79,88,83,83,76,82,80
3611,CBCA202,81,74,72,84,77,81,78,80
3611,CBCA203,84,76,84,74,77,73,78,80
3611,CBCA204,78,88,83,87,74,79,82,80
3612,CBCA201,59,53,58,60,46,47,54,52
3612,CBCA202,50,50,61,56,52,48,53,52
3612,CBCA203,52,48,59,57,46,51,52,52
3612,CBCA204,49,53,50,43,51,50,49,52
3613,CBCA201,81,86,90,87,97,80,87,88
3613,CBCA202,92,89,97,85,83,88,89,88
3613,CBCA203,78,91,91,95,88,82,88,88
3613,CBCA204,87,84,82,96,89,86,87,88
3614,CBCA201,84,81,87,80,75,79,81,84
3614,CBCA202,87,78,82,89,91,87,86,84
3614,CBCA203,77,84,88,95,93,79,86,84
3614,CBCA204,82,85,86,81,88,89,85,84
3615,CBCA201,100,89,87,100,85,89,92,94
3615,CBCA202,96,98,95,100,95,89,96,94
3615,CBCA203,100,90,94,97,100,100,97,94
3615,CBCA204,86,91,89,97,100,100,94,94
3616,CBCA201,59,51,59,61,71,54,59,61
3616,CBCA202,62,68,57,65,58,64,62,61
3616,CBCA203,69,57,59,58,64,67,62,61
3616,CBCA204,63,53,56,61,57,61,59,61
3617,CBCA201,100,100,100,100,100,100,100,98
3617,CBCA202,100,95,100,100,91,95,97,98
3617,CBCA203,92,96,100,100,100,93,97,98
3617,CBCA204,100,100,100,100,95,100,99,98
3618,CBCA201,53,60,46,53,51,57,53,51
3618,CBCA202,54,43,56,54,49,48,51,51
3618,CBCA203,53,51,52,49,43,48,49,51
3618,CBCA204,50,58,45,44,52,57,51,51
3619,CBCA201,80,88,85,92,87,83,86,82
3619,CBCA202,87,76,84,81,81,79,81,82
3619,CBCA203,74,80,85,77,79,92,81,82
3619,CBCA204,71,78,78,82,83,84,79,82
3620,CBCA201,8,5,10,12,7,17,10,9
3620,CBCA202,13,11,14,11,5,5,10,9
3620,CBCA203,10,16,15,0,8,10,10,9
3620,CBCA204,7,7,7,0,8,6,6,9
3621,CBCA201,1,0,1,2,0,3,1,3
3621,CBCA202,3,0,12,2,0,5,4,3
3621,CBCA203,0,1,3,0,7,1,2,3
3621,CBCA204,6,0,7,7,1,6,5,3
3622,CBCA201,77,89,85,93,79,83,84,81
3622,CBCA202,75,76,80,86,86,78,80,81
3622,CBCA203,89,73,87,75,77,85,81,81
3622,CBCA204,88,83,78,77,83,73,80,81
3623,CBCA201,65,82,64,76,63,76,71,73
3623,CBCA202,75,73,78,68,72,71,73,73
3623,CBCA203,74,80,63,80,63,74,72,73
3623,CBCA204,70,72,79,72,82,72,75,73
3624,CBCA201,60,62,64,57,64,55,60,61
3624,CBCA202,66,64,53,54,72,63,62,61
3624,CBCA203,56,65,59,69,61,64,62,61
3624,CBCA204,58,66,60,56,53,55,58,61
3625,CBCA201,87,85,80,87,92,79,85,86
3625,CBCA202,83,87,88,86,80,89,86,86
3625,CBCA203,84,89,78,89,81,89,85,86
3625,CBCA204,91,85,85,89,91,92,89,86
3626,CBCA201,78,83,82,93,88,81,84,82
3626,CBCA202,90,77,75,91,78,89,83,82
3626,CBCA203,80,90,82,83,85,82,84,82
3626,CBCA204,84,76,72,74,71,76,76,82
3627,CBCA201,84,82,69,78,79,81,79,79
3627,CBCA202,79,77,82,73,74,78,77,79
3627,CBCA203,79,87,79,69,81,84,80,79
3627,CBCA204,80,85,77,84,75,85,81,79
3628,CBCA201,55,49,44,50,46,56,50,49
3628,CBCA202,49,48,53,50,43,52,49,49
3628,CBCA203,46,55,43,52,46,46,48,49
3628,CBCA204,45,59,51,47,51,44,50,49
3629,CBCA201,77,73,72,70,67,77,73,73
3629,CBCA202,77,76,72,76,71,77,75,73
3629,CBCA203,72,82,76,67,66,69,72,73
3629,CBCA204,78,69,70,73,70,75,73,73
3630,CBCA201,37,49,44,32,36,38,39,38
3630,CBCA202,41,36,43,36,42,46,41,38
3630,CBCA203,45,30,40,37,47,36,39,38
3630,CBCA204,31,34,30,49,29,33,34,38
3631,CBCA201,75,74,70,72,83,82,76,79
3631,CBCA202,81,74,77,91,80,71,79,79
3631,CBCA203,81,84,83,77,87,74,81,79
3631,CBCA204,76,86,70,73,81,88,79,79
3632,CBCA201,0,5,3,10,0,0,3,3
3632,CBCA202,2,0,0,0,11,9,4,3
3632,CBCA203,4,4,2,0,0,5,3,3
3632,CBCA204,4,8,0,11,0,0,4,3
3633,CBCA201,44,38,40,51,39,47,43,46
3633,CBCA202,48,58,47,44,45,46,48,46
3633,CBCA203,45,49,45,46,50,49,47,46
3633,CBCA204,48,49,38,50,37,51,46,46
3634,CBCA201,25,38,22,19,33,18,26,28
3634,CBCA202,28,26,35,37,16,30,29,28
3634,CBCA203,33,29,31,21,19,38,29,28
3634,CBCA204,27,29,32,30,37,22,30,28
3635,CBCA201,80,84,79,84,77,86,82,81
3635,CBCA202,70,81,72,72,85,88,78,81
3635,CBCA203,86,72,79,84,80,78,80,81
3635,CBCA204,82,77,85,80,91,88,84,81
3636,CBCA201,67,66,60,53,58,57,60,62
3636,CBCA202,61,62,68,61,69,61,64,62
3636,CBCA203,58,65,67,58,60,73,64,62
3636,CBCA204,63,61,61,61,63,66,63,62
3637,CBCA201,49,41,46,44,57,50,48,49
3637,CBCA202,52,54,43,54,45,48,49,49
3637,CBCA203,58,49,52,39,53,53,51,49
3637,CBCA204,52,51,44,46,47,52,49,49
3638,CBCA201,61,73,66,64,74,64,67,66
3638,CBCA202,61,56,60,62,73,74,64,66
3638,CBCA203,69,68,67,60,70,67,67,66
3638,CBCA204,63,58,77,64,63,60,64,66
3639,CBCA201,14,16,16,20,20,16,17,15
3639,CBCA202,7,22,6,21,21,14,15,15
3639,CBCA203,12,15,13,19,16,14,15,15
3639,CBCA204,10,15,5,16,21,12,13,15
3640,CBCA201,95,95,86,99,83,94,92,90
3640,CBCA202,98,91,88,86,88,90,90,90
3640,CBCA203,78,90,95,96,82,91,89,90
3640,CBCA204,95,95,87,87,92,89,91,90
3641,CBCA201,83,79,78,73,77,86,79,76
3641,CBCA202,75,65,83,72,80,72,75,76
3641,CBCA203,86,76,76,68,77,80,77,76
3641,CBCA204,75,69,70,70,81,82,75,76
3642,CBCA201,94,95,100,91,88,99,95,91
3642,CBCA202,89,94,94,90,79,93,90,91
3642,CBCA203,90,80,88,98,81,96,89,91
3642,CBCA204,93,96,86,88,99,88,92,91
3643,CBCA201,76,76,78,65,62,64,70,69
3643,CBCA202,68,70,71,77,68,68,70,69
3643,CBCA203,69,67,65,70,65,64,67,69
3643,CBCA204,71,70,69,63,68,64,68,69
3644,CBCA201,1,0,1,6,0,3,2,4
3644,CBCA202,0,12,0,13,1,1,5,4
3644,CBCA203,5,0,0,0,0,12,3,4
3644,CBCA204,9,7,0,0,11,2,5,4
3645,CBCA201,63,52,51,57,58,69,58,60
3645,CBCA202,66,65,70,60,64,54,63,60
3645,CBCA203,61,57,64,62,56,54,59,60
3645,CBCA204,59,64,54,62,54,61,59,60
3646,CBCA201,68,63,68,64,61,61,64,66
3646,CBCA202,67,55,63,60,72,73,65,66
3646,CBCA203,58,58,65,71,66,68,64,66
3646,CBCA204,72,65,66,69,72,70,69,66
3647,CBCA201,88,79,82,90,88,93,87,88
3647,CBCA202,85,90,85,92,96,85,89,88
3647,CBCA203,92,87,91,88,92,95,91,88
3647,CBCA204,79,92,95,94,81,80,87,88
3648,CBCA201,88,99,100,100,94,100,97,95
3648,CBCA202,94,95,100,100,93,97,97,95
3648,CBCA203,90,98,93,100,98,87,94,95
3648,CBCA204,92,97,83,100,91,86,92,95
3649,CBCA201,55,61,57,61,70,66,62,63
3649,CBCA202,65,72,69,61,57,60,64,63
3649,CBCA203,54,61,70,57,64,54,60,63
3649,CBCA204,66,65,66,69,55,72,66,63
3650,CBCA201,60,57,57,58,66,60,60,57
3650,CBCA202,62,63,57,56,52,44,56,57
3650,CBCA203,65,52,56,61,52,61,58,57
3650,CBCA204,62,60,53,56,52,55,56,57
3651,CBCA201,22,29,21,15,31,19,23,25
3651,CBCA202,35,22,27,22,21,21,25,25
3651,CBCA203,24,28,15,26,35,31,27,25
3651,CBCA204,21,25,23,24,33,19,24,25
3652,CBCA201,12,15,8,21,10,18,14,13
3652,CBCA202,24,17,14,5,7,15,14,13
3652,CBCA203,16,8,12,15,3,19,12,13
3652,CBCA204,14,5,10,15,17,15,13,13
3653,CBCA201,96,91,87,92,92,88,91,90
3653,CBCA202,97,91,91,92,86,88,91,90
3653,CBCA203,85,90,88,98,87,79,88,90
3653,CBCA204,79,95,89,89,92,87,89,90
3654,CBCA201,88,88,88,89,77,87,86,86
3654,CBCA202,91,74,96,87,83,86,86,86
3654,CBCA203,92,86,78,77,83,81,83,86
3654,CBCA204,89,82,93,84,88,87,87,86
3655,CBCA201,78,95,95,76,83,91,86,85
3655,CBCA202,84,83,86,86,86,82,85,85
3655,CBCA203,94,91,85,84,85,83,87,85
3655,CBCA204,90,82,89,74,82,79,83,85
3656,CBCA201,5,10,18,13,15,7,11,9
3656,CBCA202,7,4,2,6,14,6,7,9
3656,CBCA203,10,11,8,9,6,18,10,9
3656,CBCA204,5,4,10,15,12,12,10,9
3657,CBCA201,24,14,27,20,18,19,20,21
3657,CBCA202,17,30,20,24,20,25,23,21
3657,CBCA203,22,28,12,12,21,25,20,21
3657,CBCA204,13,19,25,28,26,21,22,21
3658,CBCA201,86,81,80,91,92,88,86,87
3658,CBCA202,90,88,98,93,85,90,91,87
3658,CBCA203,80,85,81,85,85,79,83,87
3658,CBCA204,81,94,87,89,86,95,89,87
3659,CBCA201,61,60,57,61,56,63,60,59
3659,CBCA202,50,66,63,67,53,56,59,59
3659,CBCA203,63,63,53,54,66,52,59,59
3659,CBCA204,65,61,49,51,70,62,60,59
3660,CBCA201,40,42,44,38,52,39,43,43
3660,CBCA202,46,41,42,42,43,39,42,43
3660,CBCA203,51,36,47,49,45,50,46,43
3660,CBCA204,40,38,40,52,42,40,42,43
3661,CBCA201,53,53,54,58,56,59,56,51
3661,CBCA202,57,54,44,52,43,61,52,51
3661,CBCA203,44,53,49,54,47,46,49,51
3661,CBCA204,53,42,50,49,51,40,48,51
3662,CBCA201,89,87,84,80,94,86,87,83
3662,CBCA202,89,78,84,77,83,90,84,83
3662,CBCA203,83,79,77,91,80,77,81,83
3662,CBCA204,90,79,79,79,74,91,82,83
3663,CBCA201,68,62,65,62,59,66,64,64
3663,CBCA202,69,64,62,57,62,65,63,64
3663,CBCA203,69,60,67,61,69,58,64,64
3663,CBCA204,62,68,67,60,60,69,64,64
3664,CBCA201,69,80,75,68,68,68,71,70
3664,CBCA202,67,74,74,72,63,62,69,70
3664,CBCA203,71,77,66,75,64,69,70,70
3664,CBCA204,64,66,66,69,72,76,69,70
3665,CBCA201,76,75,73,74,82,80,77,76
3665,CBCA202,81,74,73,71,70,79,75,76
3665,CBCA203,70,78,70,74,73,82,75,76
3665,CBCA204,75,77,72,81,72,86,77,76
3666,CBCA201,2,7,3,8,9,17,8,10
3666,CBCA202,14,5,18,11,21,12,14,10
3666,CBCA203,11,7,11,13,5,11,10,10
3666,CBCA204,4,12,15,13,0,12,9,10
3667,CBCA201,10,17,24,15,15,24,18,19
3667,CBCA202,16,16,11,18,20,26,18,19
3667,CBCA203,12,19,10,13,24,23,17,19
3667,CBCA204,24,25,22,18,21,25,23,19
3668,CBCA201,61,64,61,64,66,69,64,64
3668,CBCA202,67,59,64,55,69,65,63,64
3668,CBCA203,71,68,55,64,62,73,66,64
3668,CBCA204,60,60,65,57,68,69,63,64
3669,CBCA201,53,53,45,60,54,55,53,54
3669,CBCA202,51,60,57,61,59,48,56,54
3669,CBCA203,56,63,55,45,60,45,54,54
3669,CBCA204,60,52,53,48,50,54,53,54
3670,CBCA201,25,33,31,32,32,25,30,30
3670,CBCA202,25,29,25,31,32,33,29,30
3670,CBCA203,24,31,27,29,33,32,29,30
3670,CBCA204,36,29,24,27,31,32,30,30
3671,CBCA201,77,87,88,78,74,86,82,80
3671,CBCA202,86,76,75,87,75,85,81,80
3671,CBCA203,73,82,72,79,79,86,79,80
3671,CBCA204,85,74,85,84,76,77,80,80
3672,CBCA201,48,39,42,48,46,55,46,45
3672,CBCA202,52,36,42,37,49,45,44,45
3672,CBCA203,43,43,45,54,41,42,45,45
3672,CBCA204,46,42,44,46,45,51,46,45
3673,CBCA201,15,21,28,29,27,16,23,24
3673,CBCA202,20,25,28,28,20,22,24,24
3673,CBCA203,20,24,31,22,16,26,23,24
3673,CBCA204,25,27,29,29,23,26,27,24
3674,CBCA201,60,54,61,53,68,63,60,61
3674,CBCA202,57,55,65,66,69,53,61,61
3674,CBCA203,68,64,56,63,58,57,61,61
3674,CBCA204,60,65,65,60,57,65,62,61
3675,CBCA201,43,47,54,51,53,49,50,51
3675,CBCA202,45,40,57,46,51,56,49,51
3675,CBCA203,52,57,60,53,47,51,53,51
3675,CBCA204,60,43,48,56,46,48,50,51
3676,CBCA201,59,58,63,64,60,61,61,60
3676,CBCA202,61,62,60,64,54,61,60,60
3676,CBCA203,62,61,54,61,65,67,62,60
3676,CBCA204,56,57,59,51,63,54,57,60
3677,CBCA201,62,60,61,68,63,64,63,67
3677,CBCA202,68,60,67,65,73,67,67,67
3677,CBCA203,73,66,70,57,73,66,68,67
3677,CBCA204,74,69,75,67,68,66,70,67
3678,CBCA201,64,66,65,51,56,58,60,56
3678,CBCA202,47,60,48,52,49,48,51,56
3678,CBCA203,58,56,63,56,56,48,56,56
3678,CBCA204,62,63,61,62,53,44,58,56
3679,CBCA201,61,61,57,58,58,56,59,57
3679,CBCA202,56,60,58,52,57,53,56,57
3679,CBCA203,66,53,48,57,64,53,57,57
3679,CBCA204,57,61,60,59,59,52,58,57
3680,CBCA201,28,29,31,24,35,28,29,30
3680,CBCA202,30,36,24,26,30,35,30,30
3680,CBCA203,32,28,28,33,32,32,31,30
3680,CBCA204,38,39,24,19,35,30,31,30
3681,CBCA201,72,80,72,79,70,75,75,75
3681,CBCA202,78,74,77,72,75,73,75,75
3681,CBCA203,77,75,75,84,66,80,76,75
3681,CBCA204,73,75,80,75,67,75,74,75
3682,CBCA201,46,31,46,37,37,40,40,39
3682,CBCA202,36,37,35,35,39,39,37,39
3682,CBCA203,35,43,47,48,33,35,40,39
3682,CBCA204,37,32,39,33,48,42,39,39
3683,CBCA201,47,56,40,41,48,40,45,45
3683,CBCA202,51,45,44,44,47,51,47,45
3683,CBCA203,50,45,42,46,38,36,43,45
3683,CBCA204,50,55,38,47,44,36,45,45
3684,CBCA201,57,52,53,47,45,58,52,52
3684,CBCA202,50,60,54,57,60,47,55,52
3684,CBCA203,56,58,40,47,60,49,52,52
3684,CBCA204,62,47,42,52,50,47,50,52
3685,CBCA201,94,99,95,97,94,100,97,96
3685,CBCA202,99,99,98,95,100,95,98,96
3685,CBCA203,93,90,100,90,91,100,94,96
3685,CBCA204,98,94,100,95,100,93,97,96
3686,CBCA201,94,94,83,94,98,99,94,93
3686,CBCA202,88,96,90,89,91,89,91,93
3686,CBCA203,92,97,98,94,92,90,94,93
3686,CBCA204,91,97,83,91,95,95,92,93
3687,CBCA201,46,60,56,51,55,53,54,53
3687,CBCA202,57,49,45,48,58,48,51,53
3687,CBCA203,49,56,50,47,63,52,53,53
3687,CBCA204,49,53,45,62,57,56,54,53
3688,CBCA201,76,64,64,77,68,75,71,69
3688,CBCA202,79,63,69,63,64,69,68,69
3688,CBCA203,71,73,72,63,71,74,71,69
3688,CBCA204,64,72,68,67,70,60,67,69
3689,CBCA201,97,97,89,80,90,94,91,90
3689,CBCA202,89,96,92,92,91,86,91,90
3689,CBCA203,95,94,88,91,78,83,88,90
3689,CBCA204,79,86,95,93,97,93,91,90
3690,CBCA201,84,83,91,91,82,80,85,84
3690,CBCA202,75,88,88,85,86,82,84,84
3690,CBCA203,70,83,88,89,79,88,83,84
3690,CBCA204,90,75,85,91,83,83,85,84
3691,CBCA201,67,83,84,73,81,77,78,77
3691,CBCA202,89,70,84,80,83,76,80,77
3691,CBCA203,73,81,77,79,81,73,77,77
3691,CBCA204,73,74,75,69,73,80,74,77
3692,CBCA201,76,94,81,74,84,78,81,84
3692,CBCA202,86,86,84,75,88,78,83,84
3692,CBCA203,85,91,96,78,81,89,87,84
3692,CBCA204,79,95,84,83,80,94,86,84
3693,CBCA201,91,84,93,84,90,74,86,85
3693,CBCA202,83,79,79,86,78,87,82,85
3693,CBCA203,88,89,78,82,84,83,84,85
3693,CBCA204,90,88,87,87,86,89,88,85
3694,CBCA201,50,55,49,47,55,48,51,52
3694,CBCA202,56,53,50,47,51,53,52,52
3694,CBCA203,52,49,57,52,57,45,52,52
3694,CBCA204,55,49,51,50,53,60,53,52
3695,CBCA201,17,25,18,18,5,12,16,15
3695,CBCA202,19,15,18,15,16,16,17,15
3695,CBCA203,4,19,18,20,12,12,14,15
3695,CBCA204,8,20,11,3,16,12,12,15
3696,CBCA201,93,96,93,96,100,86,94,92
3696,CBCA202,85,92,86,84,95,90,89,92
3696,CBCA203,85,93,94,94,100,98,94,92
3696,CBCA204,99,89,94,84,95,98,93,92
3697,CBCA201,66,82,75,80,68,80,75,73
3697,CBCA202,74,72,69,71,67,72,71,73
3697,CBCA203,72,64,70,77,68,74,71,73
3697,CBCA204,74,71,77,76,74,74,74,73
3698,CBCA201,59,57,52,53,51,57,55,54
3698,CBCA202,52,53,51,62,50,51,53,54
3698,CBCA203,46,57,54,59,46,45,51,54
3698,CBCA204,53,56,59,57,58,56,57,54
3699,CBCA201,57,63,69,63,66,61,63,61
3699,CBCA202,66,62,70,56,62,54,62,61
3699,CBCA203,52,72,59,51,54,57,58,61
3699,CBCA204,63,60,57,59,68,64,62,61
3700,CBCA201,50,56,54,53,56,49,53,51
3700,CBCA202,50,56,55,39,47,50,50,51
3700,CBCA203,55,57,45,51,52,61,54,51
3700,CBCA204,55,57,40,41,42,49,47,51
3701,CBCA201,64,48,61,49,64,52,56,57
3701,CBCA202,50,66,46,61,56,64,57,57
3701,CBCA203,56,57,56,50,65,61,58,57
3701,CBCA204,67,59,50,61,55,61,59,57
3702,CBCA201,86,96,91,80,89,98,90,90
3702,CBCA202,87,94,92,89,89,78,88,90
3702,CBCA203,90,93,84,83,93,85,88,90
3702,CBCA204,96,91,100,89,97,86,93,90
3703,CBCA201,82,73,69,75,83,71,76,76
3703,CBCA202,80,81,72,79,79,73,77,76
3703,CBCA203,79,76,81,68,78,74,76,76
3703,CBCA204,68,78,77,86,84,68,77,76
3704,CBCA201,46,32,39,48,46,42,42,40
3704,CBCA202,38,38,35,44,34,45,39,40
3704,CBCA203,36,42,33,33,40,40,37,40
3704,CBCA204,46,43,38,35,36,43,40,40
3705,CBCA201,62,63,61,67,52,69,62,63
3705,CBCA202,69,61,60,65,58,61,62,63
3705,CBCA203,62,61,67,61,58,67,63,63
3705,CBCA204,72,55,67,58,71,70,66,63
3706,CBCA201,27,36,26,14,25,32,27,25
3706,CBCA202,33,20,30,22,19,24,25,25
3706,CBCA203,24,23,31,28,32,20,26,25
3706,CBCA204,18,24,16,24,15,32,22,25
3707,CBCA201,28,28,39,20,22,27,27,29
3707,CBCA202,19,21,39,36,37,31,31,29
3707,CBCA203,31,36,24,32,29,32,31,29
3707,CBCA204,28,31,32,35,27,20,29,29
3708,CBCA201,96,97,87,92,94,99,94,95
3708,CBCA202,100,100,98,93,95,90,96,95
3708,CBCA203,100,99,89,84,100,100,95,95
3708,CBCA204,88,90,95,98,97,87,93,95
3709,CBCA201,45,49,45,63,44,59,51,51
3709,CBCA202,51,58,44,56,44,47,50,51
3709,CBCA203,50,51,47,50,49,55,50,51
3709,CBCA204,50,57,42,58,62,45,52,51
3710,CBCA201,83,76,79,70,80,67,76,76
3710,CBCA202,75,74,83,77,81,81,79,76
3710,CBCA203,69,72,82,80,72,72,75,76
3710,CBCA204,80,69,69,66,75,83,74,76
3711,CBCA201,84,91,86,92,91,92,89,87
3711,CBCA202,81,93,93,92,84,90,89,87
3711,CBCA203,88,95,81,88,87,75,86,87
3711,CBCA204,88,82,85,94,82,85,86,87
3712,CBCA201,76,70,74,83,75,66,74,75
3712,CBCA202,73,73,75,72,84,81,76,75
3712,CBCA203,72,78,79,79,69,71,75,75
3712,CBCA204,85,71,75,75,77,76,77,75
3713,CBCA201,78,85,80,81,86,88,83,85
3713,CBCA202,81,75,80,80,88,81,81,85
3713,CBCA203,83,86,94,96,94,79,89,85
3713,CBCA204,87,78,88,87,87,92,87,85
3714,CBCA201,78,78,81,81,78,78,79,81
3714,CBCA202,81,83,74,86,78,88,82,81
3714,CBCA203,78,79,78,79,83,85,80,81
3714,CBCA204,81,82,78,83,85,80,82,81
3715,CBCA201,63,62,68,61,60,61,63,64
3715,CBCA202,67,63,67,62,66,64,65,64
3715,CBCA203,65,63,61,66,66,66,65,64
3715,CBCA204,64,59,58,66,61,68,63,64
3716,CBCA201,73,61,58,56,65,63,63,64
3716,CBCA202,72,64,68,56,54,64,63,64
3716,CBCA203,66,69,60,60,71,70,66,64
3716,CBCA204,70,57,72,75,57,59,65,64
3717,CBCA201,61,60,66,57,64,63,62,58
3717,CBCA202,47,53,57,66,67,61,59,58
3717,CBCA203,56,66,63,48,57,65,59,58
3717,CBCA204,55,51,49,58,51,56,53,58
3718,CBCA201,75,79,70,76,85,80,78,76
3718,CBCA202,79,74,77,78,68,84,77,76
3718,CBCA203,71,76,66,80,76,74,74,76
3718,CBCA204,78,78,72,79,78,70,76,76
3719,CBCA201,39,45,43,40,40,48,43,45
3719,CBCA202,49,53,51,52,42,43,48,45
3719,CBCA203,51,44,39,46,53,42,46,45
3719,CBCA204,39,42,46,54,44,39,44,45
3720,CBCA201,12,11,6,10,16,16,12,12
3720,CBCA202,22,15,17,12,17,11,16,12
3720,CBCA203,13,13,17,6,11,13,12,12
3720,CBCA204,15,9,18,6,7,4,10,12
3721,CBCA201,90,90,85,89,89,87,88,88
3721,CBCA202,85,78,90,83,86,84,84,88
3721,CBCA203,95,81,97,80,91,83,88,88
3721,CBCA204,88,86,97,94,93,87,91,88
3722,CBCA201,52,61,61,46,56,54,55,54
3722,CBCA202,47,50,58,57,44,48,51,54
3722,CBCA203,58,56,62,49,58,47,55,54
3722,CBCA204,57,55,55,55,51,54,55,54
3723,CBCA201,56,55,46,51,60,59,55,58
3723,CBCA202,67,57,54,58,58,55,58,58
3723,CBCA203,58,63,57,55,62,54,58,58
3723,CBCA204,63,67,59,60,65,54,61,58
3724,CBCA201,62,70,72,64,76,73,70,69
3724,CBCA202,72,70,62,70,69,74,70,69
3724,CBCA203,71,68,70,80,58,61,68,69
3724,CBCA204,65,65,67,70,72,67,68,69
3725,CBCA201,98,93,93,91,96,97,95,94
3725,CBCA202,97,90,100,86,98,100,95,94
3725,CBCA203,95,96,94,88,100,96,95,94
3725,CBCA204,100,97,89,94,87,86,92,94
3726,CBCA201,36,24,20,24,22,22,25,25
3726,CBCA202,17,25,35,21,16,24,23,25
3726,CBCA203,25,29,27,30,32,34,30,25
3726,CBCA204,23,24,20,18,25,22,22,25
3727,CBCA201,86,89,94,89,88,81,88,90
3727,CBCA202,92,100,87,89,88,93,92,90
3727,CBCA203,100,90,81,93,95,87,91,90
3727,CBCA204,90,98,88,89,90,84,90,90
3728,CBCA201,61,54,61,58,64,56,59,56
3728,CBCA202,56,51,52,56,52,60,55,56
3728,CBCA203,58,56,52,59,50,43,53,56
3728,CBCA204,62,48,53,56,65,49,56,56
3729,CBCA201,42,34,37,27,34,32,34,34
3729,CBCA202,34,34,30,26,26,39,32,34
3729,CBCA203,40,31,35,35,32,40,36,34
3729,CBCA204,33,30,27,32,33,42,33,34
3730,CBCA201,92,93,80,90,91,87,89,88
3730,CBCA202,78,82,82,87,91,87,85,88
3730,CBCA203,82,93,88,84,89,94,88,88
3730,CBCA204,89,84,90,96,83,88,88,88
3731,CBCA201,95,100,100,96,93,99,97,96
3731,CBCA202,90,99,96,100,100,95,97,96
3731,CBCA203,97,92,91,97,95,98,95,96
3731,CBCA204,100,92,100,92,96,97,96,96
3732,CBCA201,94,83,80,86,81,87,85,82
3732,CBCA202,78,90,79,84,75,85,82,82
3732,CBCA203,74,79,79,79,81,82,79,82
3732,CBCA204,78,74,91,82,76,85,81,82
3733,CBCA201,61,64,62,62,58,71,63,63
3733,CBCA202,69,73,55,64,51,60,62,63
3733,CBCA203,54,57,56,60,63,60,58,63
3733,CBCA204,68,72,64,71,62,69,68,63
3734,CBCA201,48,57,58,62,56,50,55,58
3734,CBCA202,62,61,61,63,60,60,61,58
3734,CBCA203,55,63,52,57,65,57,58,58
3734,CBCA204,46,66,61,63,60,45,57,58
3735,CBCA201,99,86,83,97,93,94,92,91
3735,CBCA202,87,85,97,91,91,94,91,91
3735,CBCA203,81,96,80,100,85,87,88,91
3735,CBCA204,85,88,100,93,91,94,92,91
3736,CBCA201,27,19,26,24,22,30,25,21
3736,CBCA202,20,32,19,20,18,13,20,21
3736,CBCA203,21,23,18,20,17,24,21,21
3736,CBCA204,16,22,17,29,16,13,19,21
3737,CBCA201,51,53,65,59,56,57,57,57
3737,CBCA202,63,49,54,64,55,63,58,57
3737,CBCA203,54,53,63,53,62,56,57,57
3737,CBCA204,61,56,58,47,48,61,55,57
3738,CBCA201,89,84,79,92,86,84,86,84
3738,CBCA202,84,86,84,87,74,90,84,84
3738,CBCA203,78,78,85,77,93,86,83,84
3738,CBCA204,75,85,94,80,82,88,84,84
3739,CBCA201,95,99,98,96,100,100,98,97
3739,CBCA202,100,100,100,95,96,100,99,97
3739,CBCA203,100,95,92,100,100,93,97,97
3739,CBCA204,98,97,100,96,91,97,97,97
3740,CBCA201,74,70,68,69,80,77,73,74
3740,CBCA202,79,71,71,74,82,73,75,74
3740,CBCA203,68,73,72,71,80,86,75,74
3740,CBCA204,72,73,66,75,77,80,74,74
3741,CBCA201,35,41,44,29,37,42,38,40
3741,CBCA202,37,35,39,42,49,45,41,40
3741,CBCA203,39,44,39,48,45,38,42,40
3741,CBCA204,36,36,41,35,35,43,38,40
3742,CBCA201,61,79,71,72,68,68,70,72
3742,CBCA202,75,67,72,75,65,81,73,72
3742,CBCA203,71,80,71,73,69,76,73,72
3742,CBCA204,77,77,69,68,78,70,73,72
3743,CBCA201,84,82,74,79,80,86,81,82
3743,CBCA202,84,77,83,76,76,82,80,82
3743,CBCA203,89,85,91,77,80,82,84,82
3743,CBCA204,80,90,89,76,83,73,82,82
3744,CBCA201,27,26,26,31,20,35,28,31
3744,CBCA202,25,32,35,39,32,25,31,31
3744,CBCA203,41,40,32,43,32,28,36,31
3744,CBCA204,28,32,32,24,34,36,31,31
3745,CBCA201,75,75,81,78,75,79,77,78
3745,CBCA202,78,78,72,89,81,73,79,78
3745,CBCA203,85,82,79,71,69,73,77,78
3745,CBCA204,85,76,75,75,88,78,80,78
3746,CBCA201,36,39,48,49,35,49,43,40
3746,CBCA202,34,47,41,34,46,35,40,40
3746,CBCA203,41,43,40,30,44,35,39,40
3746,CBCA204,39,43,39,40,35,42,40,40
3747,CBCA201,86,83,91,83,94,92,88,88
3747,CBCA202,82,93,99,82,85,80,87,88
3747,CBCA203,97,89,83,87,88,89,89,88
3747,CBCA204,89,86,88,89,84,92,88,88
3748,CBCA201,45,43,56,53,45,53,49,51
3748,CBCA202,53,48,55,56,51,42,51,51
3748,CBCA203,49,45,48,49,49,50,48,51
3748,CBCA204,59,52,59,53,53,57,56,51
3749,CBCA201,86,83,86,88,84,77,84,83
3749,CBCA202,89,82,76,89,85,92,86,83
3749,CBCA203,85,72,91,78,79,84,82,83
3749,CBCA204,76,85,76,85,74,87,81,83
3750,CBCA201,13,22,21,14,20,18,18,21
3750,CBCA202,17,15,29,22,22,23,21,21
3750,CBCA203,16,25,19,19,26,25,22,21
3750,CBCA204,20,17,25,26,28,15,22,21
3751,CBCA201,75,60,69,65,73,64,68,67
3751,CBCA202,72,66,71,68,72,68,70,67
3751,CBCA203,66,56,66,62,67,73,65,67
3751,CBCA204,68,70,75,65,62,56,66,67
3752,CBCA201,99,94,96,88,91,89,93,92
3752,CBCA202,89,97,89,93,82,93,91,92
3752,CBCA203,88,80,92,94,95,90,90,92
3752,CBCA204,97,99,96,100,96,84,95,92
3753,CBCA201,75,64,67,69,65,60,67,65
3753,CBCA202,63,60,62,64,62,70,64,65
3753,CBCA203,63,73,69,65,67,63,67,65
3753,CBCA204,62,71,63,60,60,68,64,65
3754,CBCA201,21,17,24,13,21,20,19,19
3754,CBCA202,18,26,19,22,11,18,19,19
3754,CBCA203,16,29,19,19,19,10,19,19
3754,CBCA204,21,24,17,24,14,17,20,19
3755,CBCA201,53,67,60,59,71,60,62,61
3755,CBCA202,71,59,68,57,57,58,62,61
3755,CBCA203,62,61,54,54,57,68,59,61
3755,CBCA204,59,59,56,72,68,55,62,61
3756,CBCA201,94,95,94,100,84,92,93,92
3756,CBCA202,100,87,96,94,84,86,91,92
3756,CBCA203,91,100,87,94,84,95,92,92
3756,CBCA204,82,97,91,98,94,90,92,92
3757,CBCA201,37,47,40,30,39,34,38,36
3757,CBCA202,35,29,28,32,34,40,33,36
3757,CBCA203,45,42,37,31,26,27,35,36
3757,CBCA204,30,43,39,33,44,41,38,36
3758,CBCA201,57,50,60,69,55,63,59,59
3758,CBCA202,54,53,57,71,59,66,60,59
3758,CBCA203,68,63,62,59,55,57,61,59
3758,CBCA204,54,54,59,58,58,57,57,59
3759,CBCA201,72,63,77,69,74,67,70,71
3759,CBCA202,62,74,59,73,72,77,70,71
3759,CBCA203,73,80,77,64,74,76,74,71
3759,CBCA204,75,65,59,69,81,72,70,71
3760,CBCA201,65,66,64,67,67,63,65,68
3760,CBCA202,71,74,66,68,64,64,68,68
3760,CBCA203,63,73,70,67,64,66,67,68
3760,CBCA204,68,69,76,68,73,67,70,68
3761,CBCA201,66,71,71,69,60,69,68,69
3761,CBCA202,68,67,75,75,66,69,70,69
3761,CBCA203,63,73,74,76,60,69,69,69
3761,CBCA204,71,68,71,61,79,70,70,69
3762,CBCA201,59,65,66,72,68,59,65,65
3762,CBCA202,70,68,54,72,63,69,66,65
3762,CBCA203,58,64,64,59,62,58,61,65
3762,CBCA204,72,67,69,71,66,72,70,65
3763,CBCA201,56,56,54,59,52,67,57,57
3763,CBCA202,63,61,61,54,63,57,60,57
3763,CBCA203,67,52,60,51,58,57,58,57
3763,CBCA204,55,59,53,51,51,56,54,57
3764,CBCA201,49,58,46,44,45,50,49,50
3764,CBCA202,50,44,54,47,54,52,50,50
3764,CBCA203,53,58,53,48,45,53,52,50
3764,CBCA204,54,53,49,46,46,48,49,50
3765,CBCA201,65,66,68,61,73,77,68,68
3765,CBCA202,67,60,71,65,68,65,66,68
3765,CBCA203,78,75,76,60,71,63,71,68
3765,CBCA204,70,70,67,68,71,60,68,68
3766,CBCA201,88,87,99,88,98,100,93,92
3766,CBCA202,94,93,94,86,88,88,91,92
3766,CBCA203,85,96,100,88,92,96,93,92
3766,CBCA204,96,88,100,90,86,88,91,92
3767,CBCA201,60,55,54,56,66,52,57,60
3767,CBCA202,50,49,63,71,62,66,60,60
3767,CBCA203,63,63,63,60,59,64,62,60
3767,CBCA204,53,56,63,62,66,69,62,60
3768,CBCA201,5,15,4,5,5,11,8,9
3768,CBCA202,12,7,13,12,11,0,9,9
3768,CBCA203,13,9,12,10,8,14,11,9
3768,CBCA204,0,14,17,4,12,0,8,9
3769,CBCA201,61,67,57,59,57,61,60,61
3769,CBCA202,53,56,58,56,67,60,58,61
3769,CBCA203,68,64,57,55,62,52,60,61
3769,CBCA204,61,66,71,62,61,61,64,61
3770,CBCA201,81,96,87,83,79,82,85,86
3770,CBCA202,85,83,84,92,78,91,86,86
3770,CBCA203,93,86,84,93,84,84,87,86
3770,CBCA204,95,91,81,81,84,81,86,86
3771,CBCA201,85,89,74,79,84,88,83,82
3771,CBCA202,87,79,81,81,84,80,82,82
3771,CBCA203,85,88,71,84,87,84,83,82
3771,CBCA204,78,88,80,80,79,81,81,82
3772,CBCA201,91,82,87,89,84,81,86,87
3772,CBCA202,80,86,91,88,91,81,86,87
3772,CBCA203,85,87,84,91,89,93,88,87
3772,CBCA204,84,86,93,85,91,87,88,87
3773,CBCA201,78,79,81,76,78,90,80,80
3773,CBCA202,74,85,72,87,79,81,80,80
3773,CBCA203,86,75,76,84,81,77,80,80
3773,CBCA204,72,82,85,79,74,78,78,80
3774,CBCA201,77,82,72,73,74,74,75,76
3774,CBCA202,72,67,85,74,83,83,77,76
3774,CBCA203,79,77,83,70,76,74,77,76
3774,CBCA204,78,76,80,66,74,79,76,76
3775,CBCA201,77,79,78,80,82,84,80,79
3775,CBCA202,85,81,79,74,77,81,80,79
3775,CBCA203,79,75,77,81,89,72,79,79
3775,CBCA204,77,74,77,76,79,81,77,79
3776,CBCA201,69,74,76,82,70,68,73,75
3776,CBCA202,71,82,66,77,79,67,74,75
3776,CBCA203,78,82,78,73,70,68,75,75
3776,CBCA204,81,71,82,73,73,78,76,75
3777,CBCA201,63,58,54,57,53,59,57,52
3777,CBCA202,53,57,51,42,47,48,50,52
3777,CBCA203,46,54,44,51,58,42,49,52
3777,CBCA204,59,53,55,46,49,50,52,52
3778,CBCA201,63,74,72,66,62,69,68,65
3778,CBCA202,71,69,65,69,65,63,67,65
3778,CBCA203,60,65,68,66,70,70,67,65
3778,CBCA204,55,67,55,56,62,63,60,65
3779,CBCA201,77,88,85,85,83,80,83,81
3779,CBCA202,82,89,82,77,71,72,79,81
3779,CBCA203,89,80,82,83,79,80,82,81
3779,CBCA204,76,77,69,89,88,75,79,81
3780,CBCA201,49,50,52,47,46,50,49,52
3780,CBCA202,49,57,58,45,52,48,52,52
3780,CBCA203,54,58,57,59,61,47,56,52
3780,CBCA204,56,50,47,49,62,55,53,52
3781,CBCA201,24,17,20,24,24,21,22,24
3781,CBCA202,32,27,27,18,29,19,25,24
3781,CBCA203,27,22,18,26,31,23,25,24
3781,CBCA204,31,32,20,21,17,24,24,24
3782,CBCA201,79,77,80,90,81,78,81,81
3782,CBCA202,84,82,78,81,80,81,81,81
3782,CBCA203,83,78,90,78,79,78,81,81
3782,CBCA204,79,87,80,91,78,81,83,81
3783,CBCA201,24,22,13,11,13,15,16,15
3783,CBCA202,7,15,4,8,12,13,10,15
3783,CBCA203,23,14,16,21,21,18,19,15
3783,CBCA204,16,15,15,17,17,10,15,15
3784,CBCA201,92,89,85,78,94,76,86,86
3784,CBCA202,91,80,91,88,94,82,88,86
3784,CBCA203,84,87,92,96,79,85,87,86
3784,CBCA204,76,85,85,91,75,89,84,86
3785,CBCA201,66,66,63,54,58,64,62,61
3785,CBCA202,66,62,57,64,63,62,62,61
3785,CBCA203,59,61,57,59,59,63,60,61
3785,CBCA204,63,58,59,56,63,55,59,61
3786,CBCA201,84,87,78,76,83,78,81,81
3786,CBCA202,89,74,91,85,88,79,84,81
3786,CBCA203,74,89,77,74,83,85,80,81
3786,CBCA204,72,92,82,77,77,80,80,81
3787,CBCA201,97,96,98,94,92,97,96,97
3787,CBCA202,100,89,100,98,100,97,97,97
3787,CBCA203,100,98,95,95,96,94,96,97
3787,CBCA204,96,99,100,95,100,97,98,97
3788,CBCA201,60,54,55,50,56,57,55,56
3788,CBCA202,64,57,57,58,53,52,57,56
3788,CBCA203,56,59,47,66,51,66,58,56
3788,CBCA204,49,56,59,59,55,58,56,56
3789,CBCA201,86,75,83,86,88,77,83,82
3789,CBCA202,79,74,76,82,86,77,79,82
3789,CBCA203,83,80,93,89,80,75,83,82
3789,CBCA204,87,79,86,87,71,81,82,82
3790,CBCA201,87,99,92,89,97,87,92,91
3790,CBCA202,94,93,93,95,85,94,92,91
3790,CBCA203,88,89,90,89,88,93,90,91
3790,CBCA204,87,96,97,90,80,94,91,91
3791,CBCA201,67,70,70,65,71,62,68,66
3791,CBCA202,67,73,58,69,65,66,66,66
3791,CBCA203,63,65,69,59,70,69,66,66
3791,CBCA204,72,61,65,60,70,59,65,66
3792,CBCA201,39,44,46,42,42,39,42,42
3792,CBCA202,38,43,37,38,40,41,40,42
3792,CBCA203,45,53,39,48,40,37,44,42
3792,CBCA204,43,50,42,52,40,38,44,42
3793,CBCA201,65,64,54,58,67,58,61,59
3793,CBCA202,54,63,58,60,55,60,58,59
3793,CBCA203,54,62,63,56,64,58,60,59
3793,CBCA204,64,61,53,59,49,55,57,59
3794,CBCA201,76,63,81,65,79,69,72,71
3794,CBCA202,79,75,75,66,72,69,73,71
3794,CBCA203,67,66,76,60,72,63,67,71
3794,CBCA204,66,66,75,79,69,77,72,71
3795,CBCA201,46,55,51,56,43,50,50,55
3795,CBCA202,52,60,57,54,56,59,56,55
3795,CBCA203,51,62,54,56,49,65,56,55
3795,CBCA204,47,57,61,57,64,48,56,55
3796,CBCA201,80,74,79,73,80,79,78,74
3796,CBCA202,72,71,75,84,68,69,73,74
3796,CBCA203,73,69,66,72,80,81,74,74
3796,CBCA204,75,69,72,74,77,75,74,74
3797,CBCA201,89,84,87,73,86,77,83,83
3797,CBCA202,82,89,81,85,92,88,86,83
3797,CBCA203,87,74,84,86,85,88,84,83
3797,CBCA204,78,73,80,81,81,89,80,83
3798,CBCA201,73,68,71,64,73,75,71,71
3798,CBCA202,74,60,72,63,73,67,68,71
3798,CBCA203,70,77,62,80,79,65,72,71
3798,CBCA204,70,61,78,79,75,75,73,71
3799,CBCA201,65,71,63,58,67,66,65,65
3799,CBCA202,73,75,69,63,71,65,69,65
3799,CBCA203,64,59,66,64,70,56,63,65
3799,CBCA204,64,67,60,60,58,67,63,65
3800,CBCA201,56,63,54,43,50,44,52,52
3800,CBCA202,44,40,53,53,57,54,50,52
3800,CBCA203,59,56,42,51,49,51,51,52
3800,CBCA204,52,61,51,50,48,61,54,52
3801,CBCA201,76,67,83,69,72,77,74,74
3801,CBCA202,76,80,68,68,79,68,73,74
3801,CBCA203,72,75,76,68,81,72,74,74
3801,CBCA204,69,70,80,81,78,78,76,74
3802,CBCA201,67,50,57,56,51,46,55,57
3802,CBCA202,60,55,53,58,64,56,58,57
3802,CBCA203,64,46,66,52,48,57,56,57
3802,CBCA204,60,57,64,59,56,56,59,57
3803,CBCA201,17,34,26,34,31,34,29,29
3803,CBCA202,32,35,27,31,29,17,29,29
3803,CBCA203,30,29,17,32,37,22,28,29
3803,CBCA204,30,30,33,31,26,29,30,29
3804,CBCA201,85,83,80,82,84,87,84,85
3804,CBCA202,83,89,84,77,91,82,84,85
3804,CBCA203,91,82,89,83,84,78,85,85
3804,CBCA204,84,89,98,87,89,85,89,85
3805,CBCA201,94,93,87,83,83,91,89,86
3805,CBCA202,89,81,83,79,89,87,85,86
3805,CBCA203,92,88,84,87,78,87,86,86
3805,CBCA204,85,85,88,84,95,82,87,86
3806,CBCA201,58,56,57,56,57,53,56,56
3806,CBCA202,51,54,50,54,52,69,55,56
3806,CBCA203,48,52,52,53,56,53,52,56
3806,CBCA204,56,62,68,55,54,60,59,56
3807,CBCA201,70,75,81,72,81,80,77,76
3807,CBCA202,75,73,75,76,75,81,76,76
3807,CBCA203,80,67,70,78,73,72,73,76
3807,CBCA204,79,73,80,82,76,76,78,76
3808,CBCA201,85,91,80,77,90,85,85,86
3808,CBCA202,81,86,82,85,91,78,84,86
3808,CBCA203,85,85,96,87,89,85,88,86
3808,CBCA204,81,90,77,86,86,96,86,86
3809,CBCA201,87,89,96,99,94,93,93,96
3809,CBCA202,94,100,94,100,96,100,97,96
3809,CBCA203,100,90,96,99,97,97,97,96
3809,CBCA204,95,90,100,97,100,95,96,96
3810,CBCA201,61,57,53,60,55,64,58,57
3810,CBCA202,53,54,52,56,53,60,55,57
3810,CBCA203,64,55,48,61,59,60,58,57
3810,CBCA204,51,50,52,67,62,51,56,57
3811,CBCA201,13,6,13,14,18,20,14,13
3811,CBCA202,14,16,3,13,4,4,9,13
3811,CBCA203,17,22,7,13,12,20,15,13
3811,CBCA204,16,15,9,10,10,16,13,13
3812,CBCA201,85,82,91,79,80,94,85,86
3812,CBCA202,77,88,93,79,82,89,85,86
3812,CBCA203,89,88,84,91,91,78,87,86
3812,CBCA204,94,77,92,95,85,81,87,86
3813,CBCA201,29,35,47,40,40,43,39,40
3813,CBCA202,43,49,34,29,44,42,40,40
3813,CBCA203,39,32,36,49,43,41,40,40
3813,CBCA204,39,50,39,34,37,35,39,40
3814,CBCA201,89,84,85,86,89,82,86,85
3814,CBCA202,90,81,85,89,75,84,84,85
3814,CBCA203,88,82,77,79,87,80,82,85
3814,CBCA204,80,94,84,93,85,93,88,85
3815,CBCA201,63,71,74,70,78,69,71,71
3815,CBCA202,77,75,81,70,75,75,76,71
3815,CBCA203,64,72,67,65,59,71,66,71
3815,CBCA204,72,68,62,66,74,77,70,71
3816,CBCA201,29,27,29,32,29,35,30,28
3816,CBCA202,31,32,22,22,31,22,27,28
3816,CBCA203,27,31,24,24,29,25,27,28
3816,CBCA204,25,28,34,32,32,25,29,28
3817,CBCA201,94,86,93,86,95,83,90,92
3817,CBCA202,94,96,85,91,94,94,92,92
3817,CBCA203,94,97,93,100,97,87,95,92
3817,CBCA204,88,95,95,86,97,91,92,92
3818,CBCA201,87,100,100,92,88,96,94,94
3818,CBCA202,92,92,96,93,100,92,94,94
3818,CBCA203,93,87,100,100,92,99,95,94
3818,CBCA204,90,100,87,97,98,90,94,94
3819,CBCA201,13,19,7,26,10,25,17,18
3819,CBCA202,19,14,19,27,12,13,17,18
3819,CBCA203,29,26,23,20,20,16,22,18
3819,CBCA204,24,13,17,18,16,9,16,18
3820,CBCA201,79,80,73,87,91,82,82,84
3820,CBCA202,82,82,84,83,91,90,85,84
3820,CBCA203,81,81,78,90,82,90,84,84
3820,CBCA204,88,76,89,80,82,85,83,84
3821,CBCA201,59,53,66,51,58,62,58,58
3821,CBCA202,56,52,65,65,54,49,57,58
3821,CBCA203,61,61,69,60,62,48,60,58
3821,CBCA204,64,56,58,60,61,52,59,58
3822,CBCA201,76,91,97,82,91,89,88,88
3822,CBCA202,83,91,81,86,84,90,86,88
3822,CBCA203,95,89,78,86,83,96,88,88
3822,CBCA204,87,94,88,85,88,95,90,88
3823,CBCA201,88,74,75,79,89,79,81,81
3823,CBCA202,81,75,87,83,83,72,80,81
3823,CBCA203,76,82,89,91,84,82,84,81
3823,CBCA204,80,73,77,74,73,87,77,81
3824,CBCA201,43,38,46,52,36,50,44,46
3824,CBCA202,56,41,50,48,39,48,47,46
3824,CBCA203,39,55,43,47,52,37,46,46
3824,CBCA204,46,47,45,48,55,37,46,46
3825,CBCA201,77,78,72,71,62,65,71,71
3825,CBCA202,77,80,68,73,72,60,72,71
3825,CBCA203,70,78,73,65,70,78,72,71
3825,CBCA204,71,64,71,65,75,65,69,71
3826,CBCA201,41,49,49,48,46,47,47,43
3826,CBCA202,45,43,43,45,38,41,43,43
3826,CBCA203,50,42,35,42,35,34,40,43
3826,CBCA204,46,46,47,40,44,37,43,43
3827,CBCA201,93,88,94,80,84,78,86,86
3827,CBCA202,82,85,85,88,81,88,85,86
3827,CBCA203,90,89,91,77,82,81,85,86
3827,CBCA204,96,91,79,91,84,96,90,86
3828,CBCA201,34,21,23,25,34,27,27,28
3828,CBCA202,30,31,22,31,22,26,27,28
3828,CBCA203,21,33,37,21,31,32,29,28
3828,CBCA204,29,26,29,22,32,26,27,28
3829,CBCA201,64,48,57,47,50,56,54,59
3829,CBCA202,62,58,64,59,60,56,60,59
3829,CBCA203,52,65,62,65,64,52,60,59
3829,CBCA204,56,62,59,64,61,63,61,59
3830,CBCA201,92,92,94,95,90,92,93,92
3830,CBCA202,87,86,89,94,89,95,90,92
3830,CBCA203,91,90,96,98,98,99,95,92
3830,CBCA204,90,88,97,88,93,85,90,92
3831,CBCA201,74,79,80,87,82,77,80,79
3831,CBCA202,85,88,75,80,79,81,81,79
3831,CBCA203,70,74,71,80,74,85,76,79
3831,CBCA204,81,74,78,77,87,69,78,79
3832,CBCA201,82,83,88,69,78,71,79,77
3832,CBCA202,74,83,74,81,75,78,78,77
3832,CBCA203,76,71,75,70,82,84,76,77
3832,CBCA204,76,74,77,74,82,76,77,77
3833,CBCA201,89,85,77,78,85,83,83,79
3833,CBCA202,78,85,87,73,77,77,80,79
3833,CBCA203,76,74,81,78,84,73,78,79
3833,CBCA204,76,82,88,70,75,76,78,79
3834,CBCA201,78,83,79,96,76,84,83,84
3834,CBCA202,90,87,85,87,80,77,84,84
3834,CBCA203,79,77,85,89,84,91,84,84
3834,CBCA204,80,80,88,86,91,90,86,84
3835,CBCA201,89,89,85,94,98,86,90,90
3835,CBCA202,92,83,93,93,100,86,91,90
3835,CBCA203,91,91,91,95,85,90,91,90
3835,CBCA204,87,92,90,80,91,88,88,90
3836,CBCA201,74,76,76,64,74,76,73,74
3836,CBCA202,72,79,80,75,74,72,75,74
3836,CBCA203,81,66,67,73,71,71,72,74
3836,CBCA204,83,82,70,73,74,68,75,74
3837,CBCA201,54,63,54,60,51,51,56,56
3837,CBCA202,57,61,52,57,61,59,58,56
3837,CBCA203,65,51,45,64,59,60,57,56
3837,CBCA204,53,49,45,64,56,59,54,56
3838,CBCA201,78,89,83,86,95,78,85,84
3838,CBCA202,82,83,91,84,76,91,85,84
3838,CBCA203,88,87,78,86,86,78,84,84
3838,CBCA204,83,73,79,80,89,83,81,84
3839,CBCA201,40,29,26,36,32,34,33,35
3839,CBCA202,40,39,31,37,28,33,35,35
3839,CBCA203,35,37,28,39,38,34,35,35
3839,CBCA204,46,28,30,39,37,42,37,35
3840,CBCA201,54,61,51,48,53,56,54,54
3840,CBCA202,54,52,56,56,55,49,54,54
3840,CBCA203,56,42,59,60,53,46,53,54
3840,CBCA204,55,58,52,51,55,62,56,54
3841,CBCA201,58,42,47,54,50,42,49,49
3841,CBCA202,59,48,50,40,50,50,50,49
3841,CBCA203,55,52,45,48,46,46,49,49
3841,CBCA204,44,49,49,55,55,53,51,49
3842,CBCA201,19,21,13,21,11,6,15,18
3842,CBCA202,23,11,11,20,12,25,17,18
3842,CBCA203,21,21,15,12,20,24,19,18
3842,CBCA204,19,25,27,17,23,8,20,18
3843,CBCA201,51,57,49,50,49,49,51,49
3843,CBCA202,54,49,58,48,50,55,52,49
3843,CBCA203,45,57,40,51,45,38,46,49
3843,CBCA204,51,51,44,46,46,48,48,49
3844,CBCA201,95,100,96,89,93,93,94,94
3844,CBCA202,100,99,87,95,94,100,96,94
3844,CBCA203,99,95,90,85,86,98,92,94
3844,CBCA204,91,90,86,96,96,100,93,94
3845,CBCA201,81,84,85,79,88,80,83,81
3845,CBCA202,82,88,74,83,85,88,83,81
3845,CBCA203,86,82,74,80,77,77,79,81
3845,CBCA204,74,75,84,89,74,81,80,81
3846,CBCA201,65,55,59,73,58,69,63,61
3846,CBCA202,60,52,66,61,63,58,60,61
3846,CBCA203,52,56,57,64,52,57,56,61
3846,CBCA204,62,63,69,64,67,66,65,61
3847,CBCA201,55,46,45,47,44,42,47,46
3847,CBCA202,37,45,47,49,42,43,44,46
3847,CBCA203,37,46,52,35,42,57,45,46
3847,CBCA204,40,48,47,47,55,51,48,46
3848,CBCA201,77,71,75,73,65,65,71,67
3848,CBCA202,63,63,66,66,65,74,66,67
3848,CBCA203,62,73,58,68,60,67,65,67
3848,CBCA204,63,74,68,58,74,70,68,67
3849,CBCA201,34,33,19,33,35,29,31,30
3849,CBCA202,30,37,21,32,31,40,32,30
3849,CBCA203,24,27,34,28,23,26,27,30
3849,CBCA204,31,30,33,32,36,24,31,30
3850,CBCA201,72,88,80,77,88,79,81,81
3850,CBCA202,82,84,78,92,78,89,84,81
3850,CBCA203,86,76,89,82,81,74,81,81
3850,CBCA204,79,80,74,80,86,77,79,81
3851,CBCA201,75,63,68,74,74,74,71,71
3851,CBCA202,71,68,62,66,76,65,68,71
3851,CBCA203,67,73,74,67,74,79,72,71
3851,CBCA204,77,73,74,76,60,70,72,71
3852,CBCA201,69,65,56,60,54,57,60,61
3852,CBCA202,59,63,51,64,61,52,58,61
3852,CBCA203,61,68,60,52,57,68,61,61
3852,CBCA204,69,64,58,63,69,62,64,61
3853,CBCA201,60,58,69,72,72,61,65,63
3853,CBCA202,66,54,66,59,57,59,60,63
3853,CBCA203,55,66,69,66,58,65,63,63
3853,CBCA204,64,63,57,72,69,57,64,63
3854,CBCA201,48,50,42,30,42,43,43,40
3854,CBCA202,44,33,32,40,31,35,36,40
3854,CBCA203,40,35,42,29,42,40,38,40
3854,CBCA204,50,41,40,30,40,49,42,40
3855,CBCA201,56,41,38,35,39,49,43,45
3855,CBCA202,40,44,37,46,44,39,42,45
3855,CBCA203,52,41,52,42,52,51,48,45
3855,CBCA204,56,53,47,45,53,36,48,45
3856,CBCA201,53,58,51,51,54,59,54,53
3856,CBCA202,51,52,49,43,54,52,50,53
3856,CBCA203,50,49,49,59,59,46,52,53
3856,CBCA204,54,56,51,51,54,59,54,53
3857,CBCA201,59,60,60,65,51,54,58,58
3857,CBCA202,58,54,63,51,47,53,54,58
3857,CBCA203,56,65,56,63,64,50,59,58
3857,CBCA204,57,60,47,67,60,63,59,58
3858,CBCA201,63,74,72,73,69,80,72,71
3858,CBCA202,72,72,72,67,70,81,72,71
3858,CBCA203,72,76,63,71,73,73,71,71
3858,CBCA204,71,64,74,78,61,70,70,71
3859,CBCA201,65,54,55,57,61,49,57,55
3859,CBCA202,59,58,49,61,52,48,55,55
3859,CBCA203,51,58,58,46,61,51,54,55
3859,CBCA204,46,56,55,53,52,54,53,55
3860,CBCA201,56,57,53,48,51,48,52,51
3860,CBCA202,54,50,55,56,49,50,52,51
3860,CBCA203,52,53,46,48,52,47,50,51
3860,CBCA204,49,54,57,54,51,40,51,51
3861,CBCA201,15,0,11,12,3,13,9,9
3861,CBCA202,7,2,0,9,5,6,5,9
3861,CBCA203,4,8,1,18,15,15,10,9
3861,CBCA204,4,6,14,17,6,19,11,9
3862,CBCA201,90,93,78,86,86,79,85,86
3862,CBCA202,83,86,80,83,86,94,85,86
3862,CBCA203,79,85,83,89,92,85,86,86
3862,CBCA204,94,84,92,89,85,83,88,86
3863,CBCA201,100,96,100,95,100,100,99,98
3863,CBCA202,97,99,100,96,96,100,98,98
3863,CBCA203,100,100,94,100,100,94,98,98
3863,CBCA204,100,100,92,89,95,100,96,98
3864,CBCA201,85,89,94,92,81,85,88,86
3864,CBCA202,85,83,92,81,84,82,85,86
3864,CBCA203,90,86,86,84,83,77,84,86
3864,CBCA204,85,80,90,94,91,93,89,86
3865,CBCA201,75,92,91,82,79,84,84,82
3865,CBCA202,84,76,83,79,77,90,82,82
3865,CBCA203,83,80,81,78,78,72,79,82
3865,CBCA204,80,76,87,82,89,85,83,82
3866,CBCA201,71,76,75,72,68,83,74,72
3866,CBCA202,72,71,82,75,73,76,75,72
3866,CBCA203,81,66,64,69,68,76,71,72
3866,CBCA204,68,65,73,74,73,68,70,72
3867,CBCA201,96,85,98,97,95,88,93,92
3867,CBCA202,100,88,87,95,81,93,91,92
3867,CBCA203,82,82,100,96,100,84,91,92
3867,CBCA204,100,95,92,92,97,86,94,92
3868,CBCA201,93,89,82,92,79,86,87,88
3868,CBCA202,90,87,89,92,83,88,88,88
3868,CBCA203,91,90,82,88,86,87,87,88
3868,CBCA204,84,92,86,92,89,84,88,88
3869,CBCA201,13,28,16,18,28,18,20,20
3869,CBCA202,15,24,24,20,14,16,19,20
3869,CBCA203,18,11,24,29,25,18,21,20
3869,CBCA204,24,18,18,20,27,22,22,20
3870,CBCA201,10,7,1,8,5,1,5,7
3870,CBCA202,3,2,2,13,15,6,7,7
3870,CBCA203,8,5,6,14,0,13,8,7
3870,CBCA204,7,15,2,8,11,15,10,7
3871,CBCA201,26,19,13,14,22,28,20,21
3871,CBCA202,21,19,29,16,20,23,21,21
3871,CBCA203,25,33,21,21,20,17,23,21
3871,CBCA204,23,16,33,14,19,22,21,21
3872,CBCA201,25,29,22,12,14,25,21,22
3872,CBCA202,29,15,18,22,29,25,23,22
3872,CBCA203,15,20,28,11,24,19,20,22
3872,CBCA204,24,24,23,20,25,30,24,22
3873,CBCA201,29,22,36,20,30,34,29,27
3873,CBCA202,26,22,28,34,25,26,27,27
3873,CBCA203,21,26,30,37,27,24,28,27
3873,CBCA204,29,33,22,24,21,25,26,27
3874,CBCA201,57,61,58,69,69,65,63,64
3874,CBCA202,61,69,61,65,68,63,65,64
3874,CBCA203,68,59,65,72,71,61,66,64
3874,CBCA204,59,61,63,62,74,56,63,64
3875,CBCA201,51,48,45,55,43,45,48,47
3875,CBCA202,42,47,45,51,48,55,48,47
3875,CBCA203,46,38,41,51,41,49,44,47
3875,CBCA204,46,48,44,48,45,49,47,47
3876,CBCA201,45,47,44,28,41,35,40,38
3876,CBCA202,38,32,29,35,37,42,36,38
3876,CBCA203,45,40,43,32,30,35,38,38
3876,CBCA204,41,32,45,46,37,34,39,38
3877,CBCA201,96,96,88,88,97,89,92,94
3877,CBCA202,95,93,91,89,93,97,93,94
3877,CBCA203,95,90,93,94,94,100,94,94
3877,CBCA204,97,91,98,90,100,93,95,94
3878,CBCA201,66,78,71,75,77,68,73,74
3878,CBCA202,74,78,73,76,72,77,75,74
3878,CBCA203,79,81,80,78,76,73,78,74
3878,CBCA204,72,74,65,67,67,81,71,74
3879,CBCA201,81,96,81,84,81,80,84,85
3879,CBCA202,88,86,95,92,91,80,89,85
3879,CBCA203,77,95,91,77,77,82,83,85
3879,CBCA204,81,91,80,82,94,86,86,85
3880,CBCA201,98,90,96,100,99,89,95,92
3880,CBCA202,85,81,96,90,100,85,90,92
3880,CBCA203,94,88,91,90,93,86,90,92
3880,CBCA204,97,95,89,89,96,88,92,92
3881,CBCA201,78,80,86,83,79,86,82,82
3881,CBCA202,84,87,71,77,77,81,80,82
3881,CBCA203,86,91,85,82,84,80,85,82
3881,CBCA204,85,81,86,82,78,81,82,82
3882,CBCA201,50,51,48,43,48,41,47,48
3882,CBCA202,49,48,50,45,53,51,49,48
3882,CBCA203,51,50,44,49,40,46,47,48
3882,CBCA204,49,57,48,50,47,51,50,48
3883,CBCA201,93,85,88,96,100,77,90,90
3883,CBCA202,93,89,88,85,82,91,88,90
3883,CBCA203,89,89,90,82,92,91,89,90
3883,CBCA204,97,92,92,84,98,92,93,90
3884,CBCA201,99,100,91,100,100,97,98,94
3884,CBCA202,99,92,87,95,99,99,95,94
3884,CBCA203,100,94,89,87,88,95,92,94
3884,CBCA204,95,97,88,87,90,92,92,94
3885,CBCA201,73,71,76,79,78,74,75,71
3885,CBCA202,66,66,77,69,65,73,69,71
3885,CBCA203,76,67,64,74,67,65,69,71
3885,CBCA204,63,64,77,65,73,72,69,71
3886,CBCA201,65,84,74,66,76,75,73,73
3886,CBCA202,85,80,75,81,77,78,79,73
3886,CBCA203,68,71,69,69,71,79,71,73
3886,CBCA204,67,64,69,67,77,74,70,73
3887,CBCA201,89,89,85,90,88,97,90,87
3887,CBCA202,83,85,85,84,92,83,85,87
3887,CBCA203,88,87,92,86,88,87,88,87
3887,CBCA204,76,81,84,92,82,86,84,87
3888,CBCA201,94,94,91,100,93,100,95,97
3888,CBCA202,100,100,90,96,94,100,97,97
3888,CBCA203,100,92,100,100,100,99,99,97
3888,CBCA204,100,100,91,100,93,100,97,97
3889,CBCA201,93,83,83,82,96,88,88,90
3889,CBCA202,90,100,93,82,83,91,90,90
3889,CBCA203,85,95,91,96,91,100,93,90
3889,CBCA204,81,88,83,96,88,91,88,90
3890,CBCA201,94,100,100,100,100,100,99,98
3890,CBCA202,97,100,90,92,96,95,95,98
3890,CBCA203,100,100,100,96,96,100,99,98
3890,CBCA204,93,100,100,95,100,100,98,98
3891,CBCA201,85,98,93,83,98,94,92,90
3891,CBCA202,84,91,97,87,89,89,90,90
3891,CBCA203,79,90,91,85,85,98,88,90
3891,CBCA204,90,94,91,89,94,84,90,90
3892,CBCA201,83,100,85,94,93,98,92,93
3892,CBCA202,96,93,99,92,82,89,92,93
3892,CBCA203,90,99,95,100,96,96,96,93
3892,CBCA204,91,89,94,92,90,95,92,93
3893,CBCA201,78,86,73,80,80,82,80,82
3893,CBCA202,89,80,87,80,89,84,85,82
3893,CBCA203,83,79,88,88,83,81,84,82
3893,CBCA204,74,76,78,87,76,80,79,82
3894,CBCA201,85,69,70,74,83,71,75,79
3894,CBCA202,73,77,78,82,85,77,79,79
3894,CBCA203,73,83,85,82,76,79,80,79
3894,CBCA204,86,85,82,82,88,75,83,79
3895,CBCA201,66,58,52,62,53,55,58,56
3895,CBCA202,57,55,45,54,51,62,54,56
3895,CBCA203,53,62,64,56,54,57,58,56
3895,CBCA204,49,60,55,56,52,60,55,56
3896,CBCA201,92,90,80,91,92,90,89,91
3896,CBCA202,91,99,83,91,95,99,93,91
3896,CBCA203,96,87,96,96,88,92,93,91
3896,CBCA204,89,95,89,88,89,92,90,91
3897,CBCA201,85,66,81,83,75,81,79,75
3897,CBCA202,77,72,72,66,63,74,71,75
3897,CBCA203,71,80,79,76,71,77,76,75
3897,CBCA204,77,65,77,83,79,80,77,75
3898,CBCA201,90,86,81,87,79,82,84,83
3898,CBCA202,85,78,78,87,85,80,82,83
3898,CBCA203,83,92,85,76,84,72,82,83
3898,CBCA204,82,82,85,82,88,86,84,83
3899,CBCA201,23,22,4,9,13,10,14,15
3899,CBCA202,21,22,15,8,15,16,16,15
3899,CBCA203,7,17,13,14,18,16,14,15
3899,CBCA204,11,13,9,16,21,15,14,15
3900,CBCA201,57,49,48,51,55,50,52,51
3900,CBCA202,53,48,49,47,51,53,50,51
3900,CBCA203,52,50,58,51,57,49,53,51
3900,CBCA204,48,47,59,49,51,51,51,51
3901,CBCA201,17,15,28,22,17,28,21,20
3901,CBCA202,24,20,13,22,14,16,18,20
3901,CBCA203,15,13,18,19,28,18,19,20
3901,CBCA204,23,29,11,20,30,22,23,20
3902,CBCA201,61,70,63,67,54,55,62,64
3902,CBCA202,67,67,70,62,56,73,66,64
3902,CBCA203,65,58,67,69,65,69,66,64
3902,CBCA204,54,60,65,62,66,68,63,64
3903,CBCA201,56,56,47,48,41,53,50,50
3903,CBCA202,42,50,49,48,56,50,49,50
3903,CBCA203,53,51,46,54,46,50,50,50
3903,CBCA204,46,49,50,43,57,57,50,50
3904,CBCA201,30,33,24,24,23,29,27,26
3904,CBCA202,23,31,25,26,30,24,27,26
3904,CBCA203,24,22,24,28,30,19,25,26
3904,CBCA204,29,23,30,26,27,27,27,26
3905,CBCA201,72,75,79,90,92,85,82,82
3905,CBCA202,78,75,78,84,87,93,83,82
3905,CBCA203,86,82,84,76,75,88,82,82
3905,CBCA204,78,76,84,93,83,76,82,82
3906,CBCA201,83,87,88,82,87,76,84,79
3906,CBCA202,75,78,77,69,86,80,78,79
3906,CBCA203,86,79,73,71,86,84,80,79
3906,CBCA204,71,70,74,72,81,86,76,79
3907,CBCA201,62,65,49,61,66,63,61,59
3907,CBCA202,53,55,58,57,63,51,56,59
3907,CBCA203,61,62,57,58,55,57,58,59
3907,CBCA204,67,61,55,59,52,63,60,59
3908,CBCA201,14,6,15,15,8,14,12,12
3908,CBCA202,17,19,12,19,10,9,14,12
3908,CBCA203,4,14,13,9,19,1,10,12
3908,CBCA204,4,18,1,15,13,22,12,12
3909,CBCA201,83,78,85,82,82,92,84,85
3909,CBCA202,89,85,83,94,92,88,89,85
3909,CBCA203,80,81,81,88,88,93,85,85
3909,CBCA204,79,85,77,84,91,85,84,85
3910,CBCA201,48,48,53,52,47,44,49,49
3910,CBCA202,50,57,46,39,47,41,47,49
3910,CBCA203,47,54,54,47,46,54,50,49
3910,CBCA204,57,45,49,56,47,54,51,49
3911,CBCA201,53,52,46,51,53,50,51,51
3911,CBCA202,53,58,55,50,59,49,54,51
3911,CBCA203,49,54,42,55,42,59,50,51
3911,CBCA204,39,48,52,51,50,53,49,51
3912,CBCA201,73,76,75,73,78,82,76,74
3912,CBCA202,81,81,70,79,64,78,76,74
3912,CBCA203,74,72,75,63,73,76,72,74
3912,CBCA204,72,70,74,65,83,68,72,74
3913,CBCA201,71,70,76,75,82,76,75,77
3913,CBCA202,73,78,80,75,72,72,75,77
3913,CBCA203,72,77,83,86,87,83,81,77
3913,CBCA204,78,76,77,78,72,80,77,77
3914,CBCA201,50,53,51,55,58,54,54,59
3914,CBCA202,65,57,62,56,54,57,59,59
3914,CBCA203,67,58,64,60,58,66,62,59
3914,CBCA204,63,70,60,62,67,54,63,59
3915,CBCA201,6,2,4,5,5,9,5,7
3915,CBCA202,2,0,5,3,16,5,5,7
3915,CBCA203,16,5,11,14,5,12,11,7
3915,CBCA204,8,6,7,0,2,13,6,7
3916,CBCA201,71,62,62,72,76,67,68,68
3916,CBCA202,75,67,69,67,66,64,68,68
3916,CBCA203,70,63,63,59,69,70,66,68
3916,CBCA204,70,75,76,74,66,70,72,68
3917,CBCA201,42,45,43,41,42,38,42,41
3917,CBCA202,39,49,50,39,43,43,44,41
3917,CBCA203,45,41,39,41,35,43,41,41
3917,CBCA204,37,35,42,44,40,36,39,41
3918,CBCA201,77,66,71,73,71,77,73,76
3918,CBCA202,82,81,76,87,76,79,80,76
3918,CBCA203,77,85,85,78,71,67,77,76
3918,CBCA204,78,79,72,76,76,67,75,76
3919,CBCA201,56,44,55,57,53,60,54,54
3919,CBCA202,51,51,63,59,53,54,55,54
3919,CBCA203,45,54,56,58,51,50,52,54
3919,CBCA204,56,57,50,55,51,46,53,54
3920,CBCA201,21,20,24,25,25,29,24,22
3920,CBCA202,19,22,23,31,23,21,23,22
3920,CBCA203,19,29,16,14,19,15,19,22
3920,CBCA204,21,29,15,26,21,22,22,22
3921,CBCA201,100,100,99,96,92,99,98,96
3921,CBCA202,96,96,98,96,96,100,97,96
3921,CBCA203,88,100,98,95,100,96,96,96
3921,CBCA204,91,93,98,91,100,90,94,96
3922,CBCA201,38,21,24,25,27,28,27,31
3922,CBCA202,41,37,35,35,35,35,36,31
3922,CBCA203,26,23,28,31,38,34,30,31
3922,CBCA204,30,22,34,40,29,23,30,31
3923,CBCA201,45,48,51,47,56,50,50,51
3923,CBCA202,56,61,50,43,45,50,51,51
3923,CBCA203,49,51,48,48,55,58,52,51
3923,CBCA204,54,53,42,54,51,60,52,51
3924,CBCA201,61,61,55,58,61,54,58,56
3924,CBCA202,54,49,63,46,53,68,56,56
3924,CBCA203,57,55,50,50,59,57,55,56
3924,CBCA204,55,48,56,59,50,56,54,56
3925,CBCA201,84,84,88,85,81,81,84,84
3925,CBCA202,80,93,85,77,86,78,83,84
3925,CBCA203,76,89,86,84,90,94,87,84
3925,CBCA204,81,72,93,79,92,88,84,84
3926,CBCA201,79,83,82,88,87,78,83,80
3926,CBCA202,84,73,81,76,78,85,80,80
3926,CBCA203,70,73,77,77,84,80,77,80
3926,CBCA204,69,82,87,78,86,76,80,80
3927,CBCA201,58,51,54,67,63,68,60,60
3927,CBCA202,61,53,68,57,65,68,62,60
3927,CBCA203,60,63,64,56,63,56,60,60
3927,CBCA204,52,61,61,65,59,57,59,60
3928,CBCA201,29,36,43,42,37,41,38,36
3928,CBCA202,39,36,38,38,40,30,37,36
3928,CBCA203,29,39,35,33,37,28,34,36
3928,CBCA204,40,30,39,34,39,35,36,36
3929,CBCA201,68,55,61,54,57,52,58,57
3929,CBCA202,53,56,66,56,66,49,58,57
3929,CBCA203,59,64,57,57,59,55,59,57
3929,CBCA204,55,55,50,58,54,48,53,57
3930,CBCA201,68,73,73,74,66,64,70,67
3930,CBCA202,57,66,65,71,68,69,66,67
3930,CBCA203,75,65,63,68,74,59,67,67
3930,CBCA204,59,67,64,65,70,70,66,67
3931,CBCA201,66,61,61,58,62,55,61,56
3931,CBCA202,47,59,53,51,51,62,54,56
3931,CBCA203,54,55,49,59,49,54,53,56
3931,CBCA204,62,52,58,60,58,57,58,56
3932,CBCA201,54,66,64,59,67,62,62,64
3932,CBCA202,74,58,67,65,60,66,65,64
3932,CBCA203,75,71,63,67,61,63,67,64
3932,CBCA204,68,59,64,62,70,61,64,64
3933,CBCA201,63,70,62,64,66,64,65,64
3933,CBCA202,65,57,70,66,64,69,65,64
3933,CBCA203,57,58,64,64,62,66,62,64
3933,CBCA204,61,64,59,64,68,67,64,64
3934,CBCA201,65,65,54,56,53,63,59,59
3934,CBCA202,56,58,53,58,53,56,56,59
3934,CBCA203,65,67,57,70,57,61,63,59
3934,CBCA204,57,56,67,60,61,55,59,59
3935,CBCA201,58,59,56,64,65,65,61,61
3935,CBCA202,56,58,67,61,57,60,60,61
3935,CBCA203,59,59,65,68,65,51,61,61
3935,CBCA204,55,60,53,71,58,64,60,61
3936,CBCA201,76,82,76,76,72,75,76,75
3936,CBCA202,78,74,75,67,81,73,75,75
3936,CBCA203,83,71,81,74,79,73,77,75
3936,CBCA204,76,73,72,72,67,81,74,75
3937,CBCA201,40,53,42,51,50,34,45,44
3937,CBCA202,37,54,44,48,41,55,47,44
3937,CBCA203,41,36,46,38,47,42,42,44
3937,CBCA204,42,41,44,40,43,50,43,44
3938,CBCA201,16,19,15,19,25,14,18,21
3938,CBCA202,22,14,30,17,16,18,20,21
3938,CBCA203,19,27,24,21,26,28,24,21
3938,CBCA204,23,33,23,19,22,21,24,21
3939,CBCA201,72,89,77,78,85,76,80,80
3939,CBCA202,84,73,77,76,88,82,80,80
3939,CBCA203,75,80,75,77,83,83,79,80
3939,CBCA204,77,87,72,72,91,89,81,80
3940,CBCA201,57,64,67,67,60,56,62,60
3940,CBCA202,58,59,59,70,61,53,60,60
3940,CBCA203,48,59,66,60,59,59,59,60
3940,CBCA204,59,65,57,53,65,58,60,60
3941,CBCA201,98,100,90,96,100,100,97,97
3941,CBCA202,100,100,100,99,100,92,99,97
3941,CBCA203,95,100,100,91,94,90,95,97
3941,CBCA204,93,92,98,91,100,100,96,97
3942,CBCA201,23,25,8,27,12,22,20,19
3942,CBCA202,25,16,23,12,22,18,19,19
3942,CBCA203,13,23,12,10,26,15,17,19
3942,CBCA204,24,15,20,20,19,18,19,19
3943,CBCA201,84,90,93,77,92,92,88,86
3943,CBCA202,84,75,85,90,85,84,84,86
3943,CBCA203,81,88,79,91,78,94,85,86
3943,CBCA204,84,83,77,91,87,89,85,86
3944,CBCA201,69,66,75,67,65,72,69,73
3944,CBCA202,71,75,79,70,79,76,75,73
3944,CBCA203,64,82,72,81,71,84,76,73
3944,CBCA204,69,80,65,79,74,74,74,73
3945,CBCA201,77,80,65,78,75,71,74,73
3945,CBCA202,73,75,73,77,70,68,73,73
3945,CBCA203,82,76,72,64,72,76,74,73
3945,CBCA204,66,81,78,66,70,70,72,73
3946,CBCA201,34,36,32,29,33,43,35,33
3946,CBCA202,31,37,33,27,27,29,31,33
3946,CBCA203,29,27,25,34,36,31,30,33
3946,CBCA204,29,29,33,43,42,40,36,33
3947,CBCA201,57,68,58,65,57,62,61,60
3947,CBCA202,60,51,51,64,60,58,57,60
3947,CBCA203,65,56,61,56,62,70,62,60
3947,CBCA204,58,63,63,62,51,54,59,60
3948,CBCA201,91,95,96,99,92,90,94,95
3948,CBCA202,99,100,97,100,93,94,97,95
3948,CBCA203,95,100,100,88,98,93,96,95
3948,CBCA204,93,92,91,95,100,93,94,95
3949,CBCA201,25,23,19,25,25,19,23,25
3949,CBCA202,35,28,28,20,32,26,28,25
3949,CBCA203,18,29,25,17,30,21,23,25
3949,CBCA204,19,23,29,21,29,27,25,25
3950,CBCA201,76,69,72,75,74,67,72,73
3950,CBCA202,65,74,79,75,77,67,73,73
3950,CBCA203,86,71,75,79,65,76,75,73
3950,CBCA204,67,74,80,68,68,75,72,73
3951,CBCA201,50,47,61,47,47,46,50,50
3951,CBCA202,48,50,49,48,47,54,49,50
3951,CBCA203,42,46,47,51,42,51,47,50
3951,CBCA204,55,56,44,53,54,58,53,50
3952,CBCA201,65,51,66,68,53,59,60,61
3952,CBCA202,72,56,58,54,54,55,58,61
3952,CBCA203,51,69,67,62,62,60,62,61
3952,CBCA204,65,54,61,69,62,59,62,61
3953,CBCA201,67,76,73,69,77,79,74,73
3953,CBCA202,81,68,70,68,69,72,71,73
3953,CBCA203,75,80,76,69,68,70,73,73
3953,CBCA204,74,79,70,71,76,70,73,73
3954,CBCA201,97,94,85,87,79,98,90,89
3954,CBCA202,90,86,81,86,86,95,87,89
3954,CBCA203,87,90,93,88,83,96,90,89
3954,CBCA204,91,99,92,78,87,93,90,89
3955,CBCA201,48,60,61,58,56,55,56,56
3955,CBCA202,54,60,54,53,58,58,56,56
3955,CBCA203,51,49,52,58,54,56,53,56
3955,CBCA204,61,66,59,64,55,51,59,56
3956,CBCA201,44,51,51,53,52,52,51,51
3956,CBCA202,56,42,49,62,45,46,50,51
3956,CBCA203,45,47,54,54,50,41,49,51
3956,CBCA204,52,52,59,51,51,54,53,51
3957,CBCA201,86,81,83,95,96,85,88,88
3957,CBCA202,91,85,86,80,90,93,88,88
3957,CBCA203,86,96,86,92,95,90,91,88
3957,CBCA204,83,94,78,78,92,98,87,88
3958,CBCA201,67,70,65,70,61,60,66,66
3958,CBCA202,62,69,55,68,67,70,65,66
3958,CBCA203,68,60,64,74,70,62,66,66
3958,CBCA204,64,72,73,67,68,64,68,66
3959,CBCA201,96,100,97,100,99,92,97,95
3959,CBCA202,98,95,93,93,96,93,95,95
3959,CBCA203,90,99,91,100,89,98,95,95
3959,CBCA204,100,94,89,90,92,96,94,95
3960,CBCA201,65,64,72,69,68,72,68,69
3960,CBCA202,69,65,66,72,60,69,67,69
3960,CBCA203,61,71,76,77,70,76,72,69
3960,CBCA204,69,66,70,73,65,73,69,69
3961,CBCA201,85,92,80,92,96,94,90,89
3961,CBCA202,86,87,98,90,95,85,90,89
3961,CBCA203,91,97,93,85,91,90,91,89
3961,CBCA204,87,91,84,84,83,87,86,89
3962,CBCA201,73,62,80,70,69,72,71,69
3962,CBCA202,75,65,66,67,76,73,70,69
3962,CBCA203,65,73,72,64,72,61,68,69
3962,CBCA204,59,67,63,62,72,76,67,69
3963,CBCA201,58,57,53,59,60,54,57,61
3963,CBCA202,71,64,67,58,55,58,62,61
3963,CBCA203,63,56,64,59,54,71,61,61
3963,CBCA204,63,63,56,55,68,66,62,61
3964,CBCA201,91,93,92,96,87,87,91,92
3964,CBCA202,91,86,84,100,91,88,90,92
3964,CBCA203,94,83,100,93,84,99,92,92
3964,CBCA204,96,87,94,92,94,100,94,92
3965,CBCA201,83,81,77,87,89,71,81,81
3965,CBCA202,80,81,88,74,83,74,80,81
3965,CBCA203,79,85,77,72,81,92,81,81
3965,CBCA204,86,77,81,86,75,88,82,81
3966,CBCA201,52,53,53,46,55,39,50,50
3966,CBCA202,55,62,44,47,56,51,53,50
3966,CBCA203,48,52,53,55,53,52,52,50
3966,CBCA204,48,47,48,47,45,50,48,50
3967,CBCA201,77,77,75,68,73,66,73,69
3967,CBCA202,63,72,60,66,61,69,65,69
3967,CBCA203,74,67,65,74,79,61,70,69
3967,CBCA204,68,64,67,67,73,71,68,69
3968,CBCA201,64,63,74,63,81,73,70,74
3968,CBCA202,79,75,82,74,67,71,75,74
3968,CBCA203,78,73,80,75,73,75,76,74
3968,CBCA204,80,81,70,80,81,74,78,74
3969,CBCA201,87,85,89,86,79,88,86,85
3969,CBCA202,77,77,83,94,82,85,83,85
3969,CBCA203,88,86,85,88,87,81,86,85
3969,CBCA204,87,87,84,79,83,83,84,85
3970,CBCA201,100,94,90,98,100,96,96,94
3970,CBCA202,87,94,97,90,98,86,92,94
3970,CBCA203,92,98,100,98,92,90,95,94
3970,CBCA204,86,98,86,89,92,100,92,94
3971,CBCA201,94,94,88,85,98,93,92,93
3971,CBCA202,96,85,92,97,97,91,93,93
3971,CBCA203,82,87,92,97,99,98,93,93
3971,CBCA204,98,95,89,93,89,93,93,93
3972,CBCA201,80,78,77,84,74,84,80,78
3972,CBCA202,78,72,78,86,85,78,80,78
3972,CBCA203,77,77,71,83,80,75,77,78
3972,CBCA204,75,82,82,75,75,75,77,78
3973,CBCA201,95,93,100,100,94,100,97,97
3973,CBCA202,100,100,100,93,95,100,98,97
3973,CBCA203,100,98,90,98,100,100,98,97
3973,CBCA204,96,94,90,98,100,93,95,97
3974,CBCA201,62,54,60,62,64,56,60,58
3974,CBCA202,51,49,56,60,63,61,57,58
3974,CBCA203,65,57,52,50,55,55,56,58
3974,CBCA204,57,57,49,55,66,64,58,58
3975,CBCA201,81,84,83,84,86,80,83,83
3975,CBCA202,90,93,79,76,87,85,85,83
3975,CBCA203,84,84,83,79,84,79,82,83
3975,CBCA204,83,86,77,87,78,88,83,83
3976,CBCA201,41,42,34,36,39,29,37,34
3976,CBCA202,35,31,33,40,36,45,37,34
3976,CBCA203,35,37,29,32,32,30,33,34
3976,CBCA204,40,32,28,32,31,26,32,34
3977,CBCA201,60,53,47,47,49,55,52,51
3977,CBCA202,62,45,53,49,42,44,49,51
3977,CBCA203,58,62,62,52,47,48,55,51
3977,CBCA204,52,49,43,49,48,49,48,51
3978,CBCA201,56,55,47,56,47,56,53,52
3978,CBCA202,58,50,46,60,56,57,55,52
3978,CBCA203,49,56,41,48,42,52,48,52
3978,CBCA204,53,55,51,49,53,56,53,52
3979,CBCA201,55,50,64,55,58,62,57,58
3979,CBCA202,51,58,53,67,57,68,59,58
3979,CBCA203,64,48,54,58,48,65,56,58
3979,CBCA204,56,57,58,63,56,64,59,58
3980,CBCA201,76,84,91,81,71,89,82,80
3980,CBCA202,79,79,74,80,87,77,79,80
3980,CBCA203,78,73,86,78,84,78,80,80
3980,CBCA204,70,89,79,79,75,88,80,80
3981,CBCA201,85,89,83,78,70,81,81,81
3981,CBCA202,73,73,82,76,87,83,79,81
3981,CBCA203,87,82,79,81,75,82,81,81
3981,CBCA204,79,85,82,74,86,83,82,81
3982,CBCA201,57,66,61,51,65,57,60,60
3982,CBCA202,63,55,58,53,68,62,60,60
3982,CBCA203,60,61,59,63,60,62,61,60
3982,CBCA204,55,70,57,59,63,57,60,60
3983,CBCA201,74,76,82,72,73,71,75,80
3983,CBCA202,80,78,87,81,78,72,79,80
3983,CBCA203,89,90,82,83,81,84,85,80
3983,CBCA204,70,82,92,82,84,80,82,80
3984,CBCA201,85,76,77,80,90,81,82,80
3984,CBCA202,74,84,88,75,82,76,80,80
3984,CBCA203,83,74,70,81,87,78,79,80
3984,CBCA204,88,77,70,84,77,79,79,80
3985,CBCA201,19,20,27,17,23,29,23,23
3985,CBCA202,32,16,26,22,18,21,23,23
3985,CBCA203,12,23,25,22,18,28,21,23
3985,CBCA204,30,34,21,20,26,26,26,23
3986,CBCA201,61,70,61,52,64,57,61,60
3986,CBCA202,67,56,64,68,58,55,61,60
3986,CBCA203,63,55,61,52,58,50,57,60
3986,CBCA204,53,53,58,64,66,63,60,60
3987,CBCA201,44,56,42,47,47,57,49,48
3987,CBCA202,47,40,42,51,56,36,45,48
3987,CBCA203,55,44,43,45,56,52,49,48
3987,CBCA204,56,48,46,51,54,44,50,48
3988,CBCA201,89,89,96,97,100,100,95,96
3988,CBCA202,100,100,91,100,100,94,98,96
3988,CBCA203,100,100,98,94,91,100,97,96
3988,CBCA204,100,95,91,88,98,90,94,96
3989,CBCA201,33,28,24,34,23,33,29,27
3989,CBCA202,29,21,31,29,34,25,28,27
3989,CBCA203,25,31,20,19,16,26,23,27
3989,CBCA204,21,32,25,30,26,28,27,27
3990,CBCA201,72,61,57,75,61,67,66,65
3990,CBCA202,63,69,77,58,65,61,66,65
3990,CBCA203,67,70,61,57,64,69,65,65
3990,CBCA204,55,59,64,72,74,62,64,65
3991,CBCA201,54,55,52,62,51,64,56,60
3991,CBCA202,66,54,60,62,59,62,61,60
3991,CBCA203,61,57,62,65,65,68,63,60
3991,CBCA204,63,59,62,58,58,54,59,60
3992,CBCA201,93,86,78,92,75,83,85,83
3992,CBCA202,78,82,87,79,94,79,83,83
3992,CBCA203,87,76,86,82,90,85,84,83
3992,CBCA204,77,75,88,82,86,83,82,83
3993,CBCA201,86,93,87,85,95,93,90,92
3993,CBCA202,97,84,99,90,89,99,93,92
3993,CBCA203,89,92,99,94,96,93,94,92
3993,CBCA204,87,83,86,96,90,96,90,92
3994,CBCA201,45,51,48,57,59,53,52,54
3994,CBCA202,64,57,48,49,58,56,55,54
3994,CBCA203,50,47,56,50,49,58,52,54
3994,CBCA204,63,54,51,55,64,55,57,54
3995,CBCA201,51,48,50,56,47,46,50,51
3995,CBCA202,52,45,57,57,54,49,52,51
3995,CBCA203,54,48,51,47,58,55,52,51
3995,CBCA204,40,52,51,52,51,49,49,51
3996,CBCA201,31,23,33,24,22,32,28,26
3996,CBCA202,24,28,24,26,28,21,25,26
3996,CBCA203,21,26,34,25,30,27,27,26
3996,CBCA204,33,20,29,21,28,17,25,26
3997,CBCA201,76,70,67,72,75,77,73,71
3997,CBCA202,67,73,61,69,75,64,68,71
3997,CBCA203,71,65,67,79,84,77,74,71
3997,CBCA204,70,80,68,63,70,74,71,71
3998,CBCA201,77,69,76,75,72,62,72,69
3998,CBCA202,77,62,71,73,70,67,70,69
3998,CBCA203,72,75,72,74,64,67,71,69
3998,CBCA204,61,59,62,58,62,69,62,69
3999,CBCA201,72,62,61,75,75,68,69,70
3999,CBCA202,74,65,71,63,70,76,70,70
3999,CBCA203,73,69,69,80,72,70,72,70
3999,CBCA204,70,69,74,71,69,62,69,70
4000,CBCA201,77,72,81,86,81,82,80,79
4000,CBCA202,71,78,77,76,86,69,76,79
4000,CBCA203,87,80,78,78,87,84,82,79
4000,CBCA204,87,73,68,81,75,80,77,79
4001,CBCA201,90,94,95,89,92,85,91,90
4001,CBCA202,93,94,89,92,88,93,92,90
4001,CBCA203,90,98,85,91,87,85,89,90
4001,CBCA204,86,88,96,84,91,90,89,90
4002,CBCA201,53,58,46,58,54,52,54,55
4002,CBCA202,65,47,62,51,53,53,55,55
4002,CBCA203,56,57,56,56,56,60,57,55
4002,CBCA204,47,55,55,53,55,52,53,55
4003,CBCA201,54,60,54,62,52,68,58,59
4003,CBCA202,63,65,64,56,56,61,61,59
4003,CBCA203,53,56,57,61,63,58,58,59
4003,CBCA204,57,61,58,57,62,58,59,59
4004,CBCA201,52,54,59,53,58,47,54,50
4004,CBCA202,54,43,45,48,52,44,48,50
4004,CBCA203,51,46,52,51,51,41,49,50
4004,CBCA204,59,50,43,55,49,46,50,50
4005,CBCA201,94,76,85,79,83,81,83,87
4005,CBCA202,92,97,91,95,87,92,92,87
4005,CBCA203,74,78,95,87,90,89,86,87
4005,CBCA204,84,78,80,91,91,89,86,87
4006,CBCA201,55,56,59,65,67,52,59,60
4006,CBCA202,62,56,61,56,59,58,59,60
4006,CBCA203,64,68,62,55,63,50,60,60
4006,CBCA204,57,60,63,66,56,61,61,60
4007,CBCA201,97,96,86,81,80,91,89,88
4007,CBCA202,87,95,93,90,83,92,90,88
4007,CBCA203,81,80,84,94,95,86,87,88
4007,CBCA204,83,94,92,85,89,77,87,88
4008,CBCA201,75,66,79,77,78,71,74,71
4008,CBCA202,80,73,78,76,62,70,73,71
4008,CBCA203,81,69,69,66,62,66,69,71
4008,CBCA204,75,66,72,72,72,60,70,71
4009,CBCA201,61,64,74,59,67,64,65,68
4009,CBCA202,64,59,75,75,60,67,67,68
4009,CBCA203,74,77,66,66,71,66,70,68
4009,CBCA204,72,76,70,67,70,71,71,68
4010,CBCA201,52,57,65,69,64,58,61,60
4010,CBCA202,49,55,63,66,62,62,60,60
4010,CBCA203,62,51,69,65,61,62,62,60
4010,CBCA204,60,54,61,59,59,56,58,60
4011,CBCA201,56,61,67,57,54,57,59,59
4011,CBCA202,66,55,56,66,54,61,60,59
4011,CBCA203,58,56,61,58,65,57,59,59
4011,CBCA204,61,56,51,53,57,61,57,59
4012,CBCA201,99,92,94,98,100,83,94,93
4012,CBCA202,100,96,100,95,99,83,96,93
4012,CBCA203,83,87,88,92,93,94,90,93
4012,CBCA204,86,99,96,88,82,93,91,93
4013,CBCA201,90,95,84,95,96,88,91,89
4013,CBCA202,82,84,97,95,82,89,88,89
4013,CBCA203,89,92,91,88,90,90,90,89
4013,CBCA204,85,93,83,85,81,94,87,89
4014,CBCA201,49,39,30,35,38,29,37,35
4014,CBCA202,29,37,35,38,29,34,34,35
4014,CBCA203,41,37,35,32,32,27,34,35
4014,CBCA204,33,40,39,35,37,32,36,35
4015,CBCA201,42,42,49,45,56,46,47,48
4015,CBCA202,45,58,54,55,42,44,50,48
4015,CBCA203,48,45,41,43,42,50,45,48
4015,CBCA204,49,53,47,43,45,59,49,48
4016,CBCA201,50,54,51,47,50,49,50,49
4016,CBCA202,46,56,58,47,46,49,50,49
4016,CBCA203,43,52,45,52,46,44,47,49
4016,CBCA204,58,52,52,43,46,46,50,49
4017,CBCA201,40,40,37,36,28,27,35,33
4017,CBCA202,33,26,42,33,32,29,33,33
4017,CBCA203,33,46,28,32,24,33,33,33
4017,CBCA204,33,39,30,34,34,30,33,33
4018,CBCA201,73,60,76,71,60,71,69,67
4018,CBCA202,70,66,70,67,71,63,68,67
4018,CBCA203,62,69,66,61,68,58,64,67
4018,CBCA204,69,68,71,62,70,69,68,67
4019,CBCA201,37,40,45,47,37,55,44,46
4019,CBCA202,56,46,50,39,47,45,47,46
4019,CBCA203,42,39,50,57,48,36,45,46
4019,CBCA204,46,49,50,45,56,46,49,46
4020,CBCA201,51,60,60,67,55,60,59,60
4020,CBCA202,55,65,54,54,48,68,57,60
4020,CBCA203,63,67,58,66,59,69,64,60
4020,CBCA204,54,63,64,61,58,53,59,60
4021,CBCA201,76,78,82,92,86,90,84,86
4021,CBCA202,85,89,82,92,82,91,87,86
4021,CBCA203,94,86,92,75,89,88,87,86
4021,CBCA204,80,97,91,89,82,86,88,86
4022,CBCA201,12,26,16,25,18,21,20,19
4022,CBCA202,11,15,13,9,18,16,14,19
4022,CBCA203,26,25,25,19,22,19,23,19
4022,CBCA204,18,14,22,18,12,25,18,19
4023,CBCA201,90,87,86,91,79,84,86,84
4023,CBCA202,84,90,93,76,83,81,85,84
4023,CBCA203,76,83,85,87,79,78,81,84
4023,CBCA204,89,80,84,80,84,88,84,84
4024,CBCA201,100,100,95,97,97,100,98,97
4024,CBCA202,97,90,88,94,96,94,93,97
4024,CBCA203,100,100,96,98,96,100,98,97
4024,CBCA204,100,100,99,100,100,93,99,97
4025,CBCA201,62,46,58,59,53,61,57,58
4025,CBCA202,66,54,54,62,54,62,59,58
4025,CBCA203,58,53,58,54,62,62,58,58
4025,CBCA204,53,64,62,59,55,61,59,58
4026,CBCA201,86,84,86,79,88,85,85,86
4026,CBCA202,82,83,82,80,89,89,84,86
4026,CBCA203,84,83,83,83,82,91,84,86
4026,CBCA204,93,83,90,88,89,93,89,86
4027,CBCA201,50,53,57,57,55,65,56,57
4027,CBCA202,55,65,62,58,49,49,56,57
4027,CBCA203,57,47,58,56,65,50,56,57
4027,CBCA204,61,57,60,66,61,60,61,57
4028,CBCA201,69,65,63,62,63,69,65,67
4028,CBCA202,71,72,64,72,60,63,67,67
4028,CBCA203,63,71,68,65,68,63,66,67
4028,CBCA204,59,77,68,63,73,66,68,67
4029,CBCA201,68,60,55,65,54,57,60,59
4029,CBCA202,59,51,56,66,63,50,58,59
4029,CBCA203,52,66,63,59,56,65,60,59
4029,CBCA204,58,55,69,52,60,63,60,59
4030,CBCA201,74,81,73,75,76,85,77,79
4030,CBCA202,84,81,77,78,72,86,80,79
4030,CBCA203,87,82,75,77,77,72,78,79
4030,CBCA204,73,79,76,84,82,87,80,79
4031,CBCA201,93,98,96,94,91,100,95,96
4031,CBCA202,98,96,90,89,100,100,96,96
4031,CBCA203,94,97,100,96,95,96,96,96
4031,CBCA204,100,95,100,90,100,93,96,96
4032,CBCA201,70,73,75,68,65,64,69,70
4032,CBCA202,71,70,63,75,63,64,68,70
4032,CBCA203,65,75,75,76,74,74,73,70
4032,CBCA204,71,68,71,61,74,75,70,70
4033,CBCA201,83,73,83,78,73,76,78,75
4033,CBCA202,76,74,83,68,70,72,74,75
4033,CBCA203,77,77,74,73,76,67,74,75
4033,CBCA204,79,77,69,73,72,79,75,75
4034,CBCA201,4,5,0,0,0,0,2,3
4034,CBCA202,0,12,0,0,2,4,3,3
4034,CBCA203,8,3,4,0,8,6,5,3
4034,CBCA204,5,0,0,0,0,3,1,3
4035,CBCA201,100,100,96,99,97,100,99,98
4035,CBCA202,93,100,100,100,100,100,99,98
4035,CBCA203,100,89,100,100,92,93,96,98
4035,CBCA204,97,95,100,98,93,100,97,98
4036,CBCA201,100,93,99,100,91,100,97,99
4036,CBCA202,94,100,100,100,100,100,99,99
4036,CBCA203,100,100,98,98,98,100,99,99
4036,CBCA204,100,100,99,100,96,100,99,99
4037,CBCA201,51,56,61,58,57,58,57,56
4037,CBCA202,52,55,53,64,54,49,55,56
4037,CBCA203,64,56,65,56,61,60,60,56
4037,CBCA204,61,55,51,55,50,49,54,56
4038,CBCA201,79,90,77,78,83,82,82,81
4038,CBCA202,79,82,79,74,80,74,78,81
4038,CBCA203,90,76,84,77,88,90,84,81
4038,CBCA204,77,89,83,76,77,90,82,81
4039,CBCA201,81,87,88,86,83,89,86,88
4039,CBCA202,92,92,85,94,84,95,90,88
4039,CBCA203,87,86,91,92,93,81,88,88
4039,CBCA204,89,93,81,87,86,93,88,88
4040,CBCA201,69,66,70,55,68,68,66,66
4040,CBCA202,64,68,62,61,60,65,63,66
4040,CBCA203,75,59,65,65,67,59,65,66
4040,CBCA204,61,70,75,69,75,60,68,66
4041,CBCA201,59,60,57,51,54,55,56,56
4041,CBCA202,63,58,47,57,58,64,58,56
4041,CBCA203,63,54,49,60,66,45,56,56
4041,CBCA204,54,48,52,55,59,59,55,56
4042,CBCA201,55,58,56,71,68,68,63,63
4042,CBCA202,64,63,65,59,56,71,63,63
4042,CBCA203,68,71,67,63,64,61,66,63
4042,CBCA204,55,69,62,64,59,63,62,63
4043,CBCA201,92,94,90,78,86,85,88,84
4043,CBCA202,88,80,89,82,82,89,85,84
4043,CBCA203,81,87,81,78,74,74,79,84
4043,CBCA204,81,96,76,96,83,76,85,84
4044,CBCA201,100,91,100,100,100,100,99,98
4044,CBCA202,100,98,100,96,98,93,98,98
4044,CBCA203,100,100,99,94,100,100,99,98
4044,CBCA204,100,100,94,100,91,96,97,98
4045,CBCA201,77,81,67,77,63,72,73,73
4045,CBCA202,69,73,63,75,82,78,73,73
4045,CBCA203,82,73,68,82,75,72,75,73
4045,CBCA204,72,66,71,67,72,81,72,73
4046,CBCA201,58,65,69,63,69,71,66,67
4046,CBCA202,66,66,70,69,68,69,68,67
4046,CBCA203,64,69,63,78,68,67,68,67
4046,CBCA204,70,61,64,66,73,65,67,67
4047,CBCA201,0,1,5,4,4,0,2,5
4047,CBCA202,11,4,5,9,11,2,7,5
4047,CBCA203,12,0,0,4,8,3,5,5
4047,CBCA204,2,1,6,5,14,1,5,5
4048,CBCA201,83,76,76,76,78,77,78,79
4048,CBCA202,82,72,80,81,72,78,78,79
4048,CBCA203,75,86,78,88,81,91,83,79
4048,CBCA204,75,79,86,74,74,86,79,79
4049,CBCA201,81,79,73,78,80,74,78,78
4049,CBCA202,82,82,75,82,76,78,79,78
4049,CBCA203,80,73,82,81,79,69,77,78
4049,CBCA204,76,76,77,85,80,79,79,78
4050,CBCA201,68,64,63,63,53,52,61,59
4050,CBCA202,63,57,64,54,51,65,59,59
4050,CBCA203,51,58,55,54,57,61,56,59
4050,CBCA204,55,56,53,58,67,64,59,59
4051,CBCA201,78,88,78,85,70,81,80,80
4051,CBCA202,88,72,69,84,88,83,81,80
4051,CBCA203,82,82,75,79,80,79,80,80
4051,CBCA204,76,79,76,89,78,79,80,80
4052,CBCA201,84,84,80,98,92,84,87,90
4052,CBCA202,98,88,82,97,88,91,91,90
4052,CBCA203,94,96,88,90,93,97,93,90
4052,CBCA204,94,90,86,83,84,95,89,90
4053,CBCA201,82,75,71,70,66,79,74,72
4053,CBCA202,78,62,72,78,69,78,73,72
4053,CBCA203,73,68,69,64,73,76,71,72
4053,CBCA204,71,78,67,77,73,68,72,72
4054,CBCA201,15,27,28,20,16,20,21,22
4054,CBCA202,31,26,21,17,21,21,23,22
4054,CBCA203,23,22,30,14,10,20,20,22
4054,CBCA204,28,16,20,30,26,30,25,22
4055,CBCA201,28,18,24,24,26,25,24,22
4055,CBCA202,16,15,23,26,16,23,20,22
4055,CBCA203,30,15,21,14,23,24,21,22
4055,CBCA204,21,31,26,22,19,27,24,22
4056,CBCA201,73,67,63,64,62,70,67,69
4056,CBCA202,74,65,77,68,70,67,70,69
4056,CBCA203,70,72,64,67,64,71,68,69
4056,CBCA204,80,74,71,73,63,73,72,69
4057,CBCA201,86,80,87,82,76,75,81,81
4057,CBCA202,78,85,84,88,81,78,82,81
4057,CBCA203,78,86,82,84,77,81,81,81
4057,CBCA204,76,81,88,74,81,75,79,81
4058,CBCA201,96,87,82,90,96,86,90,89
4058,CBCA202,83,88,83,87,86,88,86,89
4058,CBCA203,95,81,89,88,92,95,90,89
4058,CBCA204,87,93,87,97,85,94,91,89
4059,CBCA201,84,89,95,86,92,83,88,84
4059,CBCA202,83,85,75,82,86,86,83,84
4059,CBCA203,87,88,74,82,75,85,82,84
4059,CBCA204,83,86,88,81,88,81,85,84
4060,CBCA201,71,85,72,86,75,70,77,74
4060,CBCA202,73,72,68,76,77,74,73,74
4060,CBCA203,72,65,86,71,68,75,73,74
4060,CBCA204,80,72,77,80,70,71,75,74
4061,CBCA201,75,69,70,68,63,68,69,69
4061,CBCA202,68,69,62,65,64,66,66,69
4061,CBCA203,71,67,76,66,73,65,70,69
4061,CBCA204,71,69,63,73,76,78,72,69
4062,CBCA201,85,84,80,82,87,77,83,85
4062,CBCA202,80,87,86,84,82,88,85,85
4062,CBCA203,83,80,95,89,86,78,85,85
4062,CBCA204,77,89,93,93,80,83,86,85
4063,CBCA201,64,71,73,66,61,59,66,69
4063,CBCA202,65,79,61,74,59,74,69,69
4063,CBCA203,73,62,68,71,68,73,69,69
4063,CBCA204,71,74,80,70,74,75,74,69
4064,CBCA201,97,94,100,100,100,100,99,97
4064,CBCA202,100,97,95,100,92,97,97,97
4064,CBCA203,100,100,94,98,98,94,97,97
4064,CBCA204,99,96,93,93,100,87,95,97
4065,CBCA201,78,79,93,82,84,77,82,83
4065,CBCA202,81,85,88,86,79,90,85,83
4065,CBCA203,89,78,80,77,78,76,80,83
4065,CBCA204,77,86,82,87,84,87,84,83
4066,CBCA201,58,53,55,56,53,60,56,55
4066,CBCA202,56,61,53,58,56,51,56,55
4066,CBCA203,54,51,55,58,59,51,55,55
4066,CBCA204,51,52,60,59,57,53,55,55
4067,CBCA201,62,60,62,58,62,62,61,63
4067,CBCA202,58,65,70,65,57,68,64,63
4067,CBCA203,70,68,58,57,53,60,61,63
4067,CBCA204,63,59,70,64,63,68,65,63
4068,CBCA201,88,94,85,81,86,86,87,88
4068,CBCA202,98,96,94,95,87,89,93,88
4068,CBCA203,86,87,82,81,87,90,86,88
4068,CBCA204,94,83,85,86,79,90,86,88
4069,CBCA201,76,74,60,63,70,75,70,68
4069,CBCA202,70,63,68,65,63,63,65,68
4069,CBCA203,64,69,71,74,63,62,67,68
4069,CBCA204,63,79,69,77,74,65,71,68
4070,CBCA201,58,50,53,61,60,67,58,58
4070,CBCA202,57,51,67,54,50,57,56,58
4070,CBCA203,54,65,57,50,59,67,59,58
4070,CBCA204,58,61,67,61,55,45,58,58
4071,CBCA201,63,60,69,59,68,64,64,62
4071,CBCA202,57,66,56,51,53,56,57,62
4071,CBCA203,70,65,62,67,69,55,65,62
4071,CBCA204,67,57,60,65,66,63,63,62
4072,CBCA201,70,69,73,58,59,66,66,67
4072,CBCA202,75,65,69,64,68,79,70,67
4072,CBCA203,72,72,58,65,56,69,65,67
4072,CBCA204,69,65,67,65,65,64,66,67
4073,CBCA201,71,66,64,58,57,62,63,63
4073,CBCA202,61,60,58,60,72,59,62,63
4073,CBCA203,66,66,67,73,57,65,66,63
4073,CBCA204,69,64,55,61,57,57,61,63
4074,CBCA201,61,49,48,42,51,54,51,51
4074,CBCA202,50,47,50,44,54,46,49,51
4074,CBCA203,54,48,59,52,45,57,53,51
4074,CBCA204,56,43,49,49,57,57,52,51
4075,CBCA201,89,88,91,94,93,82,90,89
4075,CBCA202,92,93,93,86,88,91,91,89
4075,CBCA203,97,82,85,91,79,85,87,89
4075,CBCA204,84,84,85,93,90,94,88,89
4076,CBCA201,73,70,68,69,73,73,71,69
4076,CBCA202,72,73,72,67,60,72,69,69
4076,CBCA203,67,72,73,64,60,74,68,69
4076,CBCA204,66,57,67,71,74,66,67,69
4077,CBCA201,38,39,39,33,41,31,37,35
4077,CBCA202,40,33,27,30,33,43,34,35
4077,CBCA203,37,25,37,30,36,35,33,35
4077,CBCA204,25,45,38,39,34,31,35,35
4078,CBCA201,53,55,57,56,54,51,54,55
4078,CBCA202,52,52,56,57,57,58,55,55
4078,CBCA203,55,51,56,62,52,65,57,55
4078,CBCA204,55,54,55,60,54,49,55,55
4079,CBCA201,89,85,80,89,93,82,86,89
4079,CBCA202,81,92,91,90,93,90,90,89
4079,CBCA203,83,92,89,83,90,96,89,89
4079,CBCA204,84,91,96,85,88,94,90,89
4080,CBCA201,79,81,69,73,77,74,76,74
4080,CBCA202,71,69,77,79,70,78,74,74
4080,CBCA203,79,78,69,69,71,80,74,74
4080,CBCA204,66,76,73,77,72,73,73,74
4081,CBCA201,93,90,87,92,94,100,93,93
4081,CBCA202,93,98,86,87,87,95,91,93
4081,CBCA203,86,94,86,100,93,99,93,93
4081,CBCA204,95,100,94,90,85,100,94,93
4082,CBCA201,58,57,37,56,43,41,49,50
4082,CBCA202,51,58,56,41,44,47,50,50
4082,CBCA203,53,42,48,47,51,51,49,50
4082,CBCA204,57,37,53,59,45,56,51,50
4083,CBCA201,71,59,73,71,67,71,69,64
4083,CBCA202,66,76,69,62,59,65,66,64
4083,CBCA203,62,68,60,53,56,56,59,64
4083,CBCA204,52,57,69,69,55,61,61,64
4084,CBCA201,76,74,80,79,74,73,76,75
4084,CBCA202,75,69,66,74,84,73,74,75
4084,CBCA203,70,78,64,77,65,79,72,75
4084,CBCA204,63,81,83,81,77,75,77,75
4085,CBCA201,80,90,84,93,86,93,88,89
4085,CBCA202,94,93,84,96,98,88,92,89
4085,CBCA203,95,86,85,92,97,83,90,89
4085,CBCA204,80,89,89,91,83,85,86,89
4086,CBCA201,74,79,77,82,70,64,74,74
4086,CBCA202,71,67,72,74,82,74,73,74
4086,CBCA203,63,81,77,74,76,76,75,74
4086,CBCA204,68,71,76,79,65,75,72,74
4087,CBCA201,87,87,88,96,90,94,90,90
4087,CBCA202,91,84,100,82,93,83,89,90
4087,CBCA203,86,93,87,100,95,82,91,90
4087,CBCA204,90,91,100,99,87,85,92,90
4088,CBCA201,78,67,64,60,67,66,67,68
4088,CBCA202,69,70,72,69,64,59,67,68
4088,CBCA203,64,63,61,67,69,71,66,68
4088,CBCA204,75,66,75,72,76,61,71,68
4089,CBCA201,68,79,72,83,70,64,73,73
4089,CBCA202,74,80,78,74,80,74,77,73
4089,CBCA203,64,71,79,69,63,73,70,73
4089,CBCA204,68,68,78,76,76,65,72,73
4090,CBCA201,38,47,48,36,40,42,42,46
4090,CBCA202,56,49,41,45,46,50,48,46
4090,CBCA203,50,38,38,41,51,53,45,46
4090,CBCA204,48,56,45,41,40,55,48,46
4091,CBCA201,62,63,64,67,67,71,66,70
4091,CBCA202,63,69,77,73,62,74,70,70
4091,CBCA203,69,76,74,74,77,66,73,70
4091,CBCA204,76,76,70,74,72,74,74,70
4092,CBCA201,77,76,69,70,62,75,72,73
4092,CBCA202,73,74,77,74,79,71,75,73
4092,CBCA203,68,75,78,71,75,79,74,73
4092,CBCA204,75,70,68,79,69,74,73,73
4093,CBCA201,83,91,95,80,90,95,89,86
4093,CBCA202,80,86,92,80,90,90,86,86
4093,CBCA203,82,78,76,90,87,85,83,86
4093,CBCA204,84,80,83,86,89,82,84,86
4094,CBCA201,49,48,56,57,51,55,53,53
4094,CBCA202,57,49,51,48,48,62,53,53
4094,CBCA203,54,54,64,52,61,55,57,53
4094,CBCA204,48,48,45,53,52,60,51,53
4095,CBCA201,79,77,68,80,77,78,77,76
4095,CBCA202,82,87,73,80,68,67,76,76
4095,CBCA203,81,75,81,73,75,68,76,76
4095,CBCA204,71,72,84,77,76,74,76,76
4096,CBCA201,51,52,45,39,47,36,45,45
4096,CBCA202,49,51,46,49,54,37,48,45
4096,CBCA203,49,50,40,49,41,41,45,45
4096,CBCA204,33,39,41,50,44,48,43,45
4097,CBCA201,99,100,96,91,96,91,96,97
4097,CBCA202,99,100,100,98,93,100,98,97
4097,CBCA203,93,100,95,97,100,99,97,97
4097,CBCA204,97,98,100,93,92,100,97,97
4098,CBCA201,60,67,53,56,59,63,60,59
4098,CBCA202,62,57,59,52,61,63,59,59
4098,CBCA203,64,65,59,57,59,55,60,59
4098,CBCA204,66,63,60,57,53,56,59,59
4099,CBCA201,73,83,87,81,79,72,79,80
4099,CBCA202,78,80,85,74,84,89,82,80
4099,CBCA203,77,87,85,90,80,74,82,80
4099,CBCA204,81,75,75,73,75,78,76,80
4100,CBCA201,50,45,52,45,45,43,47,49
4100,CBCA202,46,54,50,40,44,48,47,49
4100,CBCA203,57,56,48,50,54,47,52,49
4100,CBCA204,59,41,49,47,62,50,51,49
4101,CBCA201,92,79,91,84,81,91,86,84
4101,CBCA202,83,75,77,90,87,93,84,84
4101,CBCA203,90,88,83,83,79,76,83,84
4101,CBCA204,83,77,77,78,94,88,83,84
4102,CBCA201,49,58,48,46,54,60,53,53
4102,CBCA202,48,55,60,52,46,54,53,53
4102,CBCA203,52,45,51,50,49,55,50,53
4102,CBCA204,52,64,52,56,52,62,56,53
4103,CBCA201,36,33,40,31,30,35,34,35
4103,CBCA202,27,25,35,39,37,46,35,35
4103,CBCA203,33,35,28,47,34,37,36,35
4103,CBCA204,29,36,36,43,39,37,37,35
4104,CBCA201,51,51,45,52,48,54,50,48
4104,CBCA202,43,47,43,50,41,50,46,48
4104,CBCA203,47,50,47,46,47,42,47,48
4104,CBCA204,54,48,40,49,54,53,50,48
4105,CBCA201,82,70,72,80,72,77,76,74
4105,CBCA202,81,69,75,78,82,68,76,74
4105,CBCA203,74,69,66,84,86,76,76,74
4105,CBCA204,74,62,74,74,65,67,69,74
4106,CBCA201,24,16,26,17,29,31,24,23
4106,CBCA202,23,18,23,29,27,18,23,23
4106,CBCA203,23,31,17,21,19,25,23,23
4106,CBCA204,15,24,21,20,24,29,22,23
4107,CBCA201,57,69,69,65,68,65,66,61
4107,CBCA202,65,62,62,61,59,64,62,61
4107,CBCA203,60,58,54,57,59,68,59,61
4107,CBCA204,65,66,55,60,54,50,58,61
4108,CBCA201,43,55,53,48,52,51,50,51
4108,CBCA202,46,58,52,49,49,48,50,51
4108,CBCA203,49,46,55,58,51,40,50,51
4108,CBCA204,51,48,50,58,56,52,53,51
4109,CBCA201,83,90,92,84,81,79,85,85
4109,CBCA202,95,85,87,86,84,87,87,85
4109,CBCA203,78,81,84,76,90,90,83,85
4109,CBCA204,92,96,83,88,79,77,86,85
4110,CBCA201,51,57,57,49,51,51,53,56
4110,CBCA202,53,51,56,61,50,54,54,56
4110,CBCA203,61,65,58,62,56,56,60,56
4110,CBCA204,60,65,56,48,62,58,58,56
4111,CBCA201,48,51,59,63,57,61,57,53
4111,CBCA202,50,48,47,51,46,44,48,53
4111,CBCA203,64,49,54,57,58,59,57,53
4111,CBCA204,49,47,58,53,55,55,53,53
4112,CBCA201,0,0,8,11,9,2,5,5
4112,CBCA202,11,0,4,13,0,1,5,5
4112,CBCA203,5,3,10,11,1,5,6,5
4112,CBCA204,0,9,8,6,1,8,5,5
4113,CBCA201,58,57,55,58,66,59,59,61
4113,CBCA202,60,71,55,55,57,70,61,61
4113,CBCA203,62,69,58,63,61,55,61,61
4113,CBCA204,59,63,59,65,60,57,61,61
4114,CBCA201,53,57,46,38,38,48,47,46
4114,CBCA202,43,37,44,51,50,35,43,46
4114,CBCA203,46,40,52,53,54,56,50,46
4114,CBCA204,40,53,46,48,42,44,46,46
4115,CBCA201,65,66,53,60,57,54,59,56
4115,CBCA202,49,51,60,61,47,49,53,56
4115,CBCA203,59,51,47,58,61,49,54,56
4115,CBCA204,59,57,56,62,52,58,57,56
4116,CBCA201,42,53,36,49,41,50,45,45
4116,CBCA202,41,45,36,41,39,43,41,45
4116,CBCA203,48,38,41,48,55,53,47,45
4116,CBCA204,51,56,45,41,38,44,46,45
4117,CBCA201,31,41,40,40,45,50,41,41
4117,CBCA202,36,34,34,36,35,44,37,41
4117,CBCA203,45,44,43,43,49,40,44,41
4117,CBCA204,45,46,45,38,37,47,43,41
4118,CBCA201,63,64,62,60,56,56,60,62
4118,CBCA202,63,57,60,71,70,64,64,62
4118,CBCA203,64,56,57,71,62,62,62,62
4118,CBCA204,67,61,67,67,57,61,63,62
4119,CBCA201,76,81,77,80,81,70,78,76
4119,CBCA202,75,78,80,70,71,81,76,76
4119,CBCA203,84,71,75,81,79,73,77,76
4119,CBCA204,69,66,88,75,80,74,75,76
4120,CBCA201,62,56,54,49,48,57,54,53
4120,CBCA202,45,47,48,65,53,46,51,53
4120,CBCA203,56,62,54,49,59,49,55,53
4120,CBCA204,44,45,53,55,64,55,53,53
4121,CBCA201,68,84,74,82,84,80,79,78
4121,CBCA202,74,83,71,86,78,73,78,78
4121,CBCA203,68,80,78,76,78,83,77,78
4121,CBCA204,74,84,84,73,79,79,79,78
4122,CBCA201,98,93,97,100,100,91,97,95
4122,CBCA202,93,94,92,95,98,92,94,95
4122,CBCA203,92,95,92,95,92,100,94,95
4122,CBCA204,96,91,94,99,88,98,94,95
4123,CBCA201,53,60,46,48,57,65,55,54
4123,CBCA202,57,60,53,49,49,57,54,54
4123,CBCA203,58,46,54,50,52,55,53,54
4123,CBCA204,56,62,55,50,58,56,56,54
4124,CBCA201,25,19,23,19,14,28,21,18
4124,CBCA202,11,20,22,9,13,19,16,18
4124,CBCA203,17,9,10,14,26,13,15,18
4124,CBCA204,21,28,15,19,13,18,19,18
4125,CBCA201,45,40,29,36,48,39,40,41
4125,CBCA202,38,38,36,45,47,43,41,41
4125,CBCA203,42,41,42,45,36,52,43,41
4125,CBCA204,39,40,37,44,42,38,40,41
4126,CBCA201,98,90,99,100,92,88,95,95
4126,CBCA202,89,100,100,90,94,91,94,95
4126,CBCA203,100,100,91,94,100,97,97,95
4126,CBCA204,100,93,95,94,93,96,95,95
4127,CBCA201,97,85,86,85,93,93,90,88
4127,CBCA202,91,89,84,91,86,90,89,88
4127,CBCA203,86,84,85,97,82,79,86,88
4127,CBCA204,88,86,92,87,86,90,88,88
4128,CBCA201,62,63,54,56,61,59,59,60
4128,CBCA202,61,63,64,59,60,66,62,60
4128,CBCA203,49,61,57,57,62,62,58,60
4128,CBCA204,55,62,66,56,64,65,61,60
4129,CBCA201,67,74,59,71,74,67,69,67
4129,CBCA202,70,64,67,68,54,67,65,67
4129,CBCA203,70,64,67,68,65,61,66,67
4129,CBCA204,67,72,69,69,65,65,68,67
4130,CBCA201,88,88,92,99,94,99,93,93
4130,CBCA202,87,99,96,97,93,89,94,93
4130,CBCA203,90,93,97,88,100,93,94,93
4130,CBCA204,94,94,98,89,92,93,93,93
4131,CBCA201,24,19,24,27,25,24,24,26
4131,CBCA202,22,24,22,25,31,28,25,26
4131,CBCA203,25,30,20,20,26,32,26,26
4131,CBCA204,31,30,25,28,30,38,30,26
4132,CBCA201,59,48,48,68,59,64,58,58
4132,CBCA202,67,60,52,62,48,55,57,58
4132,CBCA203,54,54,57,60,60,59,57,58
4132,CBCA204,63,54,62,60,59,60,60,58
4133,CBCA201,88,86,94,94,87,89,90,90
4133,CBCA202,85,87,86,84,88,96,88,90
4133,CBCA203,82,96,87,97,94,95,92,90
4133,CBCA204,94,95,91,80,83,92,89,90
4134,CBCA201,77,67,70,71,73,62,70,70
4134,CBCA202,65,74,77,76,74,69,73,70
4134,CBCA203,59,77,71,65,75,72,70,70
4134,CBCA204,69,69,64,78,68,64,69,70
4135,CBCA201,57,41,55,47,54,57,52,51
4135,CBCA202,50,53,52,58,51,48,52,51
4135,CBCA203,43,56,56,48,45,49,50,51
4135,CBCA204,52,48,44,47,59,52,50,51
4136,CBCA201,73,80,74,78,81,77,77,76
4136,CBCA202,76,77,79,69,76,73,75,76
4136,CBCA203,79,78,76,83,79,68,77,76
4136,CBCA204,66,78,76,78,76,75,75,76
4137,CBCA201,69,75,76,72,73,62,71,71
4137,CBCA202,75,64,75,67,71,83,73,71
4137,CBCA203,64,69,79,68,70,67,70,71
4137,CBCA204,78,73,65,73,73,70,72,71
4138,CBCA201,67,73,74,78,81,81,76,72
4138,CBCA202,80,67,75,70,71,68,72,72
4138,CBCA203,63,78,62,77,79,70,72,72
4138,CBCA204,64,69,78,74,72,67,71,72
4139,CBCA201,94,81,96,83,83,91,88,86
4139,CBCA202,85,95,83,79,83,82,85,86
4139,CBCA203,82,83,86,82,84,78,83,86
4139,CBCA204,80,88,92,94,87,91,89,86
4140,CBCA201,71,77,76,73,85,80,77,75
4140,CBCA202,75,71,71,71,76,80,74,75
4140,CBCA203,66,80,67,72,72,78,73,75
4140,CBCA204,72,65,80,78,75,84,76,75
4141,CBCA201,61,68,57,57,54,47,57,58
4141,CBCA202,54,51,68,56,64,51,57,58
4141,CBCA203,57,64,60,65,48,54,58,58
4141,CBCA204,59,55,61,60,53,60,58,58
4142,CBCA201,92,91,78,73,75,77,81,79
4142,CBCA202,79,80,87,86,78,77,81,79
4142,CBCA203,85,92,79,74,74,69,79,79
4142,CBCA204,74,76,76,71,78,80,76,79
4143,CBCA201,73,71,65,74,66,65,69,69
4143,CBCA202,74,66,63,66,78,63,68,69
4143,CBCA203,65,70,72,74,60,66,68,69
4143,CBCA204,75,75,68,62,70,77,71,69
4144,CBCA201,82,75,84,80,78,91,82,84
4144,CBCA202,84,78,94,84,76,91,85,84
4144,CBCA203,83,83,76,94,83,94,86,84
4144,CBCA204,88,94,78,82,81,85,85,84
4145,CBCA201,48,47,61,59,61,56,55,54
4145,CBCA202,60,53,54,54,48,48,53,54
4145,CBCA203,47,55,52,47,61,55,53,54
4145,CBCA204,57,57,55,57,59,52,56,54
4146,CBCA201,63,58,49,56,66,56,58,58
4146,CBCA202,65,61,59,55,52,54,58,58
4146,CBCA203,50,61,58,50,58,61,56,58
4146,CBCA204,68,54,66,57,62,52,60,58
4147,CBCA201,58,53,48,55,51,61,54,54
4147,CBCA202,56,53,50,60,59,53,55,54
4147,CBCA203,47,50,55,52,52,54,52,54
4147,CBCA204,58,48,53,59,59,59,56,54
4148,CBCA201,86,83,90,87,88,89,87,88
4148,CBCA202,83,84,96,88,86,83,87,88
4148,CBCA203,90,92,87,84,81,83,86,88
4148,CBCA204,85,95,95,91,96,98,93,88
4149,CBCA201,53,60,65,61,56,62,60,60
4149,CBCA202,59,58,56,54,69,56,59,60
4149,CBCA203,62,60,55,62,50,57,58,60
4149,CBCA204,66,63,64,55,65,62,63,60
4150,CBCA201,90,99,97,100,91,87,94,94
4150,CBCA202,91,87,95,97,84,89,91,94
4150,CBCA203,95,96,99,88,90,100,95,94
4150,CBCA204,91,100,99,94,98,100,97,94
4151,CBCA201,42,34,31,26,31,36,33,32
4151,CBCA202,25,37,28,40,31,27,31,32
4151,CBCA203,39,35,33,40,23,30,33,32
4151,CBCA204,22,29,26,30,39,29,29,32
4152,CBCA201,69,62,66,74,63,65,67,65
4152,CBCA202,60,59,62,69,60,65,63,65
4152,CBCA203,72,65,60,62,68,63,65,65
4152,CBCA204,67,68,73,66,68,65,68,65
4153,CBCA201,46,49,56,47,48,47,49,50
4153,CBCA202,46,50,52,45,40,56,48,50
4153,CBCA203,49,50,50,47,54,42,49,50
4153,CBCA204,51,56,52,52,56,58,54,50
4154,CBCA201,87,66,75,68,71,82,75,77
4154,CBCA202,75,77,74,78,77,79,77,77
4154,CBCA203,86,78,78,81,77,83,81,77
4154,CBCA204,75,80,66,67,81,78,75,77
4155,CBCA201,9,7,2,0,0,9,5,4
4155,CBCA202,2,5,13,0,4,0,4,4
4155,CBCA203,1,0,0,0,8,0,2,4
4155,CBCA204,1,1,7,2,5,9,4,4
4156,CBCA201,76,67,78,74,73,68,73,72
4156,CBCA202,64,75,72,68,79,68,71,72
4156,CBCA203,81,76,77,75,76,71,76,72
4156,CBCA204,65,66,71,68,66,69,68,72
4157,CBCA201,76,72,66,79,85,72,75,77
4157,CBCA202,81,77,80,74,79,86,80,77
4157,CBCA203,78,73,80,75,70,73,75,77
4157,CBCA204,78,85,76,81,68,72,77,77
4158,CBCA201,22,32,35,30,21,31,29,33
4158,CBCA202,36,33,38,28,34,36,34,33
4158,CBCA203,22,38,24,30,30,41,31,33
4158,CBCA204,41,41,41,42,30,35,38,33
4159,CBCA201,58,67,65,64,64,65,64,62
4159,CBCA202,63,70,63,67,64,58,64,62
4159,CBCA203,63,51,61,51,60,57,57,62
4159,CBCA204,62,62,70,61,55,68,63,62
4160,CBCA201,68,62,54,58,55,58,59,56
4160,CBCA202,50,57,48,68,56,51,55,56
4160,CBCA203,48,59,60,52,47,57,54,56
4160,CBCA204,63,50,57,54,62,52,56,56
4161,CBCA201,44,47,48,44,44,45,45,44
4161,CBCA202,41,38,49,46,48,40,44,44
4161,CBCA203,43,40,46,40,37,43,42,44
4161,CBCA204,39,44,47,43,47,52,45,44
4162,CBCA201,81,74,74,85,80,70,77,76
4162,CBCA202,72,85,69,75,74,68,74,76
4162,CBCA203,67,79,74,84,81,86,79,76
4162,CBCA204,70,68,75,84,86,69,75,76
4163,CBCA201,71,66,75,80,69,71,72,75
4163,CBCA202,80,78,67,75,74,75,75,75
4163,CBCA203,80,75,76,77,80,81,78,75
4163,CBCA204,71,70,78,78,76,72,74,75
4164,CBCA201,67,60,76,75,77,73,71,69
4164,CBCA202,66,64,62,78,69,65,67,69
4164,CBCA203,66,66,69,67,68,68,67,69
4164,CBCA204,79,67,70,80,69,64,72,69
4165,CBCA201,96,98,93,100,100,93,97,97
4165,CBCA202,100,100,94,92,97,100,97,97
4165,CBCA203,100,100,99,91,100,97,98,97
4165,CBCA204,89,100,95,100,94,96,96,97
4166,CBCA201,48,44,53,50,44,49,48,46
4166,CBCA202,46,55,46,41,41,50,47,46
4166,CBCA203,52,36,44,45,41,48,44,46
4166,CBCA204,51,44,41,50,44,39,45,46
4167,CBCA201,71,70,66,72,62,68,68,66
4167,CBCA202,55,70,69,61,53,69,63,66
4167,CBCA203,66,69,74,55,65,67,66,66
4167,CBCA204,68,67,74,63,70,68,68,66
4168,CBCA201,82,74,84,84,73,78,79,77
4168,CBCA202,73,79,78,70,79,77,76,77
4168,CBCA203,81,74,80,75,76,70,76,77
4168,CBCA204,77,68,79,76,85,72,76,77
4169,CBCA201,3,3,0,10,4,0,3,3
4169,CBCA202,4,0,2,3,0,0,2,3
4169,CBCA203,2,0,3,1,3,2,2,3
4169,CBCA204,4,0,4,3,1,12,4,3
4170,CBCA201,72,70,82,63,77,72,73,73
4170,CBCA202,76,72,69,79,67,76,73,73
4170,CBCA203,69,73,77,81,74,74,75,73
4170,CBCA204,74,75,66,74,69,76,72,73
4171,CBCA201,44,48,37,48,46,46,45,48
4171,CBCA202,47,56,44,55,44,50,49,48
4171,CBCA203,45,47,40,51,50,51,47,48
4171,CBCA204,42,43,57,47,53,49,49,48
4172,CBCA201,14,16,13,11,15,16,14,15
4172,CBCA202,14,13,12,21,5,22,15,15
4172,CBCA203,17,23,21,20,11,23,19,15
4172,CBCA204,14,20,26,9,6,3,13,15
4173,CBCA201,40,23,26,36,22,24,29,31
4173,CBCA202,27,40,26,26,39,26,31,31
4173,CBCA203,29,34,26,29,39,38,33,31
4173,CBCA204,38,37,25,38,23,39,33,31
4174,CBCA201,62,46,58,48,51,46,52,53
4174,CBCA202,48,51,44,52,46,62,51,53
4174,CBCA203,45,51,56,56,57,48,52,53
4174,CBCA204,52,63,60,56,52,53,56,53
4175,CBCA201,73,74,71,77,72,79,74,76
4175,CBCA202,69,82,68,74,84,68,74,76
4175,CBCA203,77,75,81,75,75,82,78,76
4175,CBCA204,72,86,77,69,77,75,76,76
4176,CBCA201,82,82,89,73,74,72,79,81
4176,CBCA202,85,74,82,83,72,74,78,81
4176,CBCA203,82,83,70,89,80,81,81,81
4176,CBCA204,90,79,89,78,87,87,85,81
4177,CBCA201,81,85,85,83,81,87,84,84
4177,CBCA202,86,86,77,75,87,87,83,84
4177,CBCA203,88,75,85,92,78,87,84,84
4177,CBCA204,92,82,86,77,88,90,86,84
4178,CBCA201,86,86,74,90,83,74,82,80
4178,CBCA202,74,75,78,70,72,84,76,80
4178,CBCA203,84,79,85,72,72,87,80,80
4178,CBCA204,90,85,79,79,75,86,82,80
4179,CBCA201,63,46,63,63,55,60,58,57
4179,CBCA202,58,52,51,58,53,67,57,57
4179,CBCA203,53,60,49,62,61,53,56,57
4179,CBCA204,65,54,57,58,59,57,58,57
4180,CBCA201,86,86,89,92,88,95,89,92
4180,CBCA202,85,94,91,99,99,93,94,92
4180,CBCA203,90,89,99,100,95,85,93,92
4180,CBCA204,88,96,86,96,95,80,90,92
4181,CBCA201,82,88,74,82,86,80,82,77
4181,CBCA202,70,74,84,78,72,76,76,77
4181,CBCA203,67,70,79,78,67,78,73,77
4181,CBCA204,75,75,77,79,79,78,77,77
4182,CBCA201,65,59,67,68,63,61,64,67
4182,CBCA202,66,63,74,67,62,68,67,67
4182,CBCA203,60,76,65,75,76,72,71,67
4182,CBCA204,70,69,76,66,65,61,68,67
4183,CBCA201,45,35,43,51,39,40,42,41
4183,CBCA202,46,37,33,39,40,36,39,41
4183,CBCA203,45,48,37,45,33,34,40,41
4183,CBCA204,40,41,51,46,37,49,44,41
4184,CBCA201,66,74,76,82,79,76,76,75
4184,CBCA202,72,83,76,71,76,74,75,75
4184,CBCA203,80,76,71,65,71,73,73,75
4184,CBCA204,71,77,78,75,74,77,75,75
4185,CBCA201,73,66,69,62,66,61,66,67
4185,CBCA202,68,59,66,73,72,71,68,67
4185,CBCA203,61,70,68,65,70,76,68,67
4185,CBCA204,65,69,59,71,55,65,64,67
4186,CBCA201,54,55,52,48,43,55,51,51
4186,CBCA202,47,45,56,45,52,55,50,51
4186,CBCA203,49,58,56,51,44,50,51,51
4186,CBCA204,50,51,47,44,51,57,50,51
4187,CBCA201,78,72,82,83,83,79,80,81
4187,CBCA202,82,84,80,83,77,88,82,81
4187,CBCA203,74,88,78,74,90,75,80,81
4187,CBCA204,83,77,85,90,80,79,82,81
4188,CBCA201,81,79,78,79,75,83,79,80
4188,CBCA202,75,88,81,88,76,74,80,80
4188,CBCA203,76,87,80,83,90,85,84,80
4188,CBCA204,76,80,75,74,75,89,78,80
4189,CBCA201,40,38,24,28,33,37,33,33
4189,CBCA202,28,38,30,43,32,27,33,33
4189,CBCA203,23,30,28,27,38,29,29,33
4189,CBCA204,37,39,30,31,28,42,35,33
4190,CBCA201,94,94,88,93,86,86,90,89
4190,CBCA202,94,86,99,84,99,90,92,89
4190,CBCA203,99,80,83,80,85,88,86,89
4190,CBCA204,84,90,90,86,90,92,89,89
4191,CBCA201,88,94,95,93,96,92,93,96
4191,CBCA202,99,92,100,98,100,100,98,96
4191,CBCA203,97,93,100,97,94,100,97,96
4191,CBCA204,100,96,100,96,89,100,97,96
4192,CBCA201,83,78,94,79,87,81,84,84
4192,CBCA202,82,87,86,86,83,84,85,84
4192,CBCA203,86,83,84,86,82,77,83,84
4192,CBCA204,88,90,86,88,84,81,86,84
4193,CBCA201,64,74,71,73,80,69,72,70
4193,CBCA202,77,60,67,71,69,72,69,70
4193,CBCA203,63,59,69,73,74,70,68,70
4193,CBCA204,71,76,59,72,71,65,69,70
4194,CBCA201,100,95,100,100,100,100,99,98
4194,CBCA202,100,99,98,98,100,97,99,98
4194,CBCA203,93,97,99,100,99,94,97,98
4194,CBCA204,100,100,100,95,97,100,99,98
4195,CBCA201,65,60,71,66,57,70,65,62
4195,CBCA202,60,59,61,62,59,59,60,62
4195,CBCA203,62,65,61,60,65,64,63,62
4195,CBCA204,58,58,69,73,56,59,62,62
4196,CBCA201,53,57,61,56,50,49,54,52
4196,CBCA202,47,49,48,51,58,53,51,52
4196,CBCA203,53,51,39,50,52,62,51,52
4196,CBCA204,50,56,50,50,51,48,51,52
4197,CBCA201,90,88,93,91,96,93,92,93
4197,CBCA202,84,92,85,97,98,91,91,93
4197,CBCA203,97,97,89,91,86,99,93,93
4197,CBCA204,88,96,100,94,95,93,94,93
4198,CBCA201,23,22,13,16,22,23,20,20
4198,CBCA202,26,20,16,14,16,18,18,20
4198,CBCA203,16,15,27,23,25,17,21,20
4198,CBCA204,32,18,22,19,14,25,22,20
4199,CBCA201,54,61,50,55,61,55,56,57
4199,CBCA202,56,54,60,51,59,68,58,57
4199,CBCA203,49,56,60,54,60,63,57,57
4199,CBCA204,66,58,52,52,63,54,58,57
4200,CBCA201,76,83,83,78,84,79,81,80
4200,CBCA202,74,82,73,80,84,78,79,80
4200,CBCA203,75,83,80,75,84,80,80,80
4200,CBCA204,90,76,89,87,80,78,83,80
4201,CBCA201,75,63,68,77,73,75,72,73
4201,CBCA202,81,69,73,76,73,79,75,73
4201,CBCA203,75,71,67,77,79,77,74,73
4201,CBCA204,66,69,73,70,79,63,70,73
4202,CBCA201,54,53,59,57,48,56,55,55
4202,CBCA202,58,57,54,53,58,53,56,55
4202,CBCA203,57,49,49,60,61,61,56,55
4202,CBCA204,53,54,50,46,54,54,52,55
4203,CBCA201,60,47,45,56,53,41,50,50
4203,CBCA202,52,47,56,40,59,55,52,50
4203,CBCA203,53,50,51,48,49,47,50,50
4203,CBCA204,49,39,52,49,55,55,50,50
4204,CBCA201,89,80,81,86,86,81,84,82
4204,CBCA202,83,90,89,79,88,80,85,82
4204,CBCA203,77,83,79,82,76,71,78,82
4204,CBCA204,85,77,81,89,73,87,82,82
4205,CBCA201,56,61,66,66,64,62,63,63
4205,CBCA202,60,63,65,68,63,66,64,63
4205,CBCA203,70,57,72,75,74,66,69,63
4205,CBCA204,55,60,65,54,54,59,58,63
4206,CBCA201,23,19,22,15,29,27,23,23
4206,CBCA202,27,21,20,20,34,28,25,23
4206,CBCA203,24,20,36,28,30,14,25,23
4206,CBCA204,16,22,18,23,26,18,21,23
4207,CBCA201,90,98,88,94,100,100,95,95
4207,CBCA202,90,100,97,91,98,97,96,95
4207,CBCA203,98,99,100,96,87,97,96,95
4207,CBCA204,93,95,96,90,93,92,93,95
4208,CBCA201,54,58,44,54,59,48,53,51
4208,CBCA202,53,49,50,44,49,60,51,51
4208,CBCA203,51,44,57,47,52,50,50,51
4208,CBCA204,48,55,56,54,52,47,52,51
4209,CBCA201,70,82,73,80,81,81,78,76
4209,CBCA202,73,78,75,75,68,78,75,76
4209,CBCA203,71,70,80,78,81,88,78,76
4209,CBCA204,86,70,67,77,79,71,75,76
4210,CBCA201,33,36,28,38,29,31,33,35
4210,CBCA202,36,37,30,46,39,32,37,35
4210,CBCA203,32,36,30,28,34,35,33,35
4210,CBCA204,37,39,36,37,36,34,37,35
4211,CBCA201,98,84,84,97,91,88,90,89
4211,CBCA202,89,96,88,89,89,88,90,89
4211,CBCA203,83,87,93,82,90,91,88,89
4211,CBCA204,84,89,89,82,94,90,88,89
4212,CBCA201,53,54,70,63,52,61,59,61
4212,CBCA202,58,54,65,71,69,64,64,61
4212,CBCA203,62,60,58,66,62,65,62,61
4212,CBCA204,67,59,67,56,56,58,61,61
4213,CBCA201,27,33,26,41,34,26,31,33
4213,CBCA202,38,44,33,30,40,24,35,33
4213,CBCA203,39,34,28,35,25,30,32,33
4213,CBCA204,25,27,37,33,38,34,32,33
4214,CBCA201,86,95,99,100,89,99,95,93
4214,CBCA202,100,86,93,95,100,91,94,93
4214,CBCA203,95,95,84,95,97,88,92,93
4214,CBCA204,84,80,91,92,95,94,89,93
4215,CBCA201,45,35,48,40,51,42,44,45
4215,CBCA202,47,39,47,52,43,40,45,45
4215,CBCA203,54,46,42,57,40,49,48,45
4215,CBCA204,45,42,44,52,42,46,45,45
4216,CBCA201,60,54,49,54,53,53,54,53
4216,CBCA202,51,60,55,49,52,52,53,53
4216,CBCA203,59,60,59,63,50,48,57,53
4216,CBCA204,48,44,53,49,53,49,49,53
4217,CBCA201,58,56,62,63,70,58,61,62
4217,CBCA202,67,62,64,57,59,69,63,62
4217,CBCA203,56,58,70,56,61,66,61,62
4217,CBCA204,60,58,69,61,65,63,63,62
4218,CBCA201,56,46,55,51,59,64,55,56
4218,CBCA202,63,53,53,65,57,50,57,56
4218,CBCA203,55,49,50,63,62,59,56,56
4218,CBCA204,50,55,58,56,46,67,55,56
4219,CBCA201,82,83,75,73,79,79,79,77
4219,CBCA202,68,74,71,77,74,83,75,77
4219,CBCA203,76,73,80,74,85,77,78,77
4219,CBCA204,71,83,79,76,74,81,77,77
4220,CBCA201,43,35,33,30,32,27,33,35
4220,CBCA202,34,32,37,33,42,36,36,35
4220,CBCA203,29,33,35,38,31,38,34,35
4220,CBCA204,39,37,39,35,33,32,36,35
4221,CBCA201,54,50,56,50,52,46,51,52
4221,CBCA202,55,61,57,50,59,51,56,52
4221,CBCA203,49,46,55,44,56,50,50,52
4221,CBCA204,52,59,44,55,56,52,53,52
4222,CBCA201,100,98,88,93,96,91,94,96
4222,CBCA202,100,100,100,99,98,100,100,96
4222,CBCA203,100,88,100,98,96,98,97,96
4222,CBCA204,91,94,94,100,86,96,94,96
4223,CBCA201,90,84,84,92,71,80,84,83
4223,CBCA202,90,76,79,77,76,80,80,83
4223,CBCA203,80,92,85,93,83,91,87,83
4223,CBCA204,78,88,77,85,81,73,80,83
4224,CBCA201,66,64,53,70,56,62,62,60
4224,CBCA202,68,62,67,52,57,67,62,60
4224,CBCA203,58,53,64,71,61,55,60,60
4224,CBCA204,53,60,62,51,58,58,57,60
4225,CBCA201,90,85,90,89,93,89,89,88
4225,CBCA202,87,86,87,84,89,83,86,88
4225,CBCA203,79,95,90,82,94,84,87,88
4225,CBCA204,91,93,86,91,87,89,90,88
4226,CBCA201,57,59,46,38,43,46,48,51
4226,CBCA202,48,52,60,47,52,48,51,51
4226,CBCA203,51,43,40,57,42,58,49,51
4226,CBCA204,61,59,50,61,55,46,55,51
4227,CBCA201,80,78,86,86,84,86,83,81
4227,CBCA202,79,93,84,72,78,73,80,81
4227,CBCA203,90,74,73,83,75,80,79,81
4227,CBCA204,88,75,88,78,80,82,82,81
4228,CBCA201,59,63,68,53,58,70,62,63
4228,CBCA202,68,57,61,63,68,55,62,63
4228,CBCA203,60,66,74,62,66,63,65,63
4228,CBCA204,63,69,53,56,62,63,61,63
4229,CBCA201,61,57,61,63,56,63,60,61
4229,CBCA202,53,68,53,65,63,58,60,61
4229,CBCA203,65,62,56,58,66,59,61,61
4229,CBCA204,64,59,67,57,65,63,63,61
4230,CBCA201,48,59,61,49,59,50,54,54
4230,CBCA202,56,59,46,53,54,53,54,54
4230,CBCA203,59,57,58,49,60,52,56,54
4230,CBCA204,58,58,57,43,48,56,53,54
4231,CBCA201,99,99,99,100,95,91,97,98
4231,CBCA202,100,100,100,97,96,100,99,98
4231,CBCA203,100,100,100,100,99,100,100,98
4231,CBCA204,93,95,92,96,100,91,95,98
4232,CBCA201,100,98,93,92,100,100,97,98
4232,CBCA202,100,100,97,99,92,100,98,98
4232,CBCA203,100,100,99,94,100,100,99,98
4232,CBCA204,94,97,91,99,97,100,96,98
4233,CBCA201,50,52,67,61,59,58,58,58
4233,CBCA202,58,61,59,63,59,52,59,58
4233,CBCA203,53,58,51,56,55,58,55,58
4233,CBCA204,54,54,64,65,67,67,62,58
4234,CBCA201,61,76,67,58,60,65,65,64
4234,CBCA202,57,72,58,75,67,53,64,64
4234,CBCA203,60,69,57,70,66,64,64,64
4234,CBCA204,60,62,70,67,63,65,65,64
4235,CBCA201,31,33,36,23,30,23,29,29
4235,CBCA202,20,33,30,22,29,34,28,29
4235,CBCA203,18,35,29,20,30,26,26,29
4235,CBCA204,36,22,34,35,25,30,30,29
4236,CBCA201,66,62,70,66,68,62,66,69
4236,CBCA202,74,73,74,72,67,74,72,69
4236,CBCA203,61,80,70,74,68,68,70,69
4236,CBCA204,70,70,63,64,67,66,67,69
4237,CBCA201,85,68,67,73,76,72,74,75
4237,CBCA202,76,71,73,77,68,78,74,75
4237,CBCA203,83,74,77,79,71,77,77,75
4237,CBCA204,74,81,80,69,77,71,75,75
4238,CBCA201,57,62,59,55,53,64,58,58
4238,CBCA202,54,56,67,52,51,60,57,58
4238,CBCA203,63,53,59,63,53,58,58,58
4238,CBCA204,54,53,63,56,52,65,57,58
4239,CBCA201,8,12,8,4,5,4,7,3
4239,CBCA202,2,0,1,8,5,0,3,3
4239,CBCA203,5,0,0,0,0,0,1,3
4239,CBCA204,0,5,3,7,2,4,4,3
4240,CBCA201,54,47,53,45,61,45,51,51
4240,CBCA202,53,62,47,47,47,49,51,51
4240,CBCA203,49,60,51,50,48,57,53,51
4240,CBCA204,60,46,53,56,50,45,52,51
4241,CBCA201,85,96,80,90,92,89,89,90
4241,CBCA202,90,95,84,87,90,93,90,90
4241,CBCA203,94,96,89,88,93,90,92,90
4241,CBCA204,96,80,81,94,89,94,89,90
4242,CBCA201,70,56,63,70,69,57,64,63
4242,CBCA202,65,55,63,69,60,74,64,63
4242,CBCA203,64,66,69,58,75,64,66,63
4242,CBCA204,53,61,60,59,59,60,59,63
4243,CBCA201,92,86,82,89,87,93,88,88
4243,CBCA202,91,90,88,81,88,92,88,88
4243,CBCA203,82,92,84,89,84,79,85,88
4243,CBCA204,85,87,94,91,93,98,91,88
4244,CBCA201,77,79,79,79,79,80,79,77
4244,CBCA202,84,74,75,69,71,70,74,77
4244,CBCA203,78,79,78,81,78,76,78,77
4244,CBCA204,86,76,77,75,79,79,79,77
4245,CBCA201,72,62,70,64,67,71,68,69
4245,CBCA202,67,69,77,70,69,68,70,69
4245,CBCA203,75,69,60,69,61,79,69,69
4245,CBCA204,73,62,69,79,76,69,71,69
4246,CBCA201,82,83,79,74,72,80,78,74
4246,CBCA202,66,70,81,74,78,75,74,74
4246,CBCA203,74,84,67,77,64,65,72,74
4246,CBCA204,70,80,77,64,74,67,72,74
4247,CBCA201,19,19,25,23,35,28,25,28
4247,CBCA202,31,34,22,38,30,18,29,28
4247,CBCA203,30,26,28,23,35,33,29,28
4247,CBCA204,25,36,20,29,33,38,30,28
4248,CBCA201,52,57,61,60,58,47,56,56
4248,CBCA202,64,50,56,61,51,52,56,56
4248,CBCA203,51,53,66,62,49,53,56,56
4248,CBCA204,60,56,50,63,57,62,58,56
4249,CBCA201,73,81,82,81,86,86,82,84
4249,CBCA202,80,90,81,90,87,89,86,84
4249,CBCA203,89,75,86,82,76,87,83,84
4249,CBCA204,78,89,84,91,79,84,84,84
4250,CBCA201,70,74,70,70,76,69,72,73
4250,CBCA202,75,65,68,81,75,80,74,73
4250,CBCA203,79,73,74,77,70,75,75,73
4250,CBCA204,68,77,68,73,69,74,72,73
4251,CBCA201,47,53,53,59,51,51,52,51
4251,CBCA202,54,52,51,54,45,49,51,51
4251,CBCA203,53,47,52,50,45,51,50,51
4251,CBCA204,58,44,41,49,57,50,50,51
4252,CBCA201,68,74,71,74,58,76,70,69
4252,CBCA202,70,73,66,64,68,71,69,69
4252,CBCA203,80,61,68,59,73,66,68,69
4252,CBCA204,73,62,81,63,73,73,71,69
4253,CBCA201,25,18,26,31,19,21,23,23
4253,CBCA202,24,22,31,16,25,14,22,23
4253,CBCA203,24,31,25,23,21,17,24,23
4253,CBCA204,13,18,21,34,15,28,22,23
4254,CBCA201,11,6,17,17,11,5,11,9
4254,CBCA202,9,10,4,12,6,7,8,9
4254,CBCA203,8,7,7,10,7,6,8,9
4254,CBCA204,6,9,9,1,10,9,7,9
4255,CBCA201,28,14,16,17,24,19,20,20
4255,CBCA202,18,10,24,21,23,20,19,20
4255,CBCA203,22,19,23,26,18,25,22,20
4255,CBCA204,24,23,22,12,19,22,20,20
4256,CBCA201,46,42,55,51,53,40,48,50
4256,CBCA202,54,49,62,40,53,44,50,50
4256,CBCA203,47,53,53,50,47,52,50,50
4256,CBCA204,43,56,46,47,56,54,50,50
4257,CBCA201,82,87,73,79,76,72,78,79
4257,CBCA202,81,82,84,77,80,84,81,79
4257,CBCA203,75,84,70,77,83,79,78,79
4257,CBCA204,82,69,89,73,77,80,78,79
4258,CBCA201,85,96,87,82,85,87,87,88
4258,CBCA202,76,91,94,93,94,91,90,88
4258,CBCA203,88,81,95,86,89,90,88,88
4258,CBCA204,87,80,90,85,94,85,87,88
4259,CBCA201,90,98,100,95,100,91,96,94
4259,CBCA202,100,89,97,100,90,99,96,94
4259,CBCA203,98,93,89,93,85,90,91,94
4259,CBCA204,91,91,100,84,91,92,92,94
4260,CBCA201,58,64,50,54,62,47,56,53
4260,CBCA202,50,50,54,46,56,45,50,53
4260,CBCA203,49,51,49,60,53,57,53,53
4260,CBCA204,52,51,57,46,44,57,51,53
4261,CBCA201,76,65,70,72,77,81,74,73
4261,CBCA202,64,74,70,83,79,71,74,73
4261,CBCA203,65,69,77,81,76,66,72,73
4261,CBCA204,70,67,76,75,78,74,73,73
4262,CBCA201,33,33,42,33,37,32,35,31
4262,CBCA202,31,37,23,28,40,23,30,31
4262,CBCA203,28,34,27,26,34,23,29,31
4262,CBCA204,25,38,25,25,34,35,30,31
4263,CBCA201,80,74,78,79,68,83,77,77
4263,CBCA202,71,78,79,82,76,73,77,77
4263,CBCA203,85,72,75,80,82,84,80,77
4263,CBCA204,76,71,76,69,74,77,74,77
4264,CBCA201,59,61,75,69,71,65,67,69
4264,CBCA202,65,61,79,70,72,60,68,69
4264,CBCA203,73,73,63,76,79,63,71,69
4264,CBCA204,64,68,63,70,79,68,69,69
4265,CBCA201,59,50,59,51,54,55,55,52
4265,CBCA202,52,51,53,47,48,51,50,52
4265,CBCA203,60,51,53,50,62,49,54,52
4265,CBCA204,57,63,48,41,49,45,51,52
4266,CBCA201,61,64,61,71,60,72,65,62
4266,CBCA202,65,61,54,58,64,57,60,62
4266,CBCA203,67,56,65,60,57,70,63,62
4266,CBCA204,58,64,59,54,61,57,59,62
4267,CBCA201,33,35,34,38,29,29,33,37
4267,CBCA202,37,34,30,34,36,42,36,37
4267,CBCA203,35,29,43,46,38,45,39,37
4267,CBCA204,36,44,39,40,39,32,38,37
4268,CBCA201,69,76,64,68,64,63,67,67
4268,CBCA202,65,67,64,72,77,65,68,67
4268,CBCA203,62,78,68,67,70,59,67,67
4268,CBCA204,68,71,68,59,60,61,65,67
4269,CBCA201,34,42,33,48,38,41,39,42
4269,CBCA202,43,38,44,45,39,39,41,42
4269,CBCA203,39,50,52,42,41,35,43,42
4269,CBCA204,44,38,42,44,50,43,44,42
4270,CBCA201,94,96,89,81,91,96,91,89
4270,CBCA202,83,93,80,91,82,92,87,89
4270,CBCA203,91,90,91,88,90,86,89,89
4270,CBCA204,85,98,91,90,85,80,88,89
4271,CBCA201,71,70,56,55,58,65,63,63
4271,CBCA202,63,60,60,56,57,70,61,63
4271,CBCA203,69,60,67,64,71,57,65,63
4271,CBCA204,69,62,66,61,61,62,64,63
4272,CBCA201,8,8,8,1,7,18,8,9
4272,CBCA202,4,6,0,6,14,4,6,9
4272,CBCA203,9,7,10,14,1,11,9,9
4272,CBCA204,3,15,3,17,15,18,12,9
4273,CBCA201,89,87,88,92,79,90,88,89
4273,CBCA202,95,85,96,87,93,85,90,89
4273,CBCA203,80,88,94,95,94,94,91,89
4273,CBCA204,86,96,92,79,93,89,89,89
4274,CBCA201,75,70,67,62,68,79,70,69
4274,CBCA202,74,70,70,71,65,65,69,69
4274,CBCA203,67,72,72,62,67,58,66,69
4274,CBCA204,77,67,65,64,64,76,69,69
4275,CBCA201,14,27,27,19,25,30,24,23
4275,CBCA202,25,31,19,15,27,22,23,23
4275,CBCA203,29,24,21,29,23,26,25,23
4275,CBCA204,14,22,23,18,20,20,20,23
4276,CBCA201,20,25,17,13,16,13,17,17
4276,CBCA202,21,22,15,26,15,16,19,17
4276,CBCA203,15,6,6,18,19,16,13,17
4276,CBCA204,15,21,15,15,21,12,17,17
4277,CBCA201,61,50,50,63,55,60,57,53
4277,CBCA202,49,55,43,58,61,53,53,53
4277,CBCA203,56,52,53,49,44,60,52,53
4277,CBCA204,55,53,58,46,47,48,51,53
4278,CBCA201,83,77,79,75,86,83,81,81
4278,CBCA202,82,78,77,80,84,92,82,81
4278,CBCA203,89,87,82,79,83,81,84,81
4278,CBCA204,78,81,74,85,80,72,78,81
4279,CBCA201,64,79,83,68,75,77,74,76
4279,CBCA202,70,86,79,80,69,75,77,76
4279,CBCA203,77,73,82,76,70,86,77,76
4279,CBCA204,76,73,74,68,83,87,77,76
4280,CBCA201,65,56,62,65,60,57,61,61
4280,CBCA202,69,54,55,68,68,69,64,61
4280,CBCA203,58,56,64,66,65,57,61,61
4280,CBCA204,55,62,59,62,56,63,60,61
4281,CBCA201,69,54,66,62,60,58,62,60
4281,CBCA202,59,60,62,53,58,57,58,60
4281,CBCA203,54,67,66,58,56,62,61,60
4281,CBCA204,65,54,62,62,61,63,61,60
4282,CBCA201,85,93,87,92,94,80,89,92
4282,CBCA202,87,86,84,84,99,99,90,92
4282,CBCA203,100,100,93,99,88,93,96,92
4282,CBCA204,98,94,100,94,92,91,95,92
4283,CBCA201,17,16,8,5,11,8,11,9
4283,CBCA202,3,18,16,3,3,9,9,9
4283,CBCA203,1,2,13,1,3,3,4,9
4283,CBCA204,14,14,5,0,16,19,11,9
4284,CBCA201,96,100,100,95,95,94,97,97
4284,CBCA202,99,92,100,100,92,87,95,97
4284,CBCA203,98,100,97,100,85,97,96,97
4284,CBCA204,100,98,100,100,92,100,98,97
4285,CBCA201,79,76,71,70,63,82,74,72
4285,CBCA202,66,67,78,74,72,73,72,72
4285,CBCA203,82,69,73,69,73,68,72,72
4285,CBCA204,68,79,64,75,63,74,71,72
4286,CBCA201,32,32,27,30,31,29,30,31
4286,CBCA202,22,30,33,25,23,29,27,31
4286,CBCA203,35,29,27,35,38,37,34,31
4286,CBCA204,29,36,32,35,26,34,32,31
4287,CBCA201,83,83,76,89,88,79,83,82
4287,CBCA202,72,79,83,82,78,87,80,82
4287,CBCA203,77,80,90,83,90,84,84,82
4287,CBCA204,79,89,82,78,82,80,82,82
4288,CBCA201,97,92,83,91,83,92,90,91
4288,CBCA202,91,93,93,93,96,100,94,91
4288,CBCA203,85,93,92,89,91,86,89,91
4288,CBCA204,86,94,92,93,97,89,92,91
4289,CBCA201,36,32,26,21,41,37,32,31
4289,CBCA202,27,32,24,30,34,23,28,31
4289,CBCA203,25,31,36,30,31,30,31,31
4289,CBCA204,34,32,38,32,36,30,34,31
4290,CBCA201,36,43,38,41,39,47,41,45
4290,CBCA202,44,50,45,45,44,54,47,45
4290,CBCA203,41,43,53,46,42,42,45,45
4290,CBCA204,47,52,43,41,50,43,46,45
4291,CBCA201,88,76,84,74,82,83,81,83
4291,CBCA202,87,90,80,86,80,79,84,83
4291,CBCA203,83,76,73,85,78,81,79,83
4291,CBCA204,83,85,92,78,91,87,86,83
4292,CBCA201,98,100,100,97,100,92,98,97
4292,CBCA202,99,100,100,95,97,100,99,97
4292,CBCA203,92,100,100,90,93,89,94,97
4292,CBCA204,100,94,100,93,99,100,98,97
4293,CBCA201,23,25,19,19,13,29,21,21
4293,CBCA202,26,11,26,21,18,16,20,21
4293,CBCA203,15,15,30,24,14,21,20,21
4293,CBCA204,21,18,18,21,24,26,21,21
4294,CBCA201,26,31,27,26,29,34,29,30
4294,CBCA202,24,35,31,25,29,31,29,30
4294,CBCA203,25,36,32,25,30,33,30,30
4294,CBCA204,21,39,40,23,37,27,31,30
4295,CBCA201,58,55,60,60,50,69,59,59
4295,CBCA202,50,65,60,63,61,62,60,59
4295,CBCA203,56,59,52,59,67,57,58,59
4295,CBCA204,59,66,59,59,65,54,60,59
4296,CBCA201,70,69,65,72,70,61,68,68
4296,CBCA202,78,68,75,64,70,74,72,68
4296,CBCA203,60,63,64,75,70,64,66,68
4296,CBCA204,65,71,69,73,67,59,67,68
4297,CBCA201,6,11,7,7,7,1,7,7
4297,CBCA202,10,0,7,13,7,11,8,7
4297,CBCA203,6,10,0,3,3,6,5,7
4297,CBCA204,10,13,17,1,0,9,8,7
4298,CBCA201,95,86,96,87,88,79,89,89
4298,CBCA202,77,83,81,99,88,87,86,89
4298,CBCA203,93,96,92,83,94,87,91,89
4298,CBCA204,83,88,89,94,88,91,89,89
4299,CBCA201,67,67,64,60,64,65,65,65
4299,CBCA202,61,62,74,62,57,60,63,65
4299,CBCA203,67,64,58,65,74,76,67,65
4299,CBCA204,59,73,53,68,68,61,64,65
4300,CBCA201,84,76,79,83,80,77,80,79
4300,CBCA202,72,73,77,85,85,89,80,79
4300,CBCA203,77,74,82,78,85,74,78,79
4300,CBCA204,72,80,75,70,76,88,77,79
4301,CBCA201,58,58,75,62,71,65,65,65
4301,CBCA202,65,59,64,68,75,63,66,65
4301,CBCA203,72,68,61,65,67,68,67,65
4301,CBCA204,65,56,69,66,63,64,64,65
4302,CBCA201,80,85,95,89,93,87,88,87
4302,CBCA202,91,88,91,85,94,92,90,87
4302,CBCA203,82,84,93,90,78,88,86,87
4302,CBCA204,80,88,86,89,91,78,85,87
4303,CBCA201,72,70,66,62,71,74,69,73
4303,CBCA202,70,70,76,79,68,68,72,73
4303,CBCA203,75,80,78,72,81,72,76,73
4303,CBCA204,79,77,82,71,68,70,75,73
4304,CBCA201,10,0,0,5,6,4,4,5
4304,CBCA202,0,3,3,2,3,10,4,5
4304,CBCA203,0,12,5,7,1,3,5,5
4304,CBCA204,6,9,8,9,13,5,8,5
4305,CBCA201,77,86,73,80,86,68,78,76
4305,CBCA202,74,68,78,80,84,81,78,76
4305,CBCA203,75,71,69,84,75,81,76,76
4305,CBCA204,66,76,72,73,79,74,73,76
4306,CBCA201,99,91,100,90,100,97,96,96
4306,CBCA202,100,100,100,96,100,98,99,96
4306,CBCA203,91,100,91,100,88,94,94,96
4306,CBCA204,100,95,92,96,89,100,95,96
4307,CBCA201,24,23,16,33,14,22,22,22
4307,CBCA202,18,17,28,21,20,20,21,22
4307,CBCA203,25,22,25,26,24,22,24,22
4307,CBCA204,13,18,16,32,27,22,21,22
4308,CBCA201,51,55,50,46,51,53,51,51
4308,CBCA202,56,50,53,50,47,62,53,51
4308,CBCA203,44,47,59,51,48,59,51,51
4308,CBCA204,45,43,49,51,52,61,50,51
4309,CBCA201,26,29,32,16,25,23,25,24
4309,CBCA202,22,27,24,25,29,25,25,24
4309,CBCA203,29,25,19,27,20,27,25,24
4309,CBCA204,26,24,20,21,29,17,23,24
4310,CBCA201,4,6,4,7,12,7,7,6
4310,CBCA202,10,1,5,13,8,8,8,6
4310,CBCA203,9,4,5,3,11,2,6,6
4310,CBCA204,7,3,3,9,2,2,4,6
4311,CBCA201,94,85,94,86,89,89,90,88
4311,CBCA202,88,86,78,88,86,95,87,88
4311,CBCA203,89,89,93,85,86,80,87,88
4311,CBCA204,88,93,95,86,89,78,88,88
4312,CBCA201,75,72,82,74,76,77,76,79
4312,CBCA202,75,81,81,71,82,67,76,79
4312,CBCA203,83,80,85,79,79,83,82,79
4312,CBCA204,77,80,86,79,88,84,82,79
4313,CBCA201,64,67,71,79,58,69,68,69
4313,CBCA202,65,67,64,61,65,70,65,69
4313,CBCA203,70,76,66,67,79,69,71,69
4313,CBCA204,68,69,76,74,76,61,71,69
4314,CBCA201,60,63,64,70,60,60,63,65
4314,CBCA202,56,65,72,65,58,72,65,65
4314,CBCA203,67,65,56,62,68,75,66,65
4314,CBCA204,61,62,64,70,67,72,66,65
4315,CBCA201,86,91,93,89,86,88,89,88
4315,CBCA202,86,86,85,91,92,85,88,88
4315,CBCA203,83,96,99,85,82,82,88,88
4315,CBCA204,97,85,87,89,88,86,89,88
4316,CBCA201,71,58,64,60,55,71,63,64
4316,CBCA202,64,67,70,67,66,63,66,64
4316,CBCA203,60,62,70,60,63,70,64,64
4316,CBCA204,59,66,72,68,60,53,63,64
4317,CBCA201,67,68,67,67,54,67,65,63
4317,CBCA202,69,64,64,61,58,66,64,63
4317,CBCA203,61,67,58,70,60,61,63,63
4317,CBCA204,65,64,51,57,68,63,61,63
4318,CBCA201,65,64,68,66,71,60,66,69
4318,CBCA202,64,71,65,74,74,68,69,69
4318,CBCA203,68,81,66,63,61,75,69,69
4318,CBCA204,70,74,78,69,65,69,71,69
4319,CBCA201,52,55,53,55,54,49,53,53
4319,CBCA202,43,49,55,43,53,59,50,53
4319,CBCA203,47,47,59,50,48,48,50,53
4319,CBCA204,49,65,60,61,60,53,58,53
4320,CBCA201,81,92,93,94,96,100,93,92
4320,CBCA202,94,85,99,95,94,100,95,92
4320,CBCA203,85,85,100,100,86,94,92,92
4320,CBCA204,93,82,91,81,100,89,89,92
4321,CBCA201,20,18,21,24,17,23,21,15
4321,CBCA202,13,16,10,8,21,8,13,15
4321,CBCA203,14,7,11,13,14,7,11,15
4321,CBCA204,18,19,14,17,12,14,16,15
4322,CBCA201,86,86,80,95,80,87,86,88
4322,CBCA202,91,87,80,86,85,86,86,88
4322,CBCA203,92,99,88,88,76,92,89,88
4322,CBCA204,83,93,92,92,87,98,91,88
4323,CBCA201,51,49,51,57,52,59,53,50
4323,CBCA202,55,51,58,43,56,46,52,50
4323,CBCA203,45,51,49,51,49,53,50,50
4323,CBCA204,52,42,60,40,40,48,47,50
4324,CBCA201,98,97,96,89,100,93,96,93
4324,CBCA202,83,100,99,85,95,88,92,93
4324,CBCA203,100,91,83,87,98,93,92,93
4324,CBCA204,95,96,100,89,96,86,94,93
4325,CBCA201,24,25,38,24,30,36,30,32
4325,CBCA202,37,43,28,25,32,31,33,32
4325,CBCA203,28,36,38,33,31,31,33,32
4325,CBCA204,23,32,33,34,36,38,33,32
4326,CBCA201,87,83,79,77,88,84,83,83
4326,CBCA202,84,74,82,82,84,73,80,83
4326,CBCA203,74,84,82,91,81,77,82,83
4326,CBCA204,82,82,86,92,94,78,86,83
4327,CBCA201,67,63,71,77,71,69,70,71
4327,CBCA202,68,65,66,79,79,68,71,71
4327,CBCA203,71,63,68,76,70,69,70,71
4327,CBCA204,67,70,75,74,71,81,73,71
4328,CBCA201,58,53,41,51,51,50,51,52
4328,CBCA202,56,57,55,44,49,51,52,52
4328,CBCA203,46,58,56,57,49,55,54,52
4328,CBCA204,60,52,53,54,55,48,54,52
4329,CBCA201,62,63,68,73,62,67,66,67
4329,CBCA202,70,57,78,74,63,76,70,67
4329,CBCA203,77,66,65,65,71,67,69,67
4329,CBCA204,65,73,65,65,68,59,66,67
4330,CBCA201,79,81,74,66,69,69,73,73
4330,CBCA202,68,81,73,73,76,78,75,73
4330,CBCA203,63,78,76,72,70,73,72,73
4330,CBCA204,67,71,76,71,72,69,71,73
4331,CBCA201,37,31,43,40,43,38,39,39
4331,CBCA202,34,38,42,39,40,43,39,39
4331,CBCA203,49,34,33,32,47,40,39,39
4331,CBCA204,34,49,31,40,46,42,40,39
4332,CBCA201,82,72,79,74,80,74,77,76
4332,CBCA202,80,75,65,69,84,77,75,76
4332,CBCA203,68,74,80,82,71,73,75,76
4332,CBCA204,80,71,75,78,77,73,76,76
4333,CBCA201,65,70,70,75,75,75,72,74
4333,CBCA202,72,66,70,84,66,71,72,74
4333,CBCA203,83,75,82,79,76,73,78,74
4333,CBCA204,72,71,72,76,70,76,73,74
4334,CBCA201,0,0,0,3,4,1,1,2
4334,CBCA202,0,0,6,1,5,4,3,2
4334,CBCA203,0,1,1,0,0,10,2,2
4334,CBCA204,0,0,0,0,0,0,0,2
4335,CBCA201,48,32,44,41,44,33,40,42
4335,CBCA202,38,42,31,42,53,53,43,42
4335,CBCA203,46,37,49,40,51,34,43,42
4335,CBCA204,36,49,34,37,41,45,40,42
4336,CBCA201,87,72,79,76,83,89,81,80
4336,CBCA202,79,74,78,88,82,78,80,80
4336,CBCA203,76,79,84,88,88,83,83,80
4336,CBCA204,81,81,77,80,76,73,78,80
4337,CBCA201,85,92,88,90,83,87,88,87
4337,CBCA202,88,76,84,90,82,89,85,87
4337,CBCA203,89,87,91,82,95,87,89,87
4337,CBCA204,94,83,79,82,86,93,86,87
4338,CBCA201,28,22,33,18,16,31,25,24
4338,CBCA202,27,12,25,26,26,31,25,24
4338,CBCA203,30,28,19,17,20,28,24,24
4338,CBCA204,31,19,23,22,20,29,24,24
4339,CBCA201,36,28,23,34,23,37,30,31
4339,CBCA202,38,37,31,33,27,27,32,31
4339,CBCA203,37,30,36,28,20,27,30,31
4339,CBCA204,33,26,22,33,31,35,30,31
4340,CBCA201,90,82,90,89,90,80,87,87
4340,CBCA202,97,88,89,98,89,87,91,87
4340,CBCA203,77,79,91,80,89,79,83,87
4340,CBCA204,86,80,85,99,92,88,88,87
4341,CBCA201,68,71,70,67,71,60,68,69
4341,CBCA202,74,67,61,71,72,58,67,69
4341,CBCA203,70,76,64,77,72,74,72,69
4341,CBCA204,72,71,70,66,72,68,70,69
4342,CBCA201,16,12,19,17,23,14,17,20
4342,CBCA202,24,21,21,21,21,11,20,20
4342,CBCA203,21,30,16,20,20,27,22,20
4342,CBCA204,15,14,14,32,20,22,20,20
4343,CBCA201,58,71,71,68,64,71,67,69
4343,CBCA202,68,73,66,65,66,65,67,69
4343,CBCA203,68,74,75,75,71,80,74,69
4343,CBCA204,63,63,71,71,75,67,68,69
4344,CBCA201,51,48,55,64,48,65,55,58
4344,CBCA202,57,66,54,58,64,53,59,58
4344,CBCA203,64,57,62,57,52,60,59,58
4344,CBCA204,55,54,51,67,60,64,59,58
4345,CBCA201,51,53,54,56,52,57,54,55
4345,CBCA202,46,52,53,61,57,48,53,55
4345,CBCA203,57,62,58,47,49,62,56,55
4345,CBCA204,59,68,53,55,54,55,57,55
4346,CBCA201,5,23,12,14,13,14,14,15
4346,CBCA202,15,19,18,9,16,7,14,15
4346,CBCA203,22,18,7,19,14,16,16,15
4346,CBCA204,17,15,16,20,17,20,18,15
4347,CBCA201,85,96,90,83,87,95,89,88
4347,CBCA202,94,85,83,93,92,88,89,88
4347,CBCA203,90,80,81,81,97,81,85,88
4347,CBCA204,99,99,86,86,90,79,90,88
4348,CBCA201,33,40,41,31,32,24,34,33
4348,CBCA202,33,35,23,26,29,30,29,33
4348,CBCA203,39,26,25,30,39,32,32,33
4348,CBCA204,40,39,29,39,31,44,37,33
4349,CBCA201,58,63,52,56,48,56,56,52
4349,CBCA202,55,47,57,53,48,56,53,52
4349,CBCA203,48,49,54,49,50,49,50,52
4349,CBCA204,51,43,51,47,49,47,48,52
4350,CBCA201,87,71,84,84,86,87,83,82
4350,CBCA202,85,76,77,88,80,72,80,82
4350,CBCA203,81,80,81,71,84,80,80,82
4350,CBCA204,82,84,87,85,80,86,84,82
4351,CBCA201,64,72,74,81,72,72,73,72
4351,CBCA202,75,67,65,71,78,72,71,72
4351,CBCA203,79,76,68,76,71,68,73,72
4351,CBCA204,62,67,73,75,77,64,70,72
4352,CBCA201,26,37,32,22,36,27,30,30
4352,CBCA202,36,24,32,35,25,37,32,30
4352,CBCA203,26,27,26,32,34,26,29,30
4352,CBCA204,28,39,27,33,31,28,31,30
4353,CBCA201,66,79,77,72,69,61,71,70
4353,CBCA202,77,69,72,71,78,67,72,70
4353,CBCA203,67,79,78,60,76,61,70,70
4353,CBCA204,62,62,71,69,66,72,67,70
4354,CBCA201,57,50,49,63,63,64,58,58
4354,CBCA202,60,59,62,63,49,60,59,58
4354,CBCA203,58,53,60,54,63,63,59,58
4354,CBCA204,59,57,50,59,58,54,56,58
4355,CBCA201,14,11,7,11,11,8,10,12
4355,CBCA202,18,11,6,4,6,6,9,12
4355,CBCA203,14,14,11,15,10,10,12,12
4355,CBCA204,20,12,23,16,4,19,16,12
4356,CBCA201,5,0,0,5,0,0,2,3
4356,CBCA202,0,0,1,2,10,0,2,3
4356,CBCA203,4,6,0,0,0,13,4,3
4356,CBCA204,0,3,3,4,11,14,6,3
4357,CBCA201,89,97,100,100,100,100,98,97
4357,CBCA202,93,92,100,94,100,100,97,97
4357,CBCA203,97,100,91,95,96,96,96,97
4357,CBCA204,100,96,96,96,99,96,97,97
4358,CBCA201,46,44,46,48,40,43,45,45
4358,CBCA202,36,49,35,46,34,42,40,45
4358,CBCA203,40,49,48,47,46,48,46,45
4358,CBCA204,53,48,49,49,46,39,47,45
4359,CBCA201,55,41,51,46,42,48,47,50
4359,CBCA202,43,54,58,54,50,45,51,50
4359,CBCA203,55,47,46,53,43,57,50,50
4359,CBCA204,43,56,49,58,56,42,51,50
4360,CBCA201,92,87,100,99,89,97,94,93
4360,CBCA202,92,96,92,90,91,91,92,93
4360,CBCA203,91,93,89,99,100,83,93,93
4360,CBCA204,92,100,87,91,98,92,93,93
4361,CBCA201,75,71,71,82,75,73,75,74
4361,CBCA202,73,80,80,86,76,73,78,74
4361,CBCA203,74,69,83,70,72,80,75,74
4361,CBCA204,66,76,71,68,69,71,70,74
4362,CBCA201,54,51,53,52,42,46,50,49
4362,CBCA202,46,42,51,56,40,51,48,49
4362,CBCA203,46,50,46,48,44,57,49,49
4362,CBCA204,49,51,48,51,60,40,50,49
4363,CBCA201,96,90,100,99,90,91,94,95
4363,CBCA202,93,97,95,100,93,94,95,95
4363,CBCA203,100,98,89,85,97,95,94,95
4363,CBCA204,95,95,96,97,99,95,96,95
4364,CBCA201,52,59,59,53,50,55,55,56
4364,CBCA202,54,54,62,57,53,50,55,56
4364,CBCA203,52,60,61,59,63,55,58,56
4364,CBCA204,63,52,55,58,56,53,56,56
4365,CBCA201,55,58,50,57,47,62,55,54
4365,CBCA202,52,51,54,64,51,58,55,54
4365,CBCA203,56,54,50,52,58,49,53,54
4365,CBCA204,63,53,48,53,60,46,54,54
4366,CBCA201,40,39,44,43,41,33,40,37
4366,CBCA202,46,33,35,39,34,36,37,37
4366,CBCA203,33,46,31,40,29,41,37,37
4366,CBCA204,46,36,28,39,29,34,35,37
4367,CBCA201,54,59,56,59,61,54,57,59
4367,CBCA202,69,59,60,67,50,59,61,59
4367,CBCA203,59,64,53,58,65,51,58,59
4367,CBCA204,54,59,51,62,66,56,58,59
4368,CBCA201,79,75,73,80,81,79,78,81
4368,CBCA202,74,83,88,83,84,81,82,81
4368,CBCA203,80,75,78,76,80,80,78,81
4368,CBCA204,90,81,87,76,81,89,84,81
4369,CBCA201,75,82,70,80,75,74,76,77
4369,CBCA202,71,80,70,87,73,72,76,77
4369,CBCA203,76,71,76,78,73,82,76,77
4369,CBCA204,82,89,81,83,81,69,81,77
4370,CBCA201,75,73,80,83,76,84,79,80
4370,CBCA202,81,75,74,91,80,85,81,80
4370,CBCA203,76,81,87,72,81,80,80,80
4370,CBCA204,75,84,79,83,83,89,82,80
4371,CBCA201,74,66,60,62,57,61,63,64
4371,CBCA202,65,60,74,61,62,63,64,64
4371,CBCA203,70,65,71,62,61,61,65,64
4371,CBCA204,60,62,69,65,62,56,62,64
4372,CBCA201,76,86,80,83,87,82,82,81
4372,CBCA202,74,87,82,81,78,75,80,81
4372,CBCA203,80,86,78,79,83,73,80,81
4372,CBCA204,75,77,89,84,83,84,82,81
4373,CBCA201,66,66,74,66,61,78,69,70
4373,CBCA202,64,80,75,69,61,72,70,70
4373,CBCA203,73,74,69,65,69,68,70,70
4373,CBCA204,67,70,65,71,77,73,71,70
4374,CBCA201,80,84,73,70,79,78,77,78
4374,CBCA202,76,77,82,75,85,87,80,78
4374,CBCA203,85,72,75,84,84,75,79,78
4374,CBCA204,80,76,76,74,73,77,76,78
4375,CBCA201,54,63,62,62,59,56,59,62
4375,CBCA202,62,66,65,62,59,54,61,62
4375,CBCA203,59,54,71,73,60,56,62,62
4375,CBCA204,67,68,54,62,71,69,65,62
4376,CBCA201,91,91,86,78,98,84,88,88
4376,CBCA202,89,91,91,81,88,77,86,88
4376,CBCA203,78,83,99,97,86,92,89,88
4376,CBCA204,78,97,93,91,77,93,88,88
4377,CBCA201,82,80,75,87,75,79,80,80
4377,CBCA202,88,83,76,80,74,76,80,80
4377,CBCA203,82,81,79,81,84,89,83,80
4377,CBCA204,82,75,74,89,78,75,79,80
4378,CBCA201,7,7,3,10,12,4,7,7
4378,CBCA202,11,0,12,12,6,6,8,7
4378,CBCA203,11,2,1,13,7,2,6,7
4378,CBCA204,10,9,10,11,5,7,9,7
4379,CBCA201,92,96,88,83,95,100,92,94
4379,CBCA202,100,96,92,100,95,98,97,94
4379,CBCA203,94,98,96,100,87,91,94,94
4379,CBCA204,94,93,95,89,93,86,92,94
4380,CBCA201,87,76,73,82,86,83,81,83
4380,CBCA202,86,91,82,84,88,87,86,83
4380,CBCA203,85,91,87,83,81,80,85,83
4380,CBCA204,76,82,85,89,80,78,82,83
4381,CBCA201,1,16,9,5,0,7,6,6
4381,CBCA202,3,8,7,8,14,0,7,6
4381,CBCA203,9,12,9,5,9,12,9,6
4381,CBCA204,3,1,0,1,7,5,3,6
4382,CBCA201,28,28,43,36,40,38,36,38
4382,CBCA202,45,46,40,34,33,35,39,38
4382,CBCA203,43,44,38,28,37,41,39,38
4382,CBCA204,27,40,36,41,37,45,38,38
4383,CBCA201,82,84,75,82,84,76,81,84
4383,CBCA202,83,83,87,79,81,86,83,84
4383,CBCA203,90,79,93,80,86,92,87,84
4383,CBCA204,84,81,90,88,83,85,85,84
4384,CBCA201,89,83,84,82,95,80,86,87
4384,CBCA202,96,85,81,89,88,88,88,87
4384,CBCA203,82,88,90,88,96,95,90,87
4384,CBCA204,93,85,85,77,80,93,86,87
4385,CBCA201,25,35,37,27,40,25,32,32
4385,CBCA202,41,29,23,27,41,32,32,32
4385,CBCA203,32,29,29,40,38,29,33,32
4385,CBCA204,29,37,23,39,36,24,31,32
4386,CBCA201,66,73,78,63,73,76,72,72
4386,CBCA202,73,65,67,70,68,79,70,72
4386,CBCA203,67,64,72,74,75,69,70,72
4386,CBCA204,70,82,78,76,68,75,75,72
4387,CBCA201,12,12,19,12,7,15,13,16
4387,CBCA202,11,24,24,19,21,17,19,16
4387,CBCA203,25,14,13,15,12,20,17,16
4387,CBCA204,20,19,19,6,10,11,14,16
4388,CBCA201,81,78,76,76,73,71,76,80
4388,CBCA202,91,88,81,76,75,82,82,80
4388,CBCA203,82,84,86,76,78,84,82,80
4388,CBCA204,89,84,74,84,77,84,82,80
4389,CBCA201,73,77,81,79,79,86,79,80
4389,CBCA202,82,80,84,79,83,86,82,80
4389,CBCA203,82,76,73,87,75,84,80,80
4389,CBCA204,75,77,84,78,77,79,78,80
4390,CBCA201,80,86,86,76,73,82,81,82
4390,CBCA202,94,85,83,85,85,82,86,82
4390,CBCA203,87,87,84,72,84,73,81,82
4390,CBCA204,88,74,81,85,71,84,81,82
4391,CBCA201,70,75,75,71,66,79,73,74
4391,CBCA202,81,64,76,70,76,78,74,74
4391,CBCA203,67,84,73,73,75,77,75,74
4391,CBCA204,66,68,75,74,82,74,73,74
4392,CBCA201,53,53,71,57,57,56,58,60
4392,CBCA202,62,62,60,54,58,59,59,60
4392,CBCA203,67,66,64,59,54,61,62,60
4392,CBCA204,63,60,55,61,65,67,62,60
4393,CBCA201,55,53,59,63,58,54,57,55
4393,CBCA202,50,65,54,62,55,54,57,55
4393,CBCA203,49,53,56,66,62,45,55,55
4393,CBCA204,49,43,60,53,48,64,53,55
4394,CBCA201,92,93,91,86,94,91,91,92
4394,CBCA202,95,86,86,100,96,98,94,92
4394,CBCA203,97,92,83,92,83,92,90,92
4394,CBCA204,84,96,98,100,81,92,92,92
4395,CBCA201,48,43,49,47,47,53,48,48
4395,CBCA202,39,48,56,47,48,45,47,48
4395,CBCA203,48,49,52,53,45,40,48,48
4395,CBCA204,55,47,52,50,42,42,48,48
4396,CBCA201,46,40,45,36,44,39,42,43
4396,CBCA202,32,44,42,45,45,41,42,43
4396,CBCA203,48,46,44,45,47,51,47,43
4396,CBCA204,42,37,34,42,47,47,42,43
4397,CBCA201,51,50,57,50,57,58,54,55
4397,CBCA202,62,47,60,62,59,52,57,55
4397,CBCA203,50,56,59,49,52,45,52,55
4397,CBCA204,63,46,54,56,60,59,56,55
4398,CBCA201,91,90,92,83,83,89,88,87
4398,CBCA202,91,87,87,90,85,88,88,87
4398,CBCA203,94,88,83,85,84,88,87,87
4398,CBCA204,89,88,91,86,83,79,86,87
4399,CBCA201,65,61,71,64,73,57,65,67
4399,CBCA202,68,63,77,68,72,61,68,67
4399,CBCA203,58,70,65,76,72,76,70,67
4399,CBCA204,63,72,69,62,66,56,65,67
4400,CBCA201,59,64,61,65,67,60,63,65
4400,CBCA202,61,71,60,72,73,77,69,65
4400,CBCA203,63,63,70,60,71,71,66,65
4400,CBCA204,65,64,67,61,57,63,63,65
4401,CBCA201,67,85,69,71,77,71,73,76
4401,CBCA202,70,78,76,80,75,69,75,76
4401,CBCA203,71,78,84,79,76,77,78,76
4401,CBCA204,72,81,75,81,83,73,78,76
4402,CBCA201,65,60,56,65,60,61,61,60
4402,CBCA202,61,62,62,53,61,62,60,60
4402,CBCA203,55,61,67,56,64,65,61,60
4402,CBCA204,60,54,64,62,56,56,59,60
4403,CBCA201,55,68,68,62,69,52,62,61
4403,CBCA202,65,71,62,61,55,60,62,61
4403,CBCA203,57,67,66,55,66,57,61,61
4403,CBCA204,66,61,51,57,60,58,59,61
4404,CBCA201,76,62,66,68,70,66,68,71
4404,CBCA202,70,77,63,79,70,66,71,71
4404,CBCA203,70,72,81,61,73,78,73,71
4404,CBCA204,79,68,73,78,70,79,75,71
4405,CBCA201,72,66,63,66,67,73,68,69
4405,CBCA202,75,77,71,72,57,63,69,69
4405,CBCA203,76,63,65,71,67,67,68,69
4405,CBCA204,64,72,72,66,70,69,69,69
4406,CBCA201,94,95,94,95,94,100,95,96
4406,CBCA202,94,96,91,90,96,100,95,96
4406,CBCA203,97,91,88,88,99,100,94,96
4406,CBCA204,100,97,100,100,97,100,99,96
4407,CBCA201,78,86,88,76,78,79,81,84
4407,CBCA202,86,86,91,79,90,90,87,84
4407,CBCA203,83,87,82,78,82,89,84,84
4407,CBCA204,82,88,83,80,86,92,85,84
4408,CBCA201,77,78,93,84,80,83,83,82
4408,CBCA202,70,77,81,82,85,73,78,82
4408,CBCA203,87,89,82,85,84,88,86,82
4408,CBCA204,80,83,88,79,79,80,82,82
4409,CBCA201,75,78,83,78,71,91,79,81
4409,CBCA202,91,78,85,81,75,78,81,81
4409,CBCA203,85,79,88,82,80,85,83,81
4409,CBCA204,78,82,79,75,75,82,79,81
4410,CBCA201,69,74,71,66,61,66,68,71
4410,CBCA202,74,79,76,70,79,74,75,71
4410,CBCA203,64,78,62,70,68,68,68,71
4410,CBCA204,72,65,72,79,67,73,71,71
4411,CBCA201,59,63,60,61,55,65,61,62
4411,CBCA202,57,71,64,66,55,58,62,62
4411,CBCA203,63,67,63,63,55,60,62,62
4411,CBCA204,61,70,71,65,56,71,66,62
4412,CBCA201,61,72,69,75,72,61,68,68
4412,CBCA202,68,65,61,62,78,73,68,68
4412,CBCA203,64,72,67,67,68,61,67,68
4412,CBCA204,62,66,67,69,75,70,68,68
4413,CBCA201,60,68,66,69,71,61,66,67
4413,CBCA202,56,62,68,66,64,76,65,67
4413,CBCA203,68,75,67,70,62,72,69,67
4413,CBCA204,63,67,64,67,68,71,67,67
4414,CBCA201,19,21,24,9,13,21,18,18
4414,CBCA202,21,17,15,9,12,24,16,18
4414,CBCA203,19,20,17,13,25,24,20,18
4414,CBCA204,20,21,13,17,9,24,17,18
4415,CBCA201,67,70,67,72,71,73,70,73
4415,CBCA202,79,63,71,74,78,73,73,73
4415,CBCA203,72,72,77,79,70,76,74,73
4415,CBCA204,71,79,71,79,62,81,74,73
4416,CBCA201,75,68,65,67,65,63,67,68
4416,CBCA202,68,78,64,65,78,68,70,68
4416,CBCA203,79,78,59,64,68,70,70,68
4416,CBCA204,61,66,74,61,68,61,65,68
4417,CBCA201,45,32,37,28,41,41,37,39
4417,CBCA202,47,33,36,34,42,34,38,39
4417,CBCA203,49,36,43,34,34,40,39,39
4417,CBCA204,40,35,39,40,49,38,40,39
4418,CBCA201,56,71,63,62,59,69,63,66
4418,CBCA202,76,67,57,75,61,74,68,66
4418,CBCA203,70,70,59,65,59,61,64,66
4418,CBCA204,68,72,70,66,65,64,68,66
4419,CBCA201,40,34,35,36,38,37,37,38
4419,CBCA202,34,37,37,43,30,42,37,38
4419,CBCA203,36,36,33,48,32,44,38,38
4419,CBCA204,34,42,43,48,41,34,40,38
4420,CBCA201,89,82,86,83,90,94,87,85
4420,CBCA202,96,93,86,87,84,77,87,85
4420,CBCA203,79,84,84,86,75,81,82,85
4420,CBCA204,82,85,83,82,79,91,84,85
4421,CBCA201,33,30,35,29,41,34,34,35
4421,CBCA202,39,40,41,27,44,32,37,35
4421,CBCA203,38,34,43,28,31,32,34,35
4421,CBCA204,31,37,41,30,34,42,36,35
4422,CBCA201,74,91,86,87,94,85,86,87
4422,CBCA202,83,86,91,91,84,87,87,87
4422,CBCA203,85,78,92,85,86,80,84,87
4422,CBCA204,92,92,82,91,93,88,90,87
4423,CBCA201,64,66,68,54,52,71,63,60
4423,CBCA202,66,63,55,64,70,56,62,60
4423,CBCA203,56,52,64,54,59,58,57,60
4423,CBCA204,62,58,51,64,52,59,58,60
4424,CBCA201,43,41,43,33,40,45,41,44
4424,CBCA202,44,41,42,48,45,43,44,44
4424,CBCA203,41,39,37,49,43,51,43,44
4424,CBCA204,46,45,52,48,44,45,47,44
4425,CBCA201,38,26,27,31,29,33,31,29
4425,CBCA202,26,32,26,22,28,33,28,29
4425,CBCA203,36,24,32,37,28,32,32,29
4425,CBCA204,24,24,24,38,19,26,26,29
4426,CBCA201,62,53,65,64,56,59,60,58
4426,CBCA202,54,61,50,66,68,53,59,58
4426,CBCA203,62,67,57,51,65,58,60,58
4426,CBCA204,60,64,46,53,51,53,55,58
4427,CBCA201,70,64,72,71,65,62,67,69
4427,CBCA202,71,64,61,66,66,67,66,69
4427,CBCA203,78,66,62,68,67,69,68,69
4427,CBCA204,69,77,70,71,73,77,73,69
4428,CBCA201,50,59,69,58,62,55,59,60
4428,CBCA202,59,66,64,53,66,57,61,60
4428,CBCA203,62,63,53,68,66,60,62,60
4428,CBCA204,63,60,54,64,59,53,59,60
4429,CBCA201,34,32,33,38,29,26,32,35
4429,CBCA202,33,32,38,28,26,33,32,35
4429,CBCA203,30,37,43,36,38,27,35,35
4429,CBCA204,44,36,42,34,42,41,40,35
4430,CBCA201,68,55,66,59,58,56,60,60
4430,CBCA202,53,55,60,72,63,69,62,60
4430,CBCA203,53,58,60,60,62,65,60,60
4430,CBCA204,54,58,62,59,65,58,59,60
4431,CBCA201,58,60,62,66,53,49,58,60
4431,CBCA202,51,62,70,58,68,61,62,60
4431,CBCA203,70,58,58,55,56,60,60,60
4431,CBCA204,61,63,52,65,61,56,60,60
4432,CBCA201,90,81,82,79,79,86,83,86
4432,CBCA202,84,92,88,93,86,96,90,86
4432,CBCA203,82,81,91,84,81,90,85,86
4432,CBCA204,92,90,88,87,81,86,87,86
4433,CBCA201,37,30,38,30,29,36,33,35
4433,CBCA202,32,32,37,34,32,33,33,35
4433,CBCA203,39,35,32,40,34,38,36,35
4433,CBCA204,38,38,42,31,27,34,35,35
4434,CBCA201,72,69,72,79,64,78,72,71
4434,CBCA202,67,68,67,75,78,69,71,71
4434,CBCA203,73,75,67,77,59,73,71,71
4434,CBCA204,71,74,71,63,69,70,70,71
4435,CBCA201,50,54,55,46,48,53,51,53
4435,CBCA202,59,49,48,48,65,56,54,53
4435,CBCA203,44,46,56,49,60,58,52,53
4435,CBCA204,56,49,58,63,50,50,54,53
4436,CBCA201,8,7,2,7,1,6,5,4
4436,CBCA202,4,1,11,2,6,0,4,4
4436,CBCA203,2,1,3,8,5,3,4,4
4436,CBCA204,1,8,0,4,11,3,5,4
4437,CBCA201,61,65,67,67,71,69,67,64
4437,CBCA202,58,62,67,60,61,64,62,64
4437,CBCA203,77,62,57,70,72,67,68,64
4437,CBCA204,60,62,68,59,61,59,62,64
4438,CBCA201,33,37,42,47,45,37,40,40
4438,CBCA202,31,33,34,38,31,43,35,40
4438,CBCA203,42,50,38,45,49,43,45,40
4438,CBCA204,41,36,38,51,42,37,41,40
4439,CBCA201,62,59,61,57,64,64,61,56
4439,CBCA202,58,57,53,48,48,57,54,56
4439,CBCA203,63,57,56,48,61,53,56,56
4439,CBCA204,42,57,59,52,50,55,53,56
4440,CBCA201,56,46,44,57,48,58,52,54
4440,CBCA202,61,52,50,65,52,60,57,54
4440,CBCA203,58,47,50,58,46,62,54,54
4440,CBCA204,57,59,51,53,53,54,55,54
4441,CBCA201,87,84,88,91,75,81,84,85
4441,CBCA202,82,86,84,82,87,92,86,85
4441,CBCA203,89,90,92,85,86,83,88,85
4441,CBCA204,91,83,93,84,79,77,85,85
4442,CBCA201,85,78,77,75,82,78,79,76
4442,CBCA202,78,76,68,74,74,71,74,76
4442,CBCA203,77,67,83,75,82,69,76,76
4442,CBCA204,71,68,78,76,83,70,74,76
4443,CBCA201,58,69,65,55,58,69,62,60
4443,CBCA202,68,53,62,56,63,64,61,60
4443,CBCA203,59,55,65,66,61,57,61,60
4443,CBCA204,60,57,53,60,58,58,58,60
4444,CBCA201,63,49,60,53,57,54,56,55
4444,CBCA202,50,51,57,57,58,49,54,55
4444,CBCA203,61,55,57,56,48,60,56,55
4444,CBCA204,63,61,48,50,59,55,56,55
4445,CBCA201,58,65,67,67,68,62,65,62
4445,CBCA202,61,67,65,71,52,53,62,62
4445,CBCA203,58,63,64,64,69,64,64,62
4445,CBCA204,54,65,54,66,62,60,60,62
4446,CBCA201,65,49,63,58,64,46,58,55
4446,CBCA202,53,54,57,52,57,50,54,55
4446,CBCA203,54,45,59,58,62,53,55,55
4446,CBCA204,57,52,53,56,55,56,55,55
4447,CBCA201,60,54,62,59,55,68,60,62
4447,CBCA202,71,66,68,62,63,57,65,62
4447,CBCA203,67,67,54,69,60,65,64,62
4447,CBCA204,54,63,62,60,53,72,61,62
4448,CBCA201,88,92,81,76,81,87,84,88
4448,CBCA202,85,93,87,87,95,92,90,88
4448,CBCA203,94,89,94,96,81,83,90,88
4448,CBCA204,84,87,84,81,89,94,87,88
4449,CBCA201,98,97,96,98,100,100,98,97
4449,CBCA202,97,97,100,98,92,89,96,97
4449,CBCA203,100,88,100,100,91,97,96,97
4449,CBCA204,94,97,95,100,96,100,97,97
4450,CBCA201,85,85,87,85,80,77,83,83
4450,CBCA202,92,97,82,88,77,83,87,83
4450,CBCA203,86,78,81,75,77,79,79,83
4450,CBCA204,82,80,84,79,85,84,82,83
4451,CBCA201,77,87,89,90,74,79,83,82
4451,CBCA202,90,82,80,81,86,79,83,82
4451,CBCA203,90,73,89,83,79,77,82,82
4451,CBCA204,76,78,80,82,78,79,79,82
4452,CBCA201,59,56,51,52,55,43,53,52
4452,CBCA202,52,44,57,50,56,49,51,52
4452,CBCA203,47,49,54,44,52,52,50,52
4452,CBCA204,53,55,54,50,53,57,54,52
4453,CBCA201,100,96,93,85,91,93,93,91
4453,CBCA202,96,90,84,85,90,93,90,91
4453,CBCA203,90,93,94,87,85,92,90,91
4453,CBCA204,85,88,82,96,95,93,90,91
4454,CBCA201,86,74,76,83,75,85,80,79
4454,CBCA202,75,73,78,84,69,74,76,79
4454,CBCA203,86,86,72,86,73,86,82,79
4454,CBCA204,79,80,87,76,83,81,81,79
4455,CBCA201,22,14,28,23,17,26,22,20
4455,CBCA202,14,15,22,14,20,22,18,20
4455,CBCA203,27,20,23,15,19,16,20,20
4455,CBCA204,14,29,27,16,24,24,22,20
4456,CBCA201,62,60,66,54,61,66,62,59
4456,CBCA202,58,72,61,58,66,58,62,59
4456,CBCA203,50,58,59,67,65,59,60,59
4456,CBCA204,53,51,56,51,59,53,54,59
4457,CBCA201,61,57,52,61,55,61,58,52
4457,CBCA202,53,47,45,46,41,54,48,52
4457,CBCA203,45,58,55,53,49,53,52,52
4457,CBCA204,51,49,56,46,55,43,50,52
4458,CBCA201,59,63,60,58,59,53,59,56
4458,CBCA202,63,54,57,52,59,49,56,56
4458,CBCA203,52,47,52,58,64,64,56,56
4458,CBCA204,61,51,60,50,50,60,55,56
4459,CBCA201,60,70,58,49,60,53,58,60
4459,CBCA202,55,59,56,60,60,62,59,60
4459,CBCA203,57,53,67,70,57,64,61,60
4459,CBCA204,60,63,60,63,60,62,61,60
4460,CBCA201,71,82,83,80,72,64,75,75
4460,CBCA202,75,66,84,70,81,77,76,75
4460,CBCA203,78,74,77,77,71,63,73,75
4460,CBCA204,74,77,69,65,81,85,75,75
4461,CBCA201,71,66,77,64,71,59,68,68
4461,CBCA202,75,70,58,74,71,68,69,68
4461,CBCA203,71,77,66,75,62,69,70,68
4461,CBCA204,66,62,62,67,73,69,67,68
4462,CBCA201,51,48,46,47,43,50,48,48
4462,CBCA202,51,42,47,46,46,49,47,48
4462,CBCA203,41,52,43,44,58,54,49,48
4462,CBCA204,59,49,51,48,43,53,51,48
4463,CBCA201,55,64,63,64,59,72,63,63
4463,CBCA202,62,54,67,68,58,64,62,63
4463,CBCA203,64,57,65,70,65,67,65,63
4463,CBCA204,58,64,68,57,64,69,63,63
4464,CBCA201,52,50,50,60,57,59,55,55
4464,CBCA202,52,55,55,56,60,60,56,55
4464,CBCA203,59,60,52,54,59,51,56,55
4464,CBCA204,52,60,51,52,55,60,55,55
4465,CBCA201,62,60,60,55,52,65,59,58
4465,CBCA202,62,53,58,60,54,59,58,58
4465,CBCA203,54,50,59,67,54,62,58,58
4465,CBCA204,58,55,50,60,56,66,58,58
4466,CBCA201,60,57,57,59,61,57,59,57
4466,CBCA202,54,61,60,54,54,58,57,57
4466,CBCA203,65,60,57,66,55,47,58,57
4466,CBCA204,51,56,55,47,60,66,56,57
4467,CBCA201,38,26,29,31,40,38,34,32
4467,CBCA202,36,28,21,30,38,36,32,32
4467,CBCA203,31,34,39,25,32,29,32,32
4467,CBCA204,32,29,27,36,30,28,30,32
4468,CBCA201,87,87,88,81,88,91,87,86
4468,CBCA202,79,85,96,86,81,80,85,86
4468,CBCA203,83,84,85,85,87,90,86,86
4468,CBCA204,81,75,89,95,87,89,86,86
4469,CBCA201,58,66,64,59,59,69,63,62
4469,CBCA202,67,56,58,59,66,69,63,62
4469,CBCA203,61,61,58,59,58,52,58,62
4469,CBCA204,65,66,67,70,63,61,65,62
4470,CBCA201,78,73,78,73,73,78,76,79
4470,CBCA202,76,82,85,80,85,88,83,79
4470,CBCA203,77,82,76,84,78,76,79,79
4470,CBCA204,79,76,76,79,75,85,78,79
4471,CBCA201,84,72,89,79,76,80,80,79
4471,CBCA202,78,75,74,81,88,78,79,79
4471,CBCA203,79,78,90,79,74,86,81,79
4471,CBCA204,77,73,76,72,76,75,75,79
4472,CBCA201,39,36,38,43,35,39,38,35
4472,CBCA202,33,38,40,29,38,32,35,35
4472,CBCA203,41,33,35,27,36,38,35,35
4472,CBCA204,30,28,30,35,38,35,33,35
4473,CBCA201,91,79,71,86,85,87,83,80
4473,CBCA202,80,87,71,77,71,72,76,80
4473,CBCA203,74,89,81,85,85,84,83,80
4473,CBCA204,82,76,75,77,87,79,79,80
4474,CBCA201,42,47,56,54,53,50,50,51
4474,CBCA202,53,55,52,57,56,52,54,51
4474,CBCA203,58,50,46,41,43,48,48,51
4474,CBCA204,42,46,57,51,50,56,50,51
4475,CBCA201,35,40,27,29,33,32,33,30
4475,CBCA202,32,20,26,21,22,34,26,30
4475,CBCA203,23,27,32,32,28,28,28,30
4475,CBCA204,31,38,31,35,27,31,32,30
4476,CBCA201,40,52,46,48,47,47,47,48
4476,CBCA202,51,48,52,50,53,45,50,48
4476,CBCA203,40,47,47,58,45,49,48,48
4476,CBCA204,55,54,49,42,50,48,50,48
4477,CBCA201,74,84,85,90,92,90,86,85
4477,CBCA202,94,90,79,84,80,77,84,85
4477,CBCA203,91,82,91,81,84,83,85,85
4477,CBCA204,76,83,86,88,91,89,86,85
4478,CBCA201,70,65,69,62,62,74,67,66
4478,CBCA202,68,68,62,75,63,65,67,66
4478,CBCA203,71,66,73,63,68,71,69,66
4478,CBCA204,66,63,66,58,63,60,63,66
4479,CBCA201,63,53,60,55,53,67,59,56
4479,CBCA202,56,60,50,55,54,57,55,56
4479,CBCA203,54,54,58,61,54,61,57,56
4479,CBCA204,55,58,53,48,53,60,55,56
4480,CBCA201,80,74,77,84,71,84,78,79
4480,CBCA202,82,81,79,74,78,85,80,79
4480,CBCA203,78,77,85,73,79,81,79,79
4480,CBCA204,83,78,75,78,76,76,78,79
4481,CBCA201,69,76,77,81,74,69,74,75
4481,CBCA202,77,83,75,79,78,76,78,75
4481,CBCA203,81,68,73,79,66,71,73,75
4481,CBCA204,77,74,72,65,71,78,73,75
4482,CBCA201,85,81,84,93,77,80,83,85
4482,CBCA202,88,87,91,86,89,88,88,85
4482,CBCA203,77,81,85,83,90,87,84,85
4482,CBCA204,88,86,91,78,92,76,85,85
4483,CBCA201,39,49,35,53,36,35,41,44
4483,CBCA202,51,41,38,50,36,44,43,44
4483,CBCA203,41,47,52,46,46,49,47,44
4483,CBCA204,48,42,55,48,37,40,45,44
4484,CBCA201,26,16,23,18,26,20,22,22
4484,CBCA202,14,15,31,21,20,23,21,22
4484,CBCA203,23,25,16,13,24,21,20,22
4484,CBCA204,27,26,29,25,20,28,26,22
4485,CBCA201,85,81,74,78,79,73,78,78
4485,CBCA202,70,77,81,78,77,78,77,78
4485,CBCA203,83,80,77,72,69,85,78,78
4485,CBCA204,83,76,86,68,88,76,80,78
4486,CBCA201,61,63,49,64,66,63,61,60
4486,CBCA202,57,55,58,55,57,53,56,60
4486,CBCA203,60,54,65,55,62,67,61,60
4486,CBCA204,56,64,60,60,68,71,63,60
4487,CBCA201,38,38,31,43,37,33,37,37
4487,CBCA202,28,46,42,41,41,43,40,37
4487,CBCA203,44,27,37,39,37,31,36,37
4487,CBCA204,34,38,41,30,37,39,37,37
4488,CBCA201,55,59,61,56,52,59,57,57
4488,CBCA202,50,54,54,64,63,65,58,57
4488,CBCA203,53,60,55,49,46,60,54,57
4488,CBCA204,61,65,63,57,50,58,59,57
4489,CBCA201,66,79,68,73,64,71,70,74
4489,CBCA202,70,73,80,71,67,83,74,74
4489,CBCA203,71,65,73,86,79,85,77,74
4489,CBCA204,73,81,74,77,66,72,74,74
4490,CBCA201,63,70,71,68,66,70,68,65
4490,CBCA202,63,68,64,69,64,60,65,65
4490,CBCA203,69,69,61,65,59,59,64,65
4490,CBCA204,68,59,68,73,57,66,65,65
4491,CBCA201,96,97,94,97,99,96,97,97
4491,CBCA202,100,96,100,100,96,92,97,97
4491,CBCA203,95,97,100,100,100,100,99,97
4491,CBCA204,99,92,97,100,92,96,96,97
4492,CBCA201,54,57,58,66,52,69,59,61
4492,CBCA202,58,67,58,57,67,62,62,61
4492,CBCA203,59,68,65,56,62,61,62,61
4492,CBCA204,59,59,65,60,63,68,62,61
4493,CBCA201,86,90,80,83,79,73,82,83
4493,CBCA202,87,84,73,83,84,77,81,83
4493,CBCA203,87,78,78,84,91,89,85,83
4493,CBCA204,83,86,86,82,92,83,85,83
4494,CBCA201,85,89,98,97,80,94,91,90
4494,CBCA202,94,86,89,89,90,98,91,90
4494,CBCA203,84,86,95,83,89,92,88,90
4494,CBCA204,87,92,81,92,92,100,91,90
4495,CBCA201,48,53,50,64,57,56,55,54
4495,CBCA202,51,52,56,52,62,52,54,54
4495,CBCA203,47,61,56,58,56,51,55,54
4495,CBCA204,49,56,52,54,55,45,52,54
4496,CBCA201,73,65,78,70,68,62,69,70
4496,CBCA202,79,68,68,76,74,81,74,70
4496,CBCA203,62,68,63,79,66,69,68,70
4496,CBCA204,62,69,73,70,63,70,68,70
4497,CBCA201,51,48,58,50,59,52,53,53
4497,CBCA202,53,51,49,50,58,52,52,53
4497,CBCA203,49,55,55,56,47,56,53,53
4497,CBCA204,58,54,53,50,49,53,53,53
4498,CBCA201,18,9,13,18,16,24,16,14
4498,CBCA202,9,13,15,11,13,15,13,14
4498,CBCA203,11,17,9,15,17,8,13,14
4498,CBCA204,12,12,20,8,12,22,14,14
4499,CBCA201,38,26,30,43,35,34,34,37
4499,CBCA202,42,39,34,34,34,38,37,37
4499,CBCA203,34,45,41,41,43,33,40,37
4499,CBCA204,39,34,34,37,39,42,38,37
4500,CBCA201,88,86,83,85,84,96,87,91
4500,CBCA202,94,93,94,90,94,93,93,91
4500,CBCA203,97,94,97,94,91,85,93,91
4500,CBCA204,92,92,98,98,85,90,93,91
4501,CBCA201,51,50,43,51,55,48,50,54
4501,CBCA202,46,61,54,62,54,62,57,54
4501,CBCA203,51,54,47,58,58,54,54,54
4501,CBCA204,42,60,64,58,50,57,55,54
4502,CBCA201,96,84,92,96,90,88,91,89
4502,CBCA202,94,95,86,86,85,89,89,89
4502,CBCA203,87,87,88,87,84,90,87,89
4502,CBCA204,100,83,93,95,85,84,90,89
4503,CBCA201,57,64,65,67,65,67,64,64
4503,CBCA202,56,63,60,73,68,69,65,64
4503,CBCA203,56,57,72,59,63,70,63,64
4503,CBCA204,70,60,71,65,61,66,66,64
4504,CBCA201,23,21,35,34,41,37,32,32
4504,CBCA202,31,35,29,31,23,37,31,32
4504,CBCA203,35,34,26,34,28,36,32,32
4504,CBCA204,29,34,31,36,32,34,33,32
4505,CBCA201,63,60,67,65,64,62,64,64
4505,CBCA202,74,57,74,69,64,61,67,64
4505,CBCA203,75,62,71,61,71,63,67,64
4505,CBCA204,65,57,63,63,58,57,61,64
4506,CBCA201,82,78,83,78,76,84,80,83
4506,CBCA202,80,80,92,92,82,85,85,83
4506,CBCA203,77,85,79,77,91,85,82,83
4506,CBCA204,89,81,86,81,88,91,86,83
4507,CBCA201,61,53,67,57,54,62,59,60
4507,CBCA202,72,65,59,68,62,64,65,60
4507,CBCA203,58,68,61,64,62,56,62,60
4507,CBCA204,58,54,54,59,54,56,56,60
4508,CBCA201,53,49,58,53,58,46,53,53
4508,CBCA202,50,57,53,46,53,53,52,53
4508,CBCA203,60,57,55,58,48,53,55,53
4508,CBCA204,48,52,46,56,54,58,52,53
4509,CBCA201,51,56,51,53,49,60,53,52
4509,CBCA202,49,54,47,56,47,57,52,52
4509,CBCA203,48,54,59,48,45,58,52,52
4509,CBCA204,51,54,54,45,46,58,51,52
4510,CBCA201,57,50,55,56,46,51,53,56
4510,CBCA202,60,57,66,55,48,57,57,56
4510,CBCA203,52,48,48,64,60,53,54,56
4510,CBCA204,60,62,59,67,62,61,62,56
4511,CBCA201,90,84,85,80,92,89,87,86
4511,CBCA202,86,81,83,88,86,77,84,86
4511,CBCA203,87,84,88,93,95,95,90,86
4511,CBCA204,83,85,84,88,83,87,85,86
4512,CBCA201,87,83,100,91,90,92,91,92
4512,CBCA202,95,88,92,88,85,96,91,92
4512,CBCA203,94,86,99,90,92,100,94,92
4512,CBCA204,97,83,92,98,89,94,92,92
4513,CBCA201,27,29,31,32,37,29,31,29
4513,CBCA202,25,27,25,33,26,33,28,29
4513,CBCA203,30,32,34,21,23,26,28,29
4513,CBCA204,25,33,31,30,27,29,29,29
4514,CBCA201,70,79,85,83,77,83,80,80
4514,CBCA202,88,79,81,73,80,83,81,80
4514,CBCA203,75,78,88,82,90,82,83,80
4514,CBCA204,91,70,78,78,82,74,79,80
4515,CBCA201,72,86,83,71,66,81,77,76
4515,CBCA202,75,79,76,77,83,81,79,76
4515,CBCA203,72,71,68,79,72,74,73,76
4515,CBCA204,72,72,76,77,85,81,77,76
4516,CBCA201,59,52,59,61,68,64,61,57
4516,CBCA202,53,57,54,51,61,56,55,57
4516,CBCA203,56,54,54,57,54,66,57,57
4516,CBCA204,49,60,58,59,60,54,57,57
4517,CBCA201,76,80,96,84,94,79,85,86
4517,CBCA202,86,87,76,89,89,79,84,86
4517,CBCA203,93,89,82,88,83,90,88,86
4517,CBCA204,90,83,95,89,90,77,87,86
4518,CBCA201,56,59,65,53,54,53,57,59
4518,CBCA202,58,57,59,61,67,65,61,59
4518,CBCA203,62,69,54,55,66,52,60,59
4518,CBCA204,62,57,55,55,53,66,58,59
4519,CBCA201,85,75,82,73,81,82,80,79
4519,CBCA202,79,86,77,78,76,85,80,79
4519,CBCA203,83,83,72,74,73,76,77,79
4519,CBCA204,86,73,85,75,80,82,80,79
4520,CBCA201,71,60,59,73,67,60,65,66
4520,CBCA202,77,72,68,77,69,63,71,66
4520,CBCA203,68,66,56,68,62,62,64,66
4520,CBCA204,63,68,58,57,68,68,64,66
4521,CBCA201,79,80,91,86,78,78,82,80
4521,CBCA202,75,87,69,85,91,77,81,80
4521,CBCA203,79,71,82,84,73,79,78,80
4521,CBCA204,71,88,72,71,86,76,77,80
4522,CBCA201,81,71,80,72,74,77,76,77
4522,CBCA202,80,77,76,68,80,85,78,77
4522,CBCA203,78,73,80,81,76,78,78,77
4522,CBCA204,79,74,70,76,88,82,78,77
4523,CBCA201,59,60,60,50,50,51,55,53
4523,CBCA202,53,50,53,48,56,56,53,53
4523,CBCA203,47,46,57,51,52,60,52,53
4523,CBCA204,56,48,51,54,54,60,54,53
4524,CBCA201,82,91,80,81,82,88,84,85
4524,CBCA202,93,93,87,83,95,83,89,85
4524,CBCA203,78,79,78,83,80,88,81,85
4524,CBCA204,82,91,83,84,92,73,84,85
4525,CBCA201,54,61,62,51,49,65,57,58
4525,CBCA202,65,60,52,62,57,63,60,58
4525,CBCA203,61,60,49,49,67,62,58,58
4525,CBCA204,52,58,58,60,58,56,57,58
4526,CBCA201,62,72,74,83,75,79,74,72
4526,CBCA202,71,70,77,70,81,78,75,72
4526,CBCA203,75,72,70,61,67,65,68,72
4526,CBCA204,70,79,71,69,70,73,72,72
4527,CBCA201,61,49,57,46,55,51,53,51
4527,CBCA202,44,54,53,52,46,57,51,51
4527,CBCA203,52,52,50,47,50,48,50,51
4527,CBCA204,52,50,51,56,42,45,49,51
4528,CBCA201,83,88,72,76,76,78,79,80
4528,CBCA202,85,79,74,85,74,75,79,80
4528,CBCA203,82,85,89,82,88,71,83,80
4528,CBCA204,71,79,87,82,75,80,79,80
4529,CBCA201,58,62,60,65,67,70,64,62
4529,CBCA202,57,63,63,57,57,59,59,62
4529,CBCA203,69,55,61,64,70,54,62,62
4529,CBCA204,68,61,68,60,63,65,64,62
4530,CBCA201,81,96,90,84,80,83,86,84
4530,CBCA202,92,75,86,86,82,84,84,84
4530,CBCA203,92,82,80,84,77,83,83,84
4530,CBCA204,75,79,80,89,94,86,84,84
4531,CBCA201,59,47,58,48,52,53,53,54
4531,CBCA202,47,61,53,56,44,54,53,54
4531,CBCA203,62,58,61,49,64,47,57,54
4531,CBCA204,47,44,52,59,64,62,55,54
4532,CBCA201,88,85,87,88,86,85,87,88
4532,CBCA202,90,91,86,97,84,85,89,88
4532,CBCA203,95,82,83,91,92,92,89,88
4532,CBCA204,92,91,85,88,87,85,88,88
4533,CBCA201,47,50,38,45,51,55,48,49
4533,CBCA202,56,52,41,43,50,61,51,49
4533,CBCA203,49,53,50,58,42,39,49,49
4533,CBCA204,43,53,53,45,44,60,50,49
4534,CBCA201,57,73,79,58,59,67,66,65
4534,CBCA202,64,74,76,75,63,65,70,65
4534,CBCA203,57,67,62,59,65,62,62,65
4534,CBCA204,60,63,66,63,59,69,63,65
4535,CBCA201,26,30,17,31,27,31,27,28
4535,CBCA202,24,22,27,27,37,22,27,28
4535,CBCA203,33,30,25,31,38,27,31,28
4535,CBCA204,24,28,30,30,32,20,27,28
4536,CBCA201,23,18,31,13,21,12,20,22
4536,CBCA202,28,15,20,18,24,21,21,22
4536,CBCA203,26,28,31,23,23,17,25,22
4536,CBCA204,20,28,27,18,17,19,22,22
4537,CBCA201,58,54,45,49,59,44,52,53
4537,CBCA202,61,48,53,56,54,51,54,53
4537,CBCA203,54,51,55,62,49,49,53,53
4537,CBCA204,47,59,60,53,53,48,53,53
4538,CBCA201,75,79,77,73,78,85,78,77
4538,CBCA202,76,73,87,74,77,68,76,77
4538,CBCA203,80,70,74,81,78,78,77,77
4538,CBCA204,72,78,69,79,78,84,77,77
4539,CBCA201,54,60,58,63,63,70,61,59
4539,CBCA202,51,58,66,53,54,52,56,59
4539,CBCA203,59,58,57,63,65,55,60,59
4539,CBCA204,56,62,53,60,59,61,59,59
4540,CBCA201,68,75,79,71,67,77,73,70
4540,CBCA202,62,66,73,76,72,68,70,70
4540,CBCA203,61,68,68,68,68,76,68,70
4540,CBCA204,71,65,68,73,66,75,70,70
4541,CBCA201,72,77,71,82,66,83,75,74
4541,CBCA202,68,77,74,68,65,66,70,74
4541,CBCA203,72,74,76,67,81,77,75,74
4541,CBCA204,75,80,70,84,79,78,78,74
4542,CBCA201,7,11,16,15,11,14,12,13
4542,CBCA202,18,17,16,12,14,16,16,13
4542,CBCA203,10,9,10,17,9,9,11,13
4542,CBCA204,13,17,14,8,14,8,12,13
4543,CBCA201,68,67,67,71,68,77,70,69
4543,CBCA202,68,65,66,71,65,74,68,69
4543,CBCA203,67,69,79,74,72,71,72,69
4543,CBCA204,60,61,70,66,69,68,66,69
4544,CBCA201,77,70,81,77,74,70,75,79
4544,CBCA202,86,82,83,85,84,78,83,79
4544,CBCA203,85,77,79,82,80,81,81,79
4544,CBCA204,77,71,83,76,83,80,78,79
4545,CBCA201,72,71,76,75,64,67,71,73
4545,CBCA202,76,72,73,81,71,66,73,73
4545,CBCA203,71,79,76,78,77,72,76,73
4545,CBCA204,70,75,79,63,72,81,73,73
4546,CBCA201,60,56,62,69,71,62,63,66
4546,CBCA202,69,58,69,58,65,76,66,66
4546,CBCA203,73,71,74,58,59,60,66,66
4546,CBCA204,71,62,71,70,67,64,68,66
4547,CBCA201,88,85,92,84,91,87,88,87
4547,CBCA202,89,82,85,93,91,80,87,87
4547,CBCA203,95,90,79,86,90,80,87,87
4547,CBCA204,89,96,96,84,89,78,89,87
4548,CBCA201,93,93,97,96,86,86,92,91
4548,CBCA202,94,91,95,93,78,92,91,91
4548,CBCA203,98,91,86,90,98,90,92,91
4548,CBCA204,92,92,82,93,98,84,90,91
4549,CBCA201,98,94,100,85,99,83,93,92
4549,CBCA202,95,98,96,84,97,93,94,92
4549,CBCA203,89,86,95,89,84,86,88,92
4549,CBCA204,94,89,93,98,100,86,93,92
4550,CBCA201,83,72,81,68,72,73,75,73
4550,CBCA202,69,63,66,68,79,74,70,73
4550,CBCA203,71,81,70,72,72,64,72,73
4550,CBCA204,75,75,82,78,67,67,74,73
4551,CBCA201,64,78,78,70,67,59,69,69
4551,CBCA202,69,63,76,75,62,72,70,69
4551,CBCA203,73,67,67,68,67,78,70,69
4551,CBCA204,68,70,75,70,68,62,69,69
4552,CBCA201,34,20,15,23,24,23,23,22
4552,CBCA202,18,22,21,25,23,26,23,22
4552,CBCA203,22,18,22,23,18,25,21,22
4552,CBCA204,22,28,19,20,21,23,22,22
4553,CBCA201,67,67,59,75,70,72,68,68
4553,CBCA202,72,68,64,65,73,61,67,68
4553,CBCA203,72,69,75,74,66,62,70,68
4553,CBCA204,63,66,68,63,65,71,66,68
4554,CBCA201,19,16,11,4,6,15,12,14
4554,CBCA202,20,13,14,11,18,10,14,14
4554,CBCA203,20,6,19,16,6,12,13,14
4554,CBCA204,17,14,20,12,12,14,15,14
4555,CBCA201,62,63,67,66,56,68,64,64
4555,CBCA202,58,69,69,64,68,67,66,64
4555,CBCA203,58,71,69,65,58,69,65,64
4555,CBCA204,61,68,67,65,61,58,63,64
4556,CBCA201,48,51,57,52,63,51,54,56
4556,CBCA202,58,53,64,56,55,58,57,56
4556,CBCA203,63,65,52,51,52,62,58,56
4556,CBCA204,60,60,54,47,56,58,56,56
4557,CBCA201,95,79,94,78,79,87,85,84
4557,CBCA202,80,84,87,78,76,84,82,84
4557,CBCA203,80,91,96,77,93,85,87,84
4557,CBCA204,87,77,85,87,88,80,84,84
4558,CBCA201,33,31,31,32,27,36,32,32
4558,CBCA202,37,22,32,36,30,35,32,32
4558,CBCA203,34,27,30,35,39,33,33,32
4558,CBCA204,37,31,21,26,37,29,30,32
4559,CBCA201,65,75,74,82,65,84,74,75
4559,CBCA202,70,74,75,73,81,75,75,75
4559,CBCA203,77,78,64,64,76,76,73,75
4559,CBCA204,75,74,80,79,85,85,80,75
4560,CBCA201,26,20,13,14,15,20,18,19
4560,CBCA202,23,18,25,23,13,14,19,19
4560,CBCA203,16,24,24,15,22,25,21,19
4560,CBCA204,17,18,27,23,13,17,19,19
4561,CBCA201,100,100,97,100,100,100,100,99
4561,CBCA202,100,100,97,100,100,99,99,99
4561,CBCA203,100,99,100,100,100,100,100,99
4561,CBCA204,95,99,100,94,97,100,98,99
4562,CBCA201,54,69,58,64,58,66,62,61
4562,CBCA202,67,64,70,71,51,61,64,61
4562,CBCA203,58,62,64,61,57,57,60,61
4562,CBCA204,50,61,68,52,49,61,57,61
4563,CBCA201,92,92,86,94,96,99,93,92
4563,CBCA202,94,92,84,90,89,93,90,92
4563,CBCA203,85,89,91,90,95,88,90,92
4563,CBCA204,94,100,83,96,99,97,95,92
4564,CBCA201,14,8,12,16,17,15,14,11
4564,CBCA202,18,9,5,1,14,18,11,11
4564,CBCA203,7,10,11,9,2,8,8,11
4564,CBCA204,6,7,14,15,10,15,11,11
4565,CBCA201,59,47,60,60,62,54,57,60
4565,CBCA202,66,68,64,52,52,64,61,60
4565,CBCA203,64,61,57,69,50,54,59,60
4565,CBCA204,66,63,63,67,53,60,62,60
4566,CBCA201,52,59,62,63,58,50,57,59
4566,CBCA202,56,60,60,65,60,60,60,59
4566,CBCA203,59,65,54,51,54,58,57,59
4566,CBCA204,64,52,64,60,62,57,60,59
4567,CBCA201,85,84,81,84,88,72,82,80
4567,CBCA202,74,78,82,87,82,83,81,80
4567,CBCA203,82,80,85,84,79,78,81,80
4567,CBCA204,70,80,76,82,76,77,77,80
4568,CBCA201,68,68,63,76,70,77,70,72
4568,CBCA202,77,78,76,66,65,79,74,72
4568,CBCA203,74,75,77,77,70,68,74,72
4568,CBCA204,72,72,74,74,69,69,72,72
4569,CBCA201,71,73,67,55,59,68,66,63
4569,CBCA202,68,63,59,66,67,68,65,63
4569,CBCA203,72,57,61,68,57,59,62,63
4569,CBCA204,57,55,75,60,61,55,61,63
4570,CBCA201,74,64,72,73,73,67,71,71
4570,CBCA202,72,73,67,65,73,77,71,71
4570,CBCA203,62,77,82,68,70,72,72,71
4570,CBCA204,72,72,81,77,66,65,72,71
4571,CBCA201,24,26,37,37,35,33,32,30
4571,CBCA202,29,36,31,26,27,23,29,30
4571,CBCA203,29,34,24,35,38,26,31,30
4571,CBCA204,33,27,28,27,26,27,28,30
4572,CBCA201,79,71,83,79,88,82,80,78
4572,CBCA202,84,80,76,78,78,80,79,78
4572,CBCA203,81,78,84,75,82,79,80,78
4572,CBCA204,71,85,67,68,68,82,74,78
4573,CBCA201,75,78,76,70,84,85,78,81
4573,CBCA202,78,76,84,86,92,79,83,81
4573,CBCA203,79,82,85,74,80,75,79,81
4573,CBCA204,84,83,87,82,82,85,84,81
4574,CBCA201,92,83,86,92,90,86,88,88
4574,CBCA202,91,85,90,82,93,87,88,88
4574,CBCA203,79,78,92,84,90,81,84,88
4574,CBCA204,88,96,98,93,94,82,92,88
4575,CBCA201,82,90,95,91,92,79,88,89
4575,CBCA202,80,90,97,89,96,92,91,89
4575,CBCA203,86,85,80,100,83,94,88,89
4575,CBCA204,92,85,94,88,89,96,91,89
4576,CBCA201,55,52,54,51,58,46,53,53
4576,CBCA202,55,53,61,53,43,51,53,53
4576,CBCA203,58,64,52,60,48,61,57,53
4576,CBCA204,48,51,51,52,51,53,51,53
4577,CBCA201,76,74,62,69,68,78,71,72
4577,CBCA202,75,75,75,72,77,77,75,72
4577,CBCA203,77,73,72,69,72,64,71,72
4577,CBCA204,72,70,84,67,68,70,72,72
4578,CBCA201,20,21,16,16,20,21,19,22
4578,CBCA202,21,27,26,21,25,26,24,22
4578,CBCA203,27,21,22,24,22,21,23,22
4578,CBCA204,18,11,21,31,27,13,20,22
4579,CBCA201,46,59,53,51,52,63,54,53
4579,CBCA202,49,49,45,57,52,54,51,53
4579,CBCA203,58,51,50,49,56,61,54,53
4579,CBCA204,50,59,48,50,62,52,54,53
4580,CBCA201,88,92,97,82,93,90,90,92
4580,CBCA202,94,94,96,89,87,99,93,92
4580,CBCA203,92,90,89,94,85,96,91,92
4580,CBCA204,92,83,90,92,100,94,92,92
4581,CBCA201,70,66,74,76,72,73,72,72
4581,CBCA202,71,68,73,73,75,74,72,72
4581,CBCA203,73,65,76,77,64,75,72,72
4581,CBCA204,66,72,74,71,67,77,71,72
4582,CBCA201,26,27,22,16,18,21,22,23
4582,CBCA202,24,22,32,32,15,19,24,23
4582,CBCA203,20,17,25,29,22,29,24,23
4582,CBCA204,21,23,15,25,22,25,22,23
4583,CBCA201,75,78,73,83,80,84,79,82
4583,CBCA202,71,82,87,79,84,87,82,82
4583,CBCA203,90,75,86,72,79,79,80,82
4583,CBCA204,85,73,90,91,84,89,85,82
4584,CBCA201,77,71,79,71,69,70,73,78
4584,CBCA202,80,85,79,88,75,87,82,78
4584,CBCA203,83,84,78,77,68,82,79,78
4584,CBCA204,81,82,69,84,88,74,80,78
4585,CBCA201,69,70,77,83,68,62,72,70
4585,CBCA202,67,66,67,75,67,65,68,70
4585,CBCA203,72,78,69,67,60,71,70,70
4585,CBCA204,67,72,68,76,68,78,72,70
4586,CBCA201,77,92,88,92,92,80,87,88
4586,CBCA202,86,88,92,80,90,87,87,88
4586,CBCA203,96,88,84,91,85,97,90,88
4586,CBCA204,81,93,85,93,84,79,86,88
4587,CBCA201,66,76,76,62,69,72,70,69
4587,CBCA202,68,63,65,72,74,70,69,69
4587,CBCA203,75,69,59,78,63,66,68,69
4587,CBCA204,69,69,61,78,67,72,69,69
4588,CBCA201,66,55,54,59,59,56,58,62
4588,CBCA202,54,68,63,67,56,69,63,62
4588,CBCA203,69,60,68,65,60,61,64,62
4588,CBCA204,67,67,62,62,60,59,63,62
4589,CBCA201,94,87,88,90,81,89,88,86
4589,CBCA202,86,80,81,90,80,80,83,86
4589,CBCA203,95,92,79,85,87,90,88,86
4589,CBCA204,80,82,93,85,89,78,85,86
4590,CBCA201,53,55,65,59,58,58,58,59
4590,CBCA202,48,63,58,62,62,57,58,59
4590,CBCA203,66,61,65,64,56,66,63,59
4590,CBCA204,67,60,56,62,56,48,58,59
4591,CBCA201,20,24,21,16,32,19,22,22
4591,CBCA202,30,20,21,24,24,18,23,22
4591,CBCA203,26,23,25,18,24,18,22,22
4591,CBCA204,21,23,21,13,14,21,19,22
4592,CBCA201,72,67,65,63,68,61,66,66
4592,CBCA202,59,64,69,78,64,67,67,66
4592,CBCA203,64,77,67,62,68,59,66,66
4592,CBCA204,61,63,74,71,61,71,67,66
4593,CBCA201,70,65,58,66,61,66,64,64
4593,CBCA202,62,72,63,64,59,55,63,64
4593,CBCA203,56,68,71,61,59,72,65,64
4593,CBCA204,68,68,64,69,58,68,66,64
4594,CBCA201,95,84,90,87,85,87,88,87
4594,CBCA202,84,90,97,90,79,81,87,87
4594,CBCA203,84,93,87,90,86,87,88,87
4594,CBCA204,91,85,76,83,91,84,85,87
4595,CBCA201,2,9,0,7,7,4,5,3
4595,CBCA202,0,12,10,8,1,9,7,3
4595,CBCA203,0,2,0,8,0,0,2,3
4595,CBCA204,0,0,0,0,0,2,0,3
4596,CBCA201,52,47,45,54,42,53,49,49
4596,CBCA202,48,47,57,54,45,43,49,49
4596,CBCA203,48,58,49,41,46,48,48,49
4596,CBCA204,49,50,53,56,46,53,51,49
4597,CBCA201,60,55,66,51,56,59,58,54
4597,CBCA202,46,44,56,56,51,50,51,54
4597,CBCA203,46,62,45,61,62,60,56,54
4597,CBCA204,53,53,51,55,47,52,52,54
4598,CBCA201,68,64,78,61,75,79,71,72
4598,CBCA202,76,70,73,84,70,64,73,72
4598,CBCA203,75,68,66,76,71,79,73,72
4598,CBCA204,70,79,72,67,71,73,72,72
4599,CBCA201,73,80,72,83,66,63,73,73
4599,CBCA202,75,65,82,64,72,75,72,73
4599,CBCA203,70,74,67,77,79,75,74,73
4599,CBCA204,68,68,76,70,73,74,72,73
4600,CBCA201,23,21,20,28,19,26,23,24
4600,CBCA202,28,24,22,20,25,21,23,24
4600,CBCA203,21,34,31,24,21,28,27,24
4600,CBCA204,19,28,29,20,32,21,25,24
4601,CBCA201,67,73,70,69,67,69,69,67
4601,CBCA202,65,71,62,66,65,65,66,67
4601,CBCA203,57,64,67,63,64,74,65,67
4601,CBCA204,71,76,66,62,79,63,70,67
4602,CBCA201,72,68,57,61,68,63,65,65
4602,CBCA202,59,60,63,63,68,64,63,65
4602,CBCA203,64,72,73,73,56,62,67,65
4602,CBCA204,67,58,59,73,68,66,65,65
4603,CBCA201,58,74,55,63,65,63,63,62
4603,CBCA202,63,65,56,52,64,64,61,62
4603,CBCA203,53,58,63,63,61,64,60,62
4603,CBCA204,67,57,67,58,68,59,63,62
4604,CBCA201,91,76,88,88,89,88,87,87
4604,CBCA202,94,90,81,93,91,89,90,87
4604,CBCA203,83,85,84,86,89,89,86,87
4604,CBCA204,87,83,93,87,82,83,86,87
4605,CBCA201,74,78,84,77,69,68,75,74
4605,CBCA202,79,68,67,73,78,70,73,74
4605,CBCA203,70,82,71,79,75,77,76,74
4605,CBCA204,76,72,72,70,79,72,74,74
4606,CBCA201,67,68,69,57,56,63,63,62
4606,CBCA202,67,58,71,56,59,60,62,62
4606,CBCA203,60,67,59,61,61,58,61,62
4606,CBCA204,71,60,65,53,66,63,63,62
4607,CBCA201,62,75,63,57,61,70,65,63
4607,CBCA202,56,64,58,67,61,55,60,63
4607,CBCA203,58,56,74,57,60,67,62,63
4607,CBCA204,67,67,55,69,65,66,65,63
4608,CBCA201,78,75,77,92,79,76,80,80
4608,CBCA202,77,83,75,80,78,73,78,80
4608,CBCA203,86,86,80,78,81,91,84,80
4608,CBCA204,88,82,78,77,83,70,80,80
4609,CBCA201,85,83,85,87,74,85,83,85
4609,CBCA202,83,83,85,82,80,86,83,85
4609,CBCA203,83,88,78,84,89,96,86,85
4609,CBCA204,84,92,89,84,80,85,86,85
4610,CBCA201,71,78,65,71,71,66,70,73
4610,CBCA202,73,79,71,65,64,78,72,73
4610,CBCA203,73,76,69,82,71,81,75,73
4610,CBCA204,75,78,70,76,68,72,73,73
4611,CBCA201,79,76,69,69,73,66,72,73
4611,CBCA202,75,66,77,72,79,74,74,73
4611,CBCA203,75,74,70,73,71,72,73,73
4611,CBCA204,72,74,72,68,86,76,75,73
4612,CBCA201,99,99,96,85,91,98,95,92
4612,CBCA202,81,93,91,87,93,91,89,92
4612,CBCA203,94,90,93,93,91,100,94,92
4612,CBCA204,90,98,93,83,98,91,92,92
4613,CBCA201,23,20,17,19,22,8,18,19
4613,CBCA202,23,30,13,25,21,26,23,19
4613,CBCA203,15,24,18,13,18,27,19,19
4613,CBCA204,27,19,13,12,14,13,16,19
4614,CBCA201,15,20,8,11,15,23,15,13
4614,CBCA202,10,9,16,20,13,9,13,13
4614,CBCA203,3,15,15,19,22,12,14,13
4614,CBCA204,11,8,11,13,10,14,11,13
4615,CBCA201,44,33,37,29,33,31,35,36
4615,CBCA202,42,39,40,28,44,43,39,36
4615,CBCA203,41,38,28,36,28,39,35,36
4615,CBCA204,30,39,33,26,36,37,34,36
4616,CBCA201,35,28,36,29,32,28,31,33
4616,CBCA202,37,33,26,39,33,39,35,33
4616,CBCA203,36,30,30,39,30,35,33,33
4616,CBCA204,26,37,34,39,24,37,33,33
4617,CBCA201,66,57,45,59,48,62,56,56
4617,CBCA202,61,51,57,53,58,54,56,56
4617,CBCA203,52,53,60,56,55,54,55,56
4617,CBCA204,59,52,61,54,53,53,55,56
4618,CBCA201,43,47,32,43,36,41,40,40
4618,CBCA202,33,36,48,41,44,43,41,40
4618,CBCA203,39,45,34,40,38,36,39,40
4618,CBCA204,34,40,49,39,37,31,38,40
4619,CBCA201,49,48,55,57,55,46,52,54
4619,CBCA202,61,60,60,54,50,54,57,54
4619,CBCA203,56,52,52,51,53,48,52,54
4619,CBCA204,59,60,47,56,60,55,56,54
4620,CBCA201,83,75,84,88,86,82,83,78
4620,CBCA202,72,81,70,83,75,85,78,78
4620,CBCA203,77,80,72,76,76,75,76,78
4620,CBCA204,81,78,75,72,73,79,76,78
4621,CBCA201,39,45,33,34,35,39,38,36
4621,CBCA202,28,31,35,34,34,33,33,36
4621,CBCA203,33,34,32,36,36,41,35,36
4621,CBCA204,39,44,35,40,43,34,39,36
4622,CBCA201,5,1,0,0,0,1,1,3
4622,CBCA202,0,0,1,0,0,10,2,3
4622,CBCA203,10,4,2,0,10,5,5,3
4622,CBCA204,4,2,0,0,3,6,3,3
4623,CBCA201,87,83,87,78,84,85,84,86
4623,CBCA202,83,83,94,79,85,96,87,86
4623,CBCA203,84,81,80,89,94,83,85,86
4623,CBCA204,82,90,91,87,81,95,88,86
4624,CBCA201,100,99,93,100,96,100,98,97
4624,CBCA202,100,97,95,100,100,97,98,97
4624,CBCA203,100,96,100,96,100,95,98,97
4624,CBCA204,100,93,94,96,90,100,96,97
4625,CBCA201,82,92,81,81,86,83,84,84
4625,CBCA202,81,85,86,77,87,79,83,84
4625,CBCA203,85,90,89,77,85,80,84,84
4625,CBCA204,78,74,90,90,79,87,83,84
4626,CBCA201,9,10,8,1,14,12,9,7
4626,CBCA202,7,13,1,1,2,7,5,7
4626,CBCA203,7,0,11,7,9,6,7,7
4626,CBCA204,9,0,10,11,14,3,8,7
4627,CBCA201,76,79,83,77,80,78,79,80
4627,CBCA202,91,79,78,84,88,73,82,80
4627,CBCA203,72,75,76,77,77,78,76,80
4627,CBCA204,85,77,77,85,81,88,82,80
4628,CBCA201,76,89,84,82,80,73,81,81
4628,CBCA202,90,78,86,78,84,81,83,81
4628,CBCA203,84,70,83,83,80,74,79,81
4628,CBCA204,86,86,79,86,76,84,83,81
4629,CBCA201,44,51,40,49,50,55,48,49
4629,CBCA202,51,45,54,53,44,49,49,49
4629,CBCA203,57,37,41,57,59,49,50,49
4629,CBCA204,45,60,42,40,52,45,47,49
4630,CBCA201,100,92,96,100,94,96,96,95
4630,CBCA202,98,100,91,87,87,93,93,95
4630,CBCA203,94,91,99,94,100,98,96,95
4630,CBCA204,95,88,96,97,93,94,94,95
4631,CBCA201,67,70,63,64,72,71,68,69
4631,CBCA202,65,60,75,70,74,74,70,69
4631,CBCA203,76,74,76,63,73,58,70,69
4631,CBCA204,69,77,58,63,65,75,68,69
4632,CBCA201,76,83,80,74,78,82,79,80
4632,CBCA202,84,78,92,71,79,76,80,80
4632,CBCA203,78,83,81,85,78,82,81,80
4632,CBCA204,87,77,76,85,82,79,81,80
4633,CBCA201,61,65,57,63,51,48,58,56
4633,CBCA202,62,60,53,51,54,54,56,56
4633,CBCA203,61,55,55,45,56,52,54,56
4633,CBCA204,57,53,56,58,61,51,56,56
4634,CBCA201,60,70,63,62,72,72,67,66
4634,CBCA202,56,67,62,66,72,75,66,66
4634,CBCA203,56,65,71,70,60,68,65,66
4634,CBCA204,64,69,60,75,66,63,66,66
4635,CBCA201,94,95,90,84,88,89,90,90
4635,CBCA202,90,86,90,95,85,95,90,90
4635,CBCA203,95,80,94,89,85,86,88,90
4635,CBCA204,91,92,88,84,98,94,91,90
4636,CBCA201,21,20,20,31,29,22,24,25
4636,CBCA202,28,22,20,33,27,17,25,25
4636,CBCA203,23,32,22,23,18,25,24,25
4636,CBCA204,19,33,31,20,28,25,26,25
4637,CBCA201,79,85,84,73,76,71,78,77
4637,CBCA202,74,71,81,78,74,71,75,77
4637,CBCA203,72,72,83,69,80,82,76,77
4637,CBCA204,79,82,84,75,73,78,79,77
4638,CBCA201,83,73,70,74,70,78,75,79
4638,CBCA202,76,88,84,82,73,79,80,79
4638,CBCA203,72,87,79,82,84,78,80,79
4638,CBCA204,90,73,80,77,78,82,80,79
4639,CBCA201,61,55,62,55,53,61,58,61
4639,CBCA202,59,67,67,56,58,51,60,61
4639,CBCA203,60,62,62,55,60,64,61,61
4639,CBCA204,71,62,65,61,67,59,64,61
4640,CBCA201,73,72,79,78,81,85,78,78
4640,CBCA202,78,84,73,84,79,78,79,78
4640,CBCA203,79,74,86,83,80,76,80,78
4640,CBCA204,80,73,83,71,81,73,77,78
4641,CBCA201,56,55,54,51,49,42,51,53
4641,CBCA202,50,56,48,58,55,47,52,53
4641,CBCA203,59,53,52,62,51,52,55,53
4641,CBCA204,48,49,57,55,55,56,53,53
4642,CBCA201,52,37,37,40,43,39,41,44
4642,CBCA202,40,37,38,44,43,44,41,44
4642,CBCA203,40,35,37,50,44,44,42,44
4642,CBCA204,52,42,58,52,47,51,50,44
4643,CBCA201,66,74,75,77,76,73,74,74
4643,CBCA202,75,78,78,64,82,70,75,74
4643,CBCA203,70,77,76,76,75,76,75,74
4643,CBCA204,65,72,84,73,68,68,72,74
4644,CBCA201,57,56,66,64,60,65,61,60
4644,CBCA202,57,56,53,58,67,64,59,60
4644,CBCA203,56,56,67,57,55,62,59,60
4644,CBCA204,60,60,62,56,66,65,62,60
4645,CBCA201,100,100,100,100,95,100,99,97
4645,CBCA202,98,99,91,97,100,93,96,97
4645,CBCA203,93,97,95,98,95,99,96,97
4645,CBCA204,89,100,91,100,97,100,96,97
4646,CBCA201,87,96,92,90,91,84,90,89
4646,CBCA202,78,86,92,86,91,89,87,89
4646,CBCA203,94,93,93,84,78,85,88,89
4646,CBCA204,92,86,86,97,93,84,90,89
4647,CBCA201,62,55,50,47,51,45,52,50
4647,CBCA202,60,51,53,53,47,57,54,50
4647,CBCA203,53,46,45,50,46,48,48,50
4647,CBCA204,48,40,46,52,47,45,46,50
4648,CBCA201,68,80,72,67,78,78,74,69
4648,CBCA202,61,67,70,64,72,69,67,69
4648,CBCA203,67,64,61,65,70,67,66,69
4648,CBCA204,64,66,65,68,81,75,70,69
4649,CBCA201,29,23,35,28,17,34,28,28
4649,CBCA202,27,24,36,33,31,23,29,28
4649,CBCA203,30,32,31,26,27,25,29,28
4649,CBCA204,27,30,27,30,15,29,26,28
4650,CBCA201,92,92,86,100,94,90,92,91
4650,CBCA202,89,97,89,84,83,97,90,91
4650,CBCA203,88,83,100,98,84,93,91,91
4650,CBCA204,99,88,96,100,86,79,91,91
4651,CBCA201,75,77,81,75,80,75,77,80
4651,CBCA202,84,74,83,75,84,85,81,80
4651,CBCA203,73,76,88,81,83,72,79,80
4651,CBCA204,79,85,85,73,89,86,83,80
4652,CBCA201,81,88,83,77,90,80,83,81
4652,CBCA202,84,77,86,80,78,84,82,81
4652,CBCA203,81,73,71,79,76,81,77,81
4652,CBCA204,83,90,79,80,77,79,81,81
4653,CBCA201,93,93,86,91,87,93,91,92
4653,CBCA202,85,94,89,88,97,97,92,92
4653,CBCA203,99,91,93,97,89,87,93,92
4653,CBCA204,88,94,100,95,100,90,95,92
4654,CBCA201,24,18,22,18,25,16,21,18
4654,CBCA202,12,19,21,16,22,9,17,18
4654,CBCA203,21,17,15,20,22,19,19,18
4654,CBCA204,15,18,17,7,20,27,17,18
4655,CBCA201,44,45,51,51,49,54,49,50
4655,CBCA202,57,53,47,41,49,57,51,50
4655,CBCA203,50,55,58,45,47,53,51,50
4655,CBCA204,53,45,44,47,49,56,49,50
4656,CBCA201,54,51,55,56,60,59,56,54
4656,CBCA202,58,49,57,61,48,55,55,54
4656,CBCA203,54,57,47,56,51,48,52,54
4656,CBCA204,53,53,49,48,52,54,52,54
4657,CBCA201,71,60,61,62,67,64,64,61
4657,CBCA202,65,52,64,63,53,59,59,61
4657,CBCA203,64,62,59,64,65,59,62,61
4657,CBCA204,51,64,66,58,53,57,58,61
4658,CBCA201,85,80,85,95,85,80,85,86
4658,CBCA202,83,84,80,86,86,94,86,86
4658,CBCA203,83,91,77,83,90,94,86,86
4658,CBCA204,83,87,86,85,91,93,88,86
4659,CBCA201,96,100,100,100,100,98,99,98
4659,CBCA202,95,99,93,100,98,91,96,98
4659,CBCA203,98,96,100,100,100,95,98,98
4659,CBCA204,100,100,100,100,98,94,99,98
4660,CBCA201,63,59,72,56,60,61,62,61
4660,CBCA202,69,58,60,63,61,60,62,61
4660,CBCA203,52,65,72,62,61,57,62,61
4660,CBCA204,63,59,55,58,53,63,59,61
4661,CBCA201,41,40,42,43,35,34,39,39
4661,CBCA202,41,44,32,37,38,36,38,39
4661,CBCA203,46,40,34,40,38,42,40,39
4661,CBCA204,37,34,42,33,36,48,38,39
4662,CBCA201,73,63,81,69,71,77,72,72
4662,CBCA202,70,81,70,75,68,67,72,72
4662,CBCA203,67,69,67,71,66,77,70,72
4662,CBCA204,78,73,69,74,75,74,74,72
4663,CBCA201,62,60,64,65,64,54,62,62
4663,CBCA202,63,57,60,65,61,65,62,62
4663,CBCA203,72,55,63,65,59,70,64,62
4663,CBCA204,65,62,55,60,55,62,60,62
4664,CBCA201,44,50,46,47,55,54,49,52
4664,CBCA202,58,50,50,48,50,41,50,52
4664,CBCA203,53,55,56,47,52,59,54,52
4664,CBCA204,55,62,45,54,46,62,54,52
4665,CBCA201,83,80,79,83,82,87,82,85
4665,CBCA202,89,87,86,92,86,84,87,85
4665,CBCA203,77,82,89,84,89,85,84,85
4665,CBCA204,88,88,85,88,86,84,87,85
4666,CBCA201,48,52,42,51,51,50,49,49
4666,CBCA202,50,40,49,43,49,45,46,49
4666,CBCA203,51,57,41,47,49,48,49,49
4666,CBCA204,54,45,43,50,56,53,50,49
4667,CBCA201,86,90,92,94,93,95,92,91
4667,CBCA202,83,91,95,91,89,93,90,91
4667,CBCA203,86,97,90,93,88,93,91,91
4667,CBCA204,93,95,82,89,94,94,91,91
4668,CBCA201,9,7,11,11,3,1,7,7
4668,CBCA202,8,11,11,3,3,0,6,7
4668,CBCA203,7,8,8,5,10,9,8,7
4668,CBCA204,6,5,15,10,0,4,7,7
4669,CBCA201,46,50,45,55,54,60,52,53
4669,CBCA202,59,45,58,62,60,50,56,53
4669,CBCA203,57,54,61,45,53,51,54,53
4669,CBCA204,61,51,57,47,47,48,52,53
4670,CBCA201,85,75,67,74,72,77,75,75
4670,CBCA202,69,70,69,74,79,75,73,75
4670,CBCA203,79,82,71,83,72,75,77,75
4670,CBCA204,74,71,78,76,82,82,77,75
4671,CBCA201,77,82,86,75,68,74,77,77
4671,CBCA202,75,80,69,78,76,71,75,77
4671,CBCA203,81,80,84,83,82,80,82,77
4671,CBCA204,76,82,66,78,75,79,76,77
4672,CBCA201,50,46,44,51,43,45,47,49
4672,CBCA202,45,52,46,53,50,51,50,49
4672,CBCA203,62,53,51,48,44,52,52,49
4672,CBCA204,44,43,45,46,50,56,47,49
4673,CBCA201,54,49,56,50,47,46,50,51
4673,CBCA202,50,56,49,59,57,49,53,51
4673,CBCA203,48,60,47,59,40,42,49,51
4673,CBCA204,49,48,44,53,58,57,52,51
4674,CBCA201,73,83,75,79,80,85,79,81
4674,CBCA202,82,75,76,86,84,90,82,81
4674,CBCA203,84,74,82,89,86,85,83,81
4674,CBCA204,77,84,79,79,83,84,81,81
4675,CBCA201,79,81,81,78,76,88,81,79
4675,CBCA202,81,72,76,83,80,87,80,79
4675,CBCA203,81,77,78,75,74,82,78,79
4675,CBCA204,70,75,74,84,80,78,77,79
4676,CBCA201,10,18,16,9,13,22,15,18
4676,CBCA202,20,28,16,11,28,21,21,18
4676,CBCA203,10,18,19,19,16,13,16,18
4676,CBCA204,26,21,14,24,13,28,21,18
4677,CBCA201,63,72,66,64,60,68,66,69
4677,CBCA202,77,63,75,64,61,66,68,69
4677,CBCA203,71,70,72,77,75,64,72,69
4677,CBCA204,69,65,77,70,80,75,73,69
4678,CBCA201,54,51,59,51,58,57,55,56
4678,CBCA202,61,58,62,50,60,58,58,56
4678,CBCA203,58,59,45,59,53,56,55,56
4678,CBCA204,60,58,57,55,54,44,55,56
4679,CBCA201,0,0,8,0,7,10,4,3
4679,CBCA202,0,0,4,5,0,4,2,3
4679,CBCA203,0,3,9,5,0,2,3,3
4679,CBCA204,0,1,0,7,3,0,2,3
4680,CBCA201,77,92,84,85,89,90,86,82
4680,CBCA202,87,81,87,86,88,89,86,82
4680,CBCA203,81,73,84,78,83,73,79,82
4680,CBCA204,76,74,86,83,77,71,78,82
4681,CBCA201,77,77,69,81,77,84,78,77
4681,CBCA202,79,75,80,77,76,80,78,77
4681,CBCA203,78,76,76,81,68,69,75,77
4681,CBCA204,78,81,69,74,77,77,76,77
4682,CBCA201,76,71,72,71,80,83,76,79
4682,CBCA202,72,85,80,84,79,74,79,79
4682,CBCA203,84,74,80,75,86,81,80,79
4682,CBCA204,72,80,87,84,79,81,81,79
4683,CBCA201,36,30,26,33,31,39,33,37
4683,CBCA202,40,40,39,37,33,44,39,37
4683,CBCA203,37,40,41,37,44,45,41,37
4683,CBCA204,38,33,29,42,40,31,36,37
4684,CBCA201,68,55,64,75,58,67,65,65
4684,CBCA202,56,65,68,56,68,71,64,65
4684,CBCA203,77,65,72,58,73,59,67,65
4684,CBCA204,63,58,55,66,63,73,63,65
4685,CBCA201,72,76,82,76,73,83,77,73
4685,CBCA202,64,75,80,70,73,74,73,73
4685,CBCA203,68,68,74,79,72,66,71,73
4685,CBCA204,72,71,71,77,73,73,73,73
4686,CBCA201,59,64,65,60,58,53,60,59
4686,CBCA202,62,53,54,64,69,64,61,59
4686,CBCA203,51,61,51,53,49,68,56,59
4686,CBCA204,56,66,60,52,59,56,58,59
4687,CBCA201,70,73,72,69,67,61,69,71
4687,CBCA202,68,73,69,74,70,68,70,71
4687,CBCA203,65,79,78,80,69,65,73,71
4687,CBCA204,70,70,73,79,76,63,72,71
4688,CBCA201,78,81,82,93,85,90,85,84
4688,CBCA202,85,81,73,96,75,83,82,84
4688,CBCA203,88,90,87,76,90,79,85,84
4688,CBCA204,82,88,78,85,76,94,84,84
4689,CBCA201,82,90,78,82,92,92,86,83
4689,CBCA202,83,72,83,80,81,80,80,83
4689,CBCA203,83,83,82,81,87,81,83,83
4689,CBCA204,76,88,76,80,89,88,83,83
4690,CBCA201,72,72,76,74,89,85,78,80
4690,CBCA202,78,78,83,83,86,84,82,80
4690,CBCA203,77,73,88,75,84,82,80,80
4690,CBCA204,85,75,75,76,80,80,79,80
4691,CBCA201,50,41,32,37,53,47,43,42
4691,CBCA202,40,33,40,37,49,41,40,42
4691,CBCA203,38,48,46,47,38,33,42,42
4691,CBCA204,49,44,33,43,49,40,43,42
4692,CBCA201,74,77,74,78,84,84,79,77
4692,CBCA202,80,69,71,78,80,75,76,77
4692,CBCA203,69,72,84,67,77,80,75,77
4692,CBCA204,83,78,85,76,75,73,78,77
4693,CBCA201,91,90,88,97,91,98,93,93
4693,CBCA202,100,98,91,90,97,81,93,93
4693,CBCA203,87,95,87,92,89,91,90,93
4693,CBCA204,100,96,86,89,100,99,95,93
4694,CBCA201,10,12,4,2,19,13,10,10
4694,CBCA202,11,15,11,3,7,10,10,10
4694,CBCA203,6,14,2,7,19,14,10,10
4694,CBCA204,14,15,12,7,13,0,10,10
4695,CBCA201,32,33,25,22,19,25,26,27
4695,CBCA202,31,30,26,30,37,26,30,27
4695,CBCA203,26,23,32,26,26,26,27,27
4695,CBCA204,27,22,26,19,35,26,26,27
4696,CBCA201,100,100,92,96,89,100,96,96
4696,CBCA202,96,97,99,92,95,99,96,96
4696,CBCA203,100,88,100,98,100,93,97,96
4696,CBCA204,100,100,100,89,95,93,96,96
4697,CBCA201,97,87,84,81,92,93,89,91
4697,CBCA202,94,93,86,88,93,96,92,91
4697,CBCA203,87,90,98,92,93,85,91,91
4697,CBCA204,91,94,91,89,94,94,92,91
4698,CBCA201,93,88,90,96,82,90,90,88
4698,CBCA202,90,85,78,87,91,87,86,88
4698,CBCA203,86,88,78,88,88,87,86,88
4698,CBCA204,96,82,96,99,86,85,91,88
4699,CBCA201,74,71,59,78,74,73,72,71
4699,CBCA202,62,63,72,68,76,76,70,71
4699,CBCA203,66,70,68,71,74,70,70,71
4699,CBCA204,65,78,65,80,75,76,73,71
4700,CBCA201,71,67,75,81,72,68,72,71
4700,CBCA202,65,78,70,69,66,68,69,71
4700,CBCA203,76,71,61,70,74,72,71,71
4700,CBCA204,60,75,79,82,64,70,72,71
4701,CBCA201,56,58,70,57,64,61,61,64
4701,CBCA202,68,65,72,64,68,60,66,64
4701,CBCA203,62,69,58,59,73,67,65,64
4701,CBCA204,66,69,66,61,62,67,65,64
4702,CBCA201,92,100,95,100,98,97,97,96
4702,CBCA202,95,93,98,94,91,100,95,96
4702,CBCA203,96,100,100,95,92,97,97,96
4702,CBCA204,92,93,95,98,100,100,96,96
4703,CBCA201,90,90,100,100,100,100,97,98
4703,CBCA202,97,95,100,100,98,99,98,98
4703,CBCA203,100,99,100,100,100,98,100,98
4703,CBCA204,100,100,100,100,100,97,100,98
4704,CBCA201,58,48,53,50,47,53,52,52
4704,CBCA202,57,48,50,56,46,45,50,52
4704,CBCA203,53,53,53,63,50,56,55,52
4704,CBCA204,51,49,61,46,45,49,50,52
4705,CBCA201,66,63,70,72,71,61,67,70
4705,CBCA202,79,82,69,65,64,72,72,70
4705,CBCA203,67,73,67,69,64,76,69,70
4705,CBCA204,73,76,73,70,70,79,74,70
4706,CBCA201,92,93,87,96,90,96,92,94
4706,CBCA202,90,98,98,96,100,99,97,94
4706,CBCA203,98,95,87,87,97,87,92,94
4706,CBCA204,93,86,95,90,99,97,93,94
4707,CBCA201,33,34,27,41,31,35,34,35
4707,CBCA202,43,39,31,28,26,35,34,35
4707,CBCA203,41,31,36,43,32,39,37,35
4707,CBCA204,45,24,39,40,32,33,36,35
4708,CBCA201,66,67,73,73,65,78,70,72
4708,CBCA202,76,73,74,70,70,68,72,72
4708,CBCA203,77,69,68,75,75,72,73,72
4708,CBCA204,70,73,70,78,72,69,72,72
4709,CBCA201,97,95,92,99,89,85,93,94
4709,CBCA202,93,94,99,92,92,94,94,94
4709,CBCA203,92,90,100,86,95,100,94,94
4709,CBCA204,93,87,95,99,100,92,94,94
4710,CBCA201,52,56,61,44,50,48,52,52
4710,CBCA202,55,47,60,49,56,53,53,52
4710,CBCA203,54,48,51,59,51,52,53,52
4710,CBCA204,45,56,51,53,60,47,52,52
4711,CBCA201,47,47,49,49,47,47,48,47
4711,CBCA202,45,44,54,51,45,48,48,47
4711,CBCA203,39,52,40,47,51,48,46,47
4711,CBCA204,42,52,52,40,52,42,47,47
4712,CBCA201,83,67,66,73,81,81,75,73
4712,CBCA202,68,68,74,75,73,71,72,73
4712,CBCA203,76,72,74,70,64,78,72,73
4712,CBCA204,63,80,78,71,67,78,73,73
4713,CBCA201,41,43,59,53,53,53,50,49
4713,CBCA202,41,43,43,50,44,48,45,49
4713,CBCA203,40,54,53,39,52,48,48,49
4713,CBCA204,58,50,50,58,55,53,54,49
4714,CBCA201,95,84,86,93,84,86,88,89
4714,CBCA202,89,84,86,98,84,87,88,89
4714,CBCA203,79,86,92,94,98,89,90,89
4714,CBCA204,89,94,92,80,93,92,90,89
4715,CBCA201,84,92,100,98,99,95,95,95
4715,CBCA202,98,100,98,98,100,97,99,95
4715,CBCA203,95,93,93,100,91,92,94,95
4715,CBCA204,92,87,100,85,100,94,93,95
4716,CBCA201,0,2,5,6,0,0,2,3
4716,CBCA202,2,0,0,3,3,8,3,3
4716,CBCA203,4,0,7,0,0,7,3,3
4716,CBCA204,0,10,0,0,4,0,2,3
4717,CBCA201,34,43,36,37,43,30,37,38
4717,CBCA202,43,37,48,44,40,39,42,38
4717,CBCA203,38,31,28,33,39,41,35,38
4717,CBCA204,36,40,29,43,34,38,37,38
4718,CBCA201,87,100,99,96,96,95,96,93
4718,CBCA202,84,97,95,84,90,95,91,93
4718,CBCA203,95,94,91,94,95,88,93,93
4718,CBCA204,92,100,92,89,87,89,92,93
4719,CBCA201,96,81,97,94,82,80,88,91
4719,CBCA202,90,96,95,90,88,97,93,91
4719,CBCA203,92,82,92,95,81,97,90,91
4719,CBCA204,96,97,78,99,92,87,92,91
4720,CBCA201,80,80,69,72,77,76,76,78
4720,CBCA202,82,75,74,87,79,79,79,78
4720,CBCA203,72,82,84,83,68,75,77,78
4720,CBCA204,82,75,84,84,82,67,79,78
4721,CBCA201,86,88,94,87,89,87,89,92
4721,CBCA202,92,93,85,97,92,99,93,92
4721,CBCA203,99,97,96,88,98,96,96,92
4721,CBCA204,99,87,88,87,95,96,92,92
4722,CBCA201,56,57,53,61,51,67,58,57
4722,CBCA202,64,50,62,48,49,47,53,57
4722,CBCA203,63,62,54,63,52,56,58,57
4722,CBCA204,59,57,62,64,56,53,59,57
4723,CBCA201,63,76,72,74,79,68,72,72
4723,CBCA202,66,83,79,81,64,69,74,72
4723,CBCA203,64,75,63,67,79,70,70,72
4723,CBCA204,73,81,71,70,79,68,74,72
4724,CBCA201,60,42,53,56,55,54,53,51
4724,CBCA202,42,57,48,46,58,54,51,51
4724,CBCA203,41,53,52,46,55,47,49,51
4724,CBCA204,47,52,45,53,51,52,50,51
4725,CBCA201,80,68,73,81,75,71,75,70
4725,CBCA202,66,78,60,68,60,73,68,70
4725,CBCA203,60,71,65,68,72,71,68,70
4725,CBCA204,60,72,73,70,81,63,70,70
4726,CBCA201,70,77,73,79,83,67,75,77
4726,CBCA202,75,79,75,81,77,77,77,77
4726,CBCA203,79,72,81,78,77,72,77,77
4726,CBCA204,77,83,80,79,80,75,79,77
4727,CBCA201,76,80,77,80,93,94,83,84
4727,CBCA202,89,82,85,77,86,81,83,84
4727,CBCA203,78,76,86,93,89,82,84,84
4727,CBCA204,87,85,83,79,90,88,85,84
4728,CBCA201,20,11,13,22,15,25,18,18
4728,CBCA202,25,13,16,13,23,27,20,18
4728,CBCA203,13,24,15,18,16,21,18,18
4728,CBCA204,19,15,25,8,8,19,16,18
4729,CBCA201,65,65,74,57,65,75,67,67
4729,CBCA202,62,67,70,76,71,65,69,67
4729,CBCA203,66,61,69,71,71,69,68,67
4729,CBCA204,59,63,67,64,68,72,66,67
4730,CBCA201,37,31,31,32,35,32,33,33
4730,CBCA202,36,30,43,34,34,30,35,33
4730,CBCA203,35,22,28,39,28,22,29,33
4730,CBCA204,41,35,27,30,34,40,35,33
4731,CBCA201,89,89,83,87,84,88,87,89
4731,CBCA202,84,95,79,97,86,91,89,89
4731,CBCA203,94,91,91,89,86,91,90,89
4731,CBCA204,87,81,96,90,93,95,90,89
4732,CBCA201,78,76,70,82,76,74,76,78
4732,CBCA202,90,73,81,84,80,82,82,78
4732,CBCA203,82,70,79,78,74,78,77,78
4732,CBCA204,73,74,79,74,75,87,77,78
4733,CBCA201,6,5,8,9,6,0,6,5
4733,CBCA202,9,0,4,0,8,0,4,5
4733,CBCA203,6,0,0,4,5,10,4,5
4733,CBCA204,2,11,0,8,10,0,5,5
4734,CBCA201,47,37,39,43,28,36,38,38
4734,CBCA202,30,37,34,34,44,48,38,38
4734,CBCA203,29,40,38,37,46,37,38,38
4734,CBCA204,30,30,45,41,32,44,37,38
4735,CBCA201,10,17,17,12,5,0,10,9
4735,CBCA202,14,7,19,16,13,4,12,9
4735,CBCA203,5,8,13,15,1,0,7,9
4735,CBCA204,4,6,4,13,2,4,6,9
4736,CBCA201,78,84,84,80,81,89,83,83
4736,CBCA202,79,85,83,82,91,85,84,83
4736,CBCA203,85,91,81,87,77,84,84,83
4736,CBCA204,87,86,73,85,77,89,83,83
4737,CBCA201,90,78,100,92,88,92,90,88
4737,CBCA202,81,91,81,90,85,91,87,88
4737,CBCA203,82,83,96,88,85,93,88,88
4737,CBCA204,85,98,81,84,82,97,88,88
4738,CBCA201,44,40,39,46,46,51,44,44
4738,CBCA202,46,47,48,48,41,39,45,44
4738,CBCA203,35,49,45,52,45,47,46,44
4738,CBCA204,47,35,50,41,43,43,43,44
4739,CBCA201,63,68,61,64,53,61,62,61
4739,CBCA202,54,53,69,58,61,68,61,61
4739,CBCA203,58,55,56,65,63,63,60,61
4739,CBCA204,61,60,66,59,65,59,62,61
4740,CBCA201,33,26,28,33,34,33,31,33
4740,CBCA202,34,40,37,33,27,32,34,33
4740,CBCA203,27,38,32,37,36,31,34,33
4740,CBCA204,25,36,38,36,39,34,35,33
4741,CBCA201,39,27,31,32,34,36,33,36
4741,CBCA202,38,29,36,34,40,35,35,36
4741,CBCA203,35,34,40,34,44,39,38,36
4741,CBCA204,34,47,25,44,37,34,37,36
4742,CBCA201,0,1,0,0,0,10,2,3
4742,CBCA202,7,0,7,2,3,0,3,3
4742,CBCA203,2,7,0,0,7,4,3,3
4742,CBCA204,4,1,2,4,1,0,2,3
4743,CBCA201,35,39,34,41,46,36,39,38
4743,CBCA202,44,42,50,34,37,35,40,38
4743,CBCA203,37,31,29,32,37,32,33,38
4743,CBCA204,40,35,44,36,41,36,39,38
4744,CBCA201,55,56,67,62,52,55,58,59
4744,CBCA202,68,62,53,57,61,63,61,59
4744,CBCA203,56,63,59,61,54,55,58,59
4744,CBCA204,69,54,63,50,55,60,59,59
4745,CBCA201,90,84,87,89,91,86,88,87
4745,CBCA202,88,82,75,84,80,90,83,87
4745,CBCA203,88,90,86,85,90,89,88,87
4745,CBCA204,94,91,88,90,94,76,89,87
4746,CBCA201,61,57,53,48,63,59,57,58
4746,CBCA202,58,64,58,52,49,66,58,58
4746,CBCA203,58,61,57,58,60,61,59,58
4746,CBCA204,51,57,67,51,64,51,57,58
4747,CBCA201,20,5,6,8,8,17,11,11
4747,CBCA202,13,10,10,15,11,14,12,11
4747,CBCA203,10,13,12,14,3,22,12,11
4747,CBCA204,17,9,14,4,11,8,11,11
4748,CBCA201,37,29,38,47,43,43,40,37
4748,CBCA202,30,39,33,33,26,37,33,37
4748,CBCA203,35,40,47,31,37,43,39,37
4748,CBCA204,32,43,42,31,36,39,37,37
4749,CBCA201,91,82,76,75,90,88,84,86
4749,CBCA202,90,91,86,80,84,79,85,86
4749,CBCA203,80,89,92,92,94,80,88,86
4749,CBCA204,89,77,87,87,95,84,87,86
4750,CBCA201,73,89,85,77,82,82,81,85
4750,CBCA202,88,91,88,93,85,85,88,85
4750,CBCA203,88,87,87,83,93,84,87,85
4750,CBCA204,84,78,84,88,82,84,83,85
4751,CBCA201,85,78,77,80,75,79,79,82
4751,CBCA202,80,76,83,79,91,87,83,82
4751,CBCA203,75,80,73,92,94,84,83,82
4751,CBCA204,81,75,90,77,85,88,83,82
4752,CBCA201,87,91,97,94,91,91,92,95
4752,CBCA202,100,96,92,93,100,93,96,95
4752,CBCA203,95,100,96,100,97,98,98,95
4752,CBCA204,96,89,100,100,88,99,95,95
4753,CBCA201,90,96,88,87,86,89,89,91
4753,CBCA202,99,90,100,84,90,84,91,91
4753,CBCA203,93,92,87,96,93,87,91,91
4753,CBCA204,89,98,83,92,89,100,92,91
4754,CBCA201,76,88,81,77,80,81,81,83
4754,CBCA202,83,83,91,78,79,85,83,83
4754,CBCA203,86,79,94,84,90,87,87,83
4754,CBCA204,75,81,85,83,89,87,83,83
4755,CBCA201,75,54,65,69,55,64,64,65
4755,CBCA202,64,64,64,67,65,61,64,65
4755,CBCA203,68,58,64,68,59,72,65,65
4755,CBCA204,66,68,61,58,72,72,66,65
4756,CBCA201,65,65,61,58,67,66,64,63
4756,CBCA202,71,66,58,66,65,64,65,63
4756,CBCA203,63,70,66,60,54,57,62,63
4756,CBCA204,56,59,63,66,53,75,62,63
4757,CBCA201,95,82,89,88,94,86,89,86
4757,CBCA202,85,95,84,87,84,85,87,86
4757,CBCA203,83,83,88,84,88,80,84,86
4757,CBCA204,84,76,91,86,88,82,85,86
4758,CBCA201,28,18,19,26,17,30,23,22
4758,CBCA202,16,13,25,23,28,33,23,22
4758,CBCA203,23,24,27,26,19,14,22,22
4758,CBCA204,20,25,17,25,21,19,21,22
4759,CBCA201,33,38,32,41,42,46,39,38
4759,CBCA202,34,29,33,39,41,34,35,38
4759,CBCA203,42,40,42,34,37,32,38,38
4759,CBCA204,47,41,39,37,30,42,39,38
4760,CBCA201,72,80,72,64,82,85,76,74
4760,CBCA202,68,79,74,78,69,83,75,74
4760,CBCA203,73,83,77,68,77,71,75,74
4760,CBCA204,71,84,67,75,64,70,72,74
4761,CBCA201,7,12,7,12,12,18,11,13
4761,CBCA202,9,6,9,8,22,20,12,13
4761,CBCA203,20,17,15,15,21,21,18,13
4761,CBCA204,13,10,14,20,12,2,12,13
4762,CBCA201,87,99,100,92,86,100,94,94
4762,CBCA202,89,88,86,84,89,96,89,94
4762,CBCA203,95,100,100,98,96,98,98,94
4762,CBCA204,98,92,95,97,100,92,96,94
4763,CBCA201,75,78,68,74,69,69,72,74
4763,CBCA202,69,82,75,71,76,80,76,74
4763,CBCA203,71,71,71,74,80,66,72,74
4763,CBCA204,75,72,79,76,77,70,75,74
4764,CBCA201,73,90,82,81,85,85,83,81
4764,CBCA202,87,73,81,86,85,85,83,81
4764,CBCA203,80,71,86,90,82,83,82,81
4764,CBCA204,79,74,69,80,90,76,78,81
4765,CBCA201,63,71,62,74,66,80,69,70
4765,CBCA202,81,71,67,72,74,71,73,70
4765,CBCA203,66,66,71,67,74,75,70,70
4765,CBCA204,64,75,67,61,65,73,68,70
4766,CBCA201,64,59,71,66,68,65,66,66
4766,CBCA202,72,65,69,59,58,77,67,66
4766,CBCA203,67,74,62,68,66,61,66,66
4766,CBCA204,66,60,68,65,67,65,65,66
4767,CBCA201,57,64,57,49,50,52,55,55
4767,CBCA202,54,53,46,54,57,60,54,55
4767,CBCA203,58,56,51,59,59,59,57,55
4767,CBCA204,56,52,52,63,62,51,56,55
4768,CBCA201,80,67,68,67,67,61,68,71
4768,CBCA202,68,71,74,79,73,72,73,71
4768,CBCA203,69,70,67,74,77,76,72,71
4768,CBCA204,60,81,64,77,77,71,72,71
4769,CBCA201,70,72,63,67,78,64,69,71
4769,CBCA202,61,64,77,64,70,77,69,71
4769,CBCA203,79,70,80,78,77,65,75,71
4769,CBCA204,71,77,63,69,71,70,70,71
4770,CBCA201,46,49,53,50,38,53,48,48
4770,CBCA202,41,53,51,51,45,40,47,48
4770,CBCA203,45,50,48,50,49,40,47,48
4770,CBCA204,44,49,46,40,56,60,49,48
4771,CBCA201,12,14,16,7,10,0,10,10
4771,CBCA202,16,6,13,9,5,11,10,10
4771,CBCA203,12,9,4,15,9,1,8,10
4771,CBCA204,10,12,13,4,10,17,11,10
4772,CBCA201,69,55,55,55,66,68,61,60
4772,CBCA202,62,54,63,59,58,67,61,60
4772,CBCA203,60,62,70,63,54,66,63,60
4772,CBCA204,57,54,50,51,50,60,54,60
4773,CBCA201,82,92,77,72,87,89,83,84
4773,CBCA202,79,88,82,78,84,90,84,84
4773,CBCA203,83,94,88,82,85,75,85,84
4773,CBCA204,82,87,94,89,75,88,86,84
4774,CBCA201,15,23,28,10,20,27,21,22
4774,CBCA202,24,21,12,23,26,19,21,22
4774,CBCA203,24,20,29,23,20,29,24,22
4774,CBCA204,25,29,14,9,20,27,21,22
4775,CBCA201,93,99,90,82,89,100,92,92
4775,CBCA202,99,98,93,91,87,97,94,92
4775,CBCA203,100,100,97,88,95,95,96,92
4775,CBCA204,84,85,81,88,87,94,87,92
4776,CBCA201,16,5,1,7,0,14,7,9
4776,CBCA202,11,0,6,9,12,16,9,9
4776,CBCA203,15,12,13,6,14,0,10,9
4776,CBCA204,10,13,9,9,0,7,8,9
4777,CBCA201,71,71,71,67,65,68,69,69
4777,CBCA202,68,72,78,63,64,74,70,69
4777,CBCA203,67,70,73,65,76,66,70,69
4777,CBCA204,71,72,64,70,69,65,69,69
4778,CBCA201,55,68,67,67,58,53,61,63
4778,CBCA202,60,66,63,60,55,64,61,63
4778,CBCA203,67,72,57,56,54,70,63,63
4778,CBCA204,64,61,72,63,60,70,65,63
4779,CBCA201,70,72,69,64,72,75,70,65
4779,CBCA202,74,69,69,57,66,65,67,65
4779,CBCA203,62,72,64,62,65,61,64,65
4779,CBCA204,65,59,61,55,54,59,59,65
4780,CBCA201,85,83,79,85,85,89,84,87
4780,CBCA202,90,84,84,92,86,84,87,87
4780,CBCA203,84,85,82,85,82,92,85,87
4780,CBCA204,89,93,83,84,97,94,90,87
4781,CBCA201,29,25,25,19,26,27,25,21
4781,CBCA202,11,20,19,24,14,16,17,21
4781,CBCA203,18,22,23,28,19,25,23,21
4781,CBCA204,21,21,19,15,25,24,21,21
4782,CBCA201,25,28,23,23,27,25,25,24
4782,CBCA202,26,23,30,24,13,23,23,24
4782,CBCA203,30,31,18,17,29,25,25,24
4782,CBCA204,14,21,28,15,28,26,22,24
4783,CBCA201,45,48,50,54,54,58,52,51
4783,CBCA202,47,49,50,42,51,62,50,51
4783,CBCA203,51,55,49,48,43,60,51,51
4783,CBCA204,44,41,56,57,52,50,50,51
4784,CBCA201,50,52,53,55,48,57,53,54
4784,CBCA202,62,48,54,62,55,52,56,54
4784,CBCA203,51,46,54,62,57,53,54,54
4784,CBCA204,60,47,49,63,51,63,56,54
4785,CBCA201,70,62,66,69,61,71,67,64
4785,CBCA202,57,61,56,72,66,66,63,64
4785,CBCA203,66,57,61,73,59,66,64,64
4785,CBCA204,58,71,56,59,65,63,62,64
4786,CBCA201,36,30,40,40,45,35,38,38
4786,CBCA202,40,39,36,31,38,41,38,38
4786,CBCA203,40,36,40,41,35,35,38,38
4786,CBCA204,39,46,32,42,31,34,37,38
4787,CBCA201,68,60,70,60,60,64,64,65
4787,CBCA202,70,62,68,62,65,76,67,65
4787,CBCA203,71,57,69,72,62,57,65,65
4787,CBCA204,63,67,61,65,64,65,64,65
4788,CBCA201,32,46,31,39,31,42,37,39
4788,CBCA202,41,36,43,43,40,33,39,39
4788,CBCA203,34,41,34,43,43,40,39,39
4788,CBCA204,44,41,34,43,36,38,39,39
4789,CBCA201,85,84,78,90,84,77,83,84
4789,CBCA202,85,84,85,83,89,76,84,84
4789,CBCA203,76,77,91,82,87,91,84,84
4789,CBCA204,76,83,89,92,76,91,85,84
4790,CBCA201,66,83,75,80,72,79,76,78
4790,CBCA202,80,74,80,73,82,81,78,78
4790,CBCA203,86,75,76,81,78,71,78,78
4790,CBCA204,85,76,80,80,79,77,80,78
4791,CBCA201,63,64,65,77,75,65,68,70
4791,CBCA202,74,80,72,67,70,71,72,70
4791,CBCA203,70,69,66,74,77,74,72,70
4791,CBCA204,74,72,68,72,62,64,69,70
4792,CBCA201,67,69,63,71,72,54,66,66
4792,CBCA202,60,64,69,69,69,72,67,66
4792,CBCA203,69,73,65,53,67,65,65,66
4792,CBCA204,68,73,63,62,64,64,66,66
4793,CBCA201,48,57,47,62,50,61,54,56
4793,CBCA202,59,54,55,57,56,68,58,56
4793,CBCA203,51,60,58,51,57,59,56,56
4793,CBCA204,53,60,49,60,54,56,55,56
4794,CBCA201,91,89,84,87,82,90,87,86
4794,CBCA202,82,91,87,88,82,84,86,86
4794,CBCA203,85,89,79,89,88,89,87,86
4794,CBCA204,94,88,86,81,86,82,86,86
4795,CBCA201,89,83,91,83,90,85,87,87
4795,CBCA202,95,79,90,84,92,88,88,87
4795,CBCA203,86,74,82,90,87,91,85,87
4795,CBCA204,94,87,92,89,83,77,87,87
4796,CBCA201,42,50,49,60,46,55,50,51
4796,CBCA202,51,56,47,41,53,47,49,51
4796,CBCA203,55,53,49,55,56,55,54,51
4796,CBCA204,57,54,54,45,47,47,51,51
4797,CBCA201,100,100,100,100,100,100,100,98
4797,CBCA202,89,90,100,100,100,99,96,98
4797,CBCA203,93,98,91,97,96,100,96,98
4797,CBCA204,99,100,95,95,100,100,98,98
4798,CBCA201,67,69,74,77,67,78,72,71
4798,CBCA202,69,75,67,74,66,69,70,71
4798,CBCA203,74,75,79,78,61,73,73,71
4798,CBCA204,71,78,70,63,70,69,70,71
4799,CBCA201,82,80,78,77,70,65,75,76
4799,CBCA202,81,68,80,82,67,74,75,76
4799,CBCA203,77,87,70,76,77,70,76,76
4799,CBCA204,83,85,86,78,71,69,79,76
4800,CBCA201,78,93,85,92,90,72,85,84
4800,CBCA202,78,72,85,93,82,87,83,84
4800,CBCA203,87,87,84,80,86,81,84,84
4800,CBCA204,79,86,86,81,93,75,83,84
4801,CBCA201,41,44,52,47,42,51,46,47
4801,CBCA202,43,53,54,43,46,38,46,47
4801,CBCA203,46,55,42,53,47,43,48,47
4801,CBCA204,47,43,55,49,45,54,49,47
4802,CBCA201,76,75,72,66,76,59,71,68
4802,CBCA202,60,74,70,75,68,69,69,68
4802,CBCA203,60,65,69,72,67,71,67,68
4802,CBCA204,67,64,59,74,71,62,66,68
4803,CBCA201,82,80,82,80,78,81,81,84
4803,CBCA202,76,86,85,75,81,85,81,84
4803,CBCA203,77,83,85,74,90,87,83,84
4803,CBCA204,91,91,90,85,95,87,90,84
4804,CBCA201,81,93,91,86,87,88,88,88
4804,CBCA202,97,84,89,81,92,87,88,88
4804,CBCA203,92,82,99,90,83,92,90,88
4804,CBCA204,100,90,81,84,84,89,88,88
4805,CBCA201,92,87,96,83,85,89,89,88
4805,CBCA202,80,82,95,87,92,89,88,88
4805,CBCA203,93,79,84,82,88,87,86,88
4805,CBCA204,80,94,96,92,90,84,89,88
4806,CBCA201,4,13,7,0,1,5,5,6
4806,CBCA202,1,12,4,10,5,10,7,6
4806,CBCA203,11,0,3,15,8,6,7,6
4806,CBCA204,8,8,11,3,0,10,7,6
4807,CBCA201,48,55,56,59,55,61,56,57
4807,CBCA202,63,55,60,56,58,62,59,57
4807,CBCA203,56,54,53,51,60,54,55,57
4807,CBCA204,64,53,63,50,58,53,57,57
4808,CBCA201,72,65,78,59,74,63,69,69
4808,CBCA202,65,70,69,71,69,70,69,69
4808,CBCA203,64,75,74,64,70,69,69,69
4808,CBCA204,73,75,71,64,68,63,69,69
4809,CBCA201,100,100,92,100,99,100,99,98
4809,CBCA202,100,96,98,95,100,100,98,98
4809,CBCA203,100,90,93,100,96,100,97,98
4809,CBCA204,99,100,95,100,100,99,99,98
4810,CBCA201,18,24,16,23,21,18,20,20
4810,CBCA202,19,16,23,21,29,21,22,20
4810,CBCA203,17,12,18,19,18,20,17,20
4810,CBCA204,30,11,16,22,29,17,21,20
4811,CBCA201,72,86,71,74,71,71,74,76
4811,CBCA202,84,75,69,80,70,85,77,76
4811,CBCA203,69,72,78,84,82,70,76,76
4811,CBCA204,75,74,82,69,76,81,76,76
4812,CBCA201,94,84,89,93,90,85,89,86
4812,CBCA202,95,83,85,77,80,83,84,86
4812,CBCA203,90,83,80,84,86,88,85,86
4812,CBCA204,74,82,87,91,89,83,84,86
4813,CBCA201,92,97,94,97,100,100,97,95
4813,CBCA202,86,97,97,87,98,93,93,95
4813,CBCA203,100,97,96,93,88,97,95,95
4813,CBCA204,90,89,100,93,96,91,93,95
4814,CBCA201,79,79,72,90,80,83,81,79
4814,CBCA202,71,81,76,68,77,78,75,79
4814,CBCA203,88,81,72,76,76,84,80,79
4814,CBCA204,82,82,87,79,74,84,81,79
4815,CBCA201,64,52,63,54,55,59,58,61
4815,CBCA202,59,65,53,62,69,57,61,61
4815,CBCA203,56,57,60,67,66,63,62,61
4815,CBCA204,65,68,57,70,59,67,64,61
4816,CBCA201,78,82,79,74,80,75,78,77
4816,CBCA202,73,77,78,87,76,74,78,77
4816,CBCA203,73,68,78,72,77,76,74,77
4816,CBCA204,86,81,74,74,83,81,80,77
4817,CBCA201,25,26,28,24,26,25,26,27
4817,CBCA202,29,25,36,35,33,24,30,27
4817,CBCA203,28,27,27,23,29,17,25,27
4817,CBCA204,24,29,32,24,28,34,29,27
4818,CBCA201,53,62,54,57,61,58,58,59
4818,CBCA202,55,51,67,58,55,66,59,59
4818,CBCA203,57,56,65,65,49,64,59,59
4818,CBCA204,62,57,64,59,63,57,60,59
4819,CBCA201,54,56,57,57,48,47,53,54
4819,CBCA202,63,59,48,59,51,64,57,54
4819,CBCA203,56,55,48,51,55,47,52,54
4819,CBCA204,43,60,56,61,65,45,55,54
4820,CBCA201,85,85,85,85,84,93,86,88
4820,CBCA202,80,90,84,87,90,98,88,88
4820,CBCA203,83,99,87,84,89,90,89,88
4820,CBCA204,85,88,91,86,92,94,89,88
4821,CBCA201,82,83,74,91,84,83,83,81
4821,CBCA202,75,87,82,73,91,88,83,81
4821,CBCA203,87,75,75,76,72,87,79,81
4821,CBCA204,83,70,74,74,84,84,78,81
4822,CBCA201,72,65,66,60,60,66,65,66
4822,CBCA202,68,57,72,59,59,60,63,66
4822,CBCA203,72,76,65,67,64,61,68,66
4822,CBCA204,64,65,64,71,73,76,69,66
4823,CBCA201,27,40,44,42,42,36,39,37
4823,CBCA202,35,44,33,27,47,30,36,37
4823,CBCA203,29,35,48,43,35,37,38,37
4823,CBCA204,36,35,37,32,33,41,36,37
4824,CBCA201,86,75,80,79,78,80,80,81
4824,CBCA202,76,85,86,83,86,79,83,81
4824,CBCA203,79,84,75,78,81,89,81,81
4824,CBCA204,82,85,90,72,79,88,83,81
4825,CBCA201,55,68,59,63,67,58,62,60
4825,CBCA202,52,64,56,57,55,60,57,60
4825,CBCA203,70,51,59,63,60,63,61,60
4825,CBCA204,54,65,51,69,51,61,59,60
4826,CBCA201,63,56,69,55,62,56,60,64
4826,CBCA202,68,70,69,62,62,68,67,64
4826,CBCA203,65,72,65,64,65,58,65,64
4826,CBCA204,56,65,62,67,66,61,63,64
4827,CBCA201,48,56,50,44,49,50,50,53
4827,CBCA202,53,53,55,49,49,50,52,53
4827,CBCA203,62,63,46,57,55,62,58,53
4827,CBCA204,52,43,64,58,60,55,55,53
4828,CBCA201,81,88,88,90,85,86,86,84
4828,CBCA202,78,81,89,82,80,77,81,84
4828,CBCA203,84,82,84,84,84,92,85,84
4828,CBCA204,81,83,88,88,78,92,85,84
4829,CBCA201,70,71,68,68,76,72,71,71
4829,CBCA202,67,76,76,64,76,70,72,71
4829,CBCA203,70,71,79,71,65,68,71,71
4829,CBCA204,68,73,81,65,74,75,73,71
4830,CBCA201,1,0,0,4,9,2,3,5
4830,CBCA202,4,11,12,0,3,4,6,5
4830,CBCA203,4,5,4,4,0,4,4,5
4830,CBCA204,6,15,0,16,0,14,9,5
4831,CBCA201,51,49,54,49,47,41,49,50
4831,CBCA202,41,46,48,47,53,53,48,50
4831,CBCA203,49,44,56,60,39,53,50,50
4831,CBCA204,44,60,55,57,57,46,53,50
4832,CBCA201,83,84,79,82,90,79,83,81
4832,CBCA202,74,78,76,87,87,82,81,81
4832,CBCA203,74,77,80,79,85,86,80,81
4832,CBCA204,91,83,70,74,84,73,79,81
4833,CBCA201,19,26,15,15,27,28,22,20
4833,CBCA202,19,20,25,14,18,20,19,20
4833,CBCA203,17,27,21,23,23,16,21,20
4833,CBCA204,17,24,12,25,19,21,20,20
4834,CBCA201,58,61,68,55,59,62,61,60
4834,CBCA202,71,58,59,60,61,65,62,60
4834,CBCA203,65,54,57,59,58,52,58,60
4834,CBCA204,62,63,60,60,56,67,61,60
4835,CBCA201,63,48,59,61,52,59,57,58
4835,CBCA202,56,65,48,64,52,63,58,58
4835,CBCA203,61,49,59,47,67,67,58,58
4835,CBCA204,58,60,66,59,54,61,60,58
4836,CBCA201,90,93,93,84,81,97,90,89
4836,CBCA202,97,85,82,100,87,88,90,89
4836,CBCA203,91,97,78,91,97,84,90,89
4836,CBCA204,86,84,91,83,84,88,86,89
4837,CBCA201,71,78,85,80,79,78,79,81
4837,CBCA202,79,91,84,85,80,78,83,81
4837,CBCA203,78,87,78,82,81,79,81,81
4837,CBCA204,84,83,78,76,72,90,81,81
4838,CBCA201,78,70,74,69,65,66,70,72
4838,CBCA202,78,85,64,66,68,77,73,72
4838,CBCA203,74,70,76,70,68,68,71,72
4838,CBCA204,72,71,69,75,71,79,73,72
4839,CBCA201,87,81,75,82,82,85,82,82
4839,CBCA202,87,87,85,84,86,75,84,82
4839,CBCA203,90,82,75,80,80,75,80,82
4839,CBCA204,72,84,69,84,87,91,81,82
4840,CBCA201,77,77,84,84,72,80,79,79
4840,CBCA202,77,86,82,74,81,74,79,79
4840,CBCA203,85,70,87,75,82,76,79,79
4840,CBCA204,86,74,82,75,72,76,78,79
4841,CBCA201,49,43,43,44,48,53,47,46
4841,CBCA202,46,45,45,44,38,51,45,46
4841,CBCA203,42,54,44,44,36,45,44,46
4841,CBCA204,55,55,40,48,52,41,49,46
4842,CBCA201,65,59,55,64,50,51,57,59
4842,CBCA202,69,63,51,63,52,63,60,59
4842,CBCA203,64,68,63,55,61,51,60,59
4842,CBCA204,63,52,60,56,57,52,57,59
4843,CBCA201,41,43,36,28,29,34,35,37
4843,CBCA202,35,31,37,42,46,46,40,37
4843,CBCA203,35,33,38,29,40,30,34,37
4843,CBCA204,46,39,27,36,43,40,39,37
4844,CBCA201,59,68,68,58,55,69,63,68
4844,CBCA202,68,71,62,67,74,69,69,68
4844,CBCA203,72,68,72,74,69,64,70,68
4844,CBCA204,78,71,66,76,70,68,72,68
4845,CBCA201,34,40,28,40,25,24,32,33
4845,CBCA202,38,42,43,40,43,34,40,33
4845,CBCA203,24,33,32,34,33,42,33,33
4845,CBCA204,26,36,28,22,25,33,28,33
4846,CBCA201,45,53,50,35,37,40,43,46
4846,CBCA202,44,54,43,48,44,51,47,46
4846,CBCA203,41,53,49,48,43,44,46,46
4846,CBCA204,47,41,48,40,52,44,45,46
4847,CBCA201,9,25,27,21,26,27,23,21
4847,CBCA202,26,17,16,25,19,18,20,21
4847,CBCA203,20,14,15,23,21,23,19,21
4847,CBCA204,27,17,23,18,27,18,22,21
4848,CBCA201,85,87,89,79,93,74,85,85
4848,CBCA202,82,89,82,78,90,87,85,85
4848,CBCA203,93,90,84,80,82,90,87,85
4848,CBCA204,83,79,85,93,88,76,84,85
4849,CBCA201,76,67,77,78,71,67,73,76
4849,CBCA202,75,75,69,80,75,89,77,76
4849,CBCA203,75,74,69,84,76,67,74,76
4849,CBCA204,84,76,82,75,80,74,79,76
4850,CBCA201,53,54,64,54,54,52,55,54
4850,CBCA202,47,55,53,52,66,57,55,54
4850,CBCA203,59,56,59,59,47,56,56,54
4850,CBCA204,50,51,53,47,54,48,51,54
4851,CBCA201,50,49,56,57,47,55,52,53
4851,CBCA202,55,52,46,53,51,50,51,53
4851,CBCA203,48,58,59,47,53,55,53,53
4851,CBCA204,57,41,47,57,58,59,53,53
4852,CBCA201,17,12,14,22,15,17,16,14
4852,CBCA202,12,14,6,18,14,17,14,14
4852,CBCA203,17,8,15,21,6,9,13,14
4852,CBCA204,16,15,18,11,6,15,14,14
4853,CBCA201,20,30,28,31,28,35,29,30
4853,CBCA202,27,39,25,22,26,33,29,30
4853,CBCA203,29,27,34,37,36,35,33,30
4853,CBCA204,25,33,33,37,30,28,31,30
4854,CBCA201,52,55,64,56,53,56,56,59
4854,CBCA202,62,52,59,63,61,59,59,59
4854,CBCA203,70,63,52,69,60,57,62,59
4854,CBCA204,52,62,57,64,59,64,60,59
4855,CBCA201,97,89,93,93,98,95,94,94
4855,CBCA202,82,100,90,88,94,99,92,94
4855,CBCA203,100,90,99,100,84,95,95,94
4855,CBCA204,95,95,100,89,87,97,94,94
4856,CBCA201,57,55,53,55,65,63,58,59
4856,CBCA202,63,58,59,66,67,58,62,59
4856,CBCA203,60,55,53,57,57,65,58,59
4856,CBCA204,55,64,54,55,61,56,58,59
4857,CBCA201,73,85,78,88,69,83,79,76
4857,CBCA202,86,72,76,75,73,78,77,76
4857,CBCA203,71,74,76,71,77,75,74,76
4857,CBCA204,82,70,72,74,70,86,76,76
4858,CBCA201,100,91,91,100,92,100,96,97
4858,CBCA202,99,100,100,100,100,93,99,97
4858,CBCA203,96,99,100,91,94,97,96,97
4858,CBCA204,92,97,100,94,100,100,97,97
4859,CBCA201,97,100,100,91,96,100,97,97
4859,CBCA202,88,99,99,100,100,100,98,97
4859,CBCA203,96,100,98,100,89,93,96,97
4859,CBCA204,99,98,100,100,100,91,98,97
4860,CBCA201,15,26,23,23,27,29,24,23
4860,CBCA202,32,15,35,19,25,22,25,23
4860,CBCA203,31,13,18,16,29,26,22,23
4860,CBCA204,22,20,17,24,22,19,21,23
4861,CBCA201,78,78,73,78,86,82,79,80
4861,CBCA202,84,90,84,82,72,76,81,80
4861,CBCA203,72,78,84,87,80,78,80,80
4861,CBCA204,73,88,71,81,86,81,80,80
4862,CBCA201,77,71,83,71,78,74,76,76
4862,CBCA202,79,85,74,79,78,71,78,76
4862,CBCA203,83,81,73,74,72,75,76,76
4862,CBCA204,82,66,72,73,74,70,73,76
4863,CBCA201,36,42,36,44,28,38,37,37
4863,CBCA202,35,41,28,37,43,41,38,37
4863,CBCA203,35,41,46,36,34,37,38,37
4863,CBCA204,27,38,42,38,36,40,37,37
4864,CBCA201,82,79,90,76,86,79,82,84
4864,CBCA202,76,86,88,78,83,94,84,84
4864,CBCA203,87,82,87,82,80,95,86,84
4864,CBCA204,86,86,82,87,76,90,85,84
4865,CBCA201,75,69,74,72,71,71,72,68
4865,CBCA202,68,69,72,62,72,61,67,68
4865,CBCA203,64,73,67,63,61,60,65,68
4865,CBCA204,72,72,71,68,72,64,70,68
4866,CBCA201,55,57,65,67,70,65,63,61
4866,CBCA202,60,60,50,63,61,63,60,61
4866,CBCA203,60,59,61,50,67,56,59,61
4866,CBCA204,61,63,64,68,58,58,62,61
4867,CBCA201,65,53,66,60,72,71,65,64
4867,CBCA202,58,63,56,68,60,72,63,64
4867,CBCA203,56,61,69,57,65,70,63,64
4867,CBCA204,62,67,71,68,63,59,65,64
4868,CBCA201,87,81,77,87,83,76,82,81
4868,CBCA202,78,79,87,79,75,82,80,81
4868,CBCA203,90,77,81,88,85,78,83,81
4868,CBCA204,81,86,78,70,90,73,80,81
4869,CBCA201,74,75,73,70,73,72,73,70
4869,CBCA202,65,66,69,71,74,66,69,70
4869,CBCA203,60,77,73,74,64,66,69,70
4869,CBCA204,73,71,66,67,64,74,69,70
4870,CBCA201,88,87,97,79,85,94,88,90
4870,CBCA202,90,88,93,92,86,99,91,90
4870,CBCA203,88,88,89,91,86,81,87,90
4870,CBCA204,94,91,95,95,92,83,92,90
4871,CBCA201,86,93,97,98,87,87,91,86
4871,CBCA202,75,85,94,90,78,88,85,86
4871,CBCA203,76,84,89,81,97,93,87,86
4871,CBCA204,84,82,85,83,86,76,83,86
4872,CBCA201,89,82,91,84,87,93,88,82
4872,CBCA202,73,75,81,80,93,75,80,82
4872,CBCA203,79,84,84,78,86,85,83,82
4872,CBCA204,88,73,81,78,74,78,79,82
4873,CBCA201,58,53,59,64,61,58,59,61
4873,CBCA202,66,69,59,65,69,51,63,61
4873,CBCA203,54,62,60,73,64,52,61,61
4873,CBCA204,57,58,62,69,57,71,62,61
4874,CBCA201,100,100,100,97,97,92,98,96
4874,CBCA202,100,92,94,94,95,100,96,96
4874,CBCA203,96,89,93,90,97,100,94,96
4874,CBCA204,100,100,100,92,100,97,98,96
4875,CBCA201,54,42,55,54,41,44,48,50
4875,CBCA202,54,53,45,53,56,51,52,50
4875,CBCA203,53,47,54,58,49,42,51,50
4875,CBCA204,42,52,55,50,45,54,50,50
4876,CBCA201,61,61,71,66,59,60,63,65
4876,CBCA202,67,67,63,66,70,64,66,65
4876,CBCA203,73,71,65,69,61,67,68,65
4876,CBCA204,62,67,63,66,59,71,65,65
4877,CBCA201,67,80,69,83,77,73,75,75
4877,CBCA202,82,73,71,76,77,73,75,75
4877,CBCA203,76,70,80,72,75,79,75,75
4877,CBCA204,81,71,75,77,71,75,75,75
4878,CBCA201,24,25,21,15,14,21,20,20
4878,CBCA202,23,14,11,20,22,9,17,20
4878,CBCA203,25,16,21,20,30,24,23,20
4878,CBCA204,23,13,22,15,23,21,20,20
4879,CBCA201,32,31,25,33,31,36,31,30
4879,CBCA202,23,27,35,31,35,25,29,30
4879,CBCA203,26,32,34,29,29,24,29,30
4879,CBCA204,30,30,22,22,33,36,29,30
4880,CBCA201,68,70,73,80,77,76,74,71
4880,CBCA202,72,73,77,69,74,69,72,71
4880,CBCA203,63,78,66,63,73,64,68,71
4880,CBCA204,74,73,68,79,65,69,71,71
4881,CBCA201,16,6,11,11,7,22,12,12
4881,CBCA202,8,24,6,22,20,11,15,12
4881,CBCA203,6,9,13,6,13,11,10,12
4881,CBCA204,10,6,17,14,21,5,12,12
4882,CBCA201,28,29,32,34,32,34,32,31
4882,CBCA202,25,33,42,22,34,39,33,31
4882,CBCA203,29,22,34,27,26,29,28,31
4882,CBCA204,36,24,25,30,36,36,31,31
4883,CBCA201,82,88,94,81,78,83,84,84
4883,CBCA202,85,78,80,87,86,88,84,84
4883,CBCA203,79,83,85,83,79,86,83,84
4883,CBCA204,84,88,86,74,79,91,84,84
4884,CBCA201,48,65,54,56,57,56,56,56
4884,CBCA202,54,58,61,45,59,52,55,56
4884,CBCA203,62,62,55,57,51,48,56,56
4884,CBCA204,56,62,53,58,60,46,56,56
4885,CBCA201,42,44,45,38,46,42,43,40
4885,CBCA202,42,41,40,29,37,35,37,40
4885,CBCA203,39,40,49,37,35,42,40,40
4885,CBCA204,39,46,32,48,42,38,41,40
4886,CBCA201,72,74,83,72,73,83,76,76
4886,CBCA202,84,72,76,81,79,74,78,76
4886,CBCA203,73,82,85,68,70,68,74,76
4886,CBCA204,74,72,72,75,80,78,75,76
4887,CBCA201,86,86,92,98,95,87,91,88
4887,CBCA202,90,79,100,98,89,89,91,88
4887,CBCA203,79,83,81,87,79,79,81,88
4887,CBCA204,85,88,86,94,88,88,88,88
4888,CBCA201,100,91,97,96,100,100,97,96
4888,CBCA202,100,100,100,94,89,93,96,96
4888,CBCA203,100,93,100,92,94,100,97,96
4888,CBCA204,90,100,100,89,93,93,94,96
4889,CBCA201,61,51,62,62,48,46,55,54
4889,CBCA202,50,58,48,56,62,56,55,54
4889,CBCA203,57,58,51,50,51,57,54,54
4889,CBCA204,56,55,45,47,55,47,51,54
4890,CBCA201,53,49,55,52,50,51,52,50
4890,CBCA202,53,51,58,48,46,42,50,50
4890,CBCA203,50,53,42,50,51,55,50,50
4890,CBCA204,47,45,56,46,45,49,48,50
4891,CBCA201,49,54,56,50,50,56,53,54
4891,CBCA202,58,53,49,56,64,54,56,54
4891,CBCA203,49,44,61,55,52,53,52,54
4891,CBCA204,47,58,49,60,46,61,54,54
4892,CBCA201,42,40,43,34,23,37,37,35
4892,CBCA202,32,30,34,42,40,35,36,35
4892,CBCA203,33,40,24,43,30,30,33,35
4892,CBCA204,31,31,32,37,38,34,34,35
4893,CBCA201,50,58,61,52,63,66,58,58
4893,CBCA202,52,61,50,56,58,57,56,58
4893,CBCA203,55,54,58,62,49,63,57,58
4893,CBCA204,59,63,63,52,59,62,60,58
4894,CBCA201,66,63,55,56,54,60,59,61
4894,CBCA202,62,64,62,68,62,65,64,61
4894,CBCA203,53,67,64,58,69,64,63,61
4894,CBCA204,56,60,57,55,62,71,60,61
4895,CBCA201,95,83,80,89,83,89,87,90
4895,CBCA202,95,90,95,91,95,93,93,90
4895,CBCA203,95,92,89,95,87,95,92,90
4895,CBCA204,97,89,86,84,91,89,89,90
4896,CBCA201,71,68,74,80,78,75,74,77
4896,CBCA202,81,84,80,76,78,66,78,77
4896,CBCA203,79,79,79,68,83,77,78,77
4896,CBCA204,80,77,81,86,77,79,80,77
4897,CBCA201,96,85,96,98,81,88,91,92
4897,CBCA202,90,94,91,99,93,95,94,92
4897,CBCA203,89,99,93,91,84,86,90,92
4897,CBCA204,85,91,98,89,97,100,93,92
4898,CBCA201,50,55,57,46,43,62,52,51
4898,CBCA202,43,48,54,56,48,56,51,51
4898,CBCA203,48,51,43,50,47,53,49,51
4898,CBCA204,54,50,47,61,59,49,53,51
4899,CBCA201,77,94,80,80,79,91,84,83
4899,CBCA202,81,85,72,86,83,92,83,83
4899,CBCA203,81,76,73,85,91,78,81,83
4899,CBCA204,80,89,81,83,85,90,85,83
4900,CBCA201,19,36,27,35,30,38,31,28
4900,CBCA202,31,37,22,26,23,33,29,28
4900,CBCA203,28,26,20,28,23,25,25,28
4900,CBCA204,24,24,24,27,25,30,26,28
4901,CBCA201,65,70,66,73,72,72,70,68
4901,CBCA202,67,63,64,69,63,70,66,68
4901,CBCA203,73,65,68,70,67,60,67,68
4901,CBCA204,63,68,63,67,67,75,67,68
4902,CBCA201,53,47,47,54,54,51,51,54
4902,CBCA202,63,61,59,58,46,60,58,54
4902,CBCA203,44,56,51,48,57,54,52,54
4902,CBCA204,51,61,56,52,59,45,54,54
4903,CBCA201,50,53,41,51,54,52,50,50
4903,CBCA202,43,45,53,49,51,53,49,50
4903,CBCA203,56,51,58,49,54,42,52,50
4903,CBCA204,48,46,48,54,42,57,49,50
4904,CBCA201,91,79,89,85,77,89,85,87
4904,CBCA202,77,89,95,87,73,95,86,87
4904,CBCA203,94,83,92,87,87,88,89,87
4904,CBCA204,89,87,88,85,92,82,87,87
4905,CBCA201,99,98,100,94,100,100,99,98
4905,CBCA202,97,98,93,93,95,100,96,98
4905,CBCA203,100,94,99,100,100,99,99,98
4905,CBCA204,100,100,100,94,95,96,98,98
4906,CBCA201,69,71,71,64,80,79,72,67
4906,CBCA202,75,62,60,73,71,67,68,67
4906,CBCA203,69,78,63,66,74,59,68,67
4906,CBCA204,66,61,60,60,59,60,61,67
4907,CBCA201,100,94,87,90,86,84,90,93
4907,CBCA202,100,100,95,94,100,94,97,93
4907,CBCA203,94,93,97,96,97,85,94,93
4907,CBCA204,93,89,84,88,98,90,90,93
4908,CBCA201,78,80,77,85,82,72,79,77
4908,CBCA202,70,84,77,77,80,67,76,77
4908,CBCA203,67,73,78,80,71,86,76,77
4908,CBCA204,70,77,80,74,88,77,78,77
4909,CBCA201,98,83,99,81,96,97,92,88
4909,CBCA202,80,91,85,87,92,92,88,88
4909,CBCA203,86,91,81,90,91,90,88,88
4909,CBCA204,87,80,83,85,93,83,85,88
4910,CBCA201,43,42,44,50,46,48,46,45
4910,CBCA202,48,38,45,38,40,51,43,45
4910,CBCA203,51,51,44,47,44,44,47,45
4910,CBCA204,42,45,43,49,49,46,46,45
4911,CBCA201,56,50,49,51,58,64,55,54
4911,CBCA202,55,49,55,46,54,62,54,54
4911,CBCA203,59,52,50,48,59,60,55,54
4911,CBCA204,55,62,54,50,51,52,54,54
4912,CBCA201,86,90,91,90,82,91,88,83
4912,CBCA202,85,84,83,75,82,80,82,83
4912,CBCA203,75,80,81,90,77,80,81,83
4912,CBCA204,83,89,75,77,95,74,82,83
4913,CBCA201,64,61,55,64,57,69,62,61
4913,CBCA202,55,55,67,66,59,63,61,61
4913,CBCA203,58,60,71,54,61,63,61,61
4913,CBCA204,58,60,62,63,58,59,60,61
4914,CBCA201,63,70,59,59,66,63,63,68
4914,CBCA202,66,74,64,65,75,70,69,68
4914,CBCA203,62,70,59,76,72,70,68,68
4914,CBCA204,67,79,64,69,68,73,70,68
4915,CBCA201,88,100,90,95,95,98,94,95
4915,CBCA202,94,90,92,98,92,94,93,95
4915,CBCA203,97,100,97,88,99,99,97,95
4915,CBCA204,100,91,91,98,97,87,94,95
4916,CBCA201,88,94,85,85,88,75,86,86
4916,CBCA202,82,83,83,91,95,96,88,86
4916,CBCA203,83,85,77,88,91,91,86,86
4916,CBCA204,92,77,87,89,85,84,86,86
4917,CBCA201,57,58,57,52,53,53,55,56
4917,CBCA202,65,54,50,49,49,64,55,56
4917,CBCA203,45,58,57,49,57,64,55,56
4917,CBCA204,60,54,57,55,63,57,58,56
4918,CBCA201,24,38,43,33,45,33,36,36
4918,CBCA202,34,41,40,29,44,29,36,36
4918,CBCA203,27,29,36,35,45,39,35,36
4918,CBCA204,32,33,28,43,37,37,35,36
4919,CBCA201,73,62,71,75,57,73,69,68
4919,CBCA202,70,77,72,71,73,62,71,68
4919,CBCA203,63,63,70,67,70,59,65,68
4919,CBCA204,64,60,67,70,67,66,66,68
4920,CBCA201,71,60,73,61,62,61,65,65
4920,CBCA202,67,64,65,72,66,72,68,65
4920,CBCA203,68,61,63,65,58,71,64,65
4920,CBCA204,67,65,63,68,58,65,64,65
4921,CBCA201,0,2,10,8,5,15,7,7
4921,CBCA202,0,8,3,14,5,6,6,7
4921,CBCA203,0,0,15,11,13,8,8,7
4921,CBCA204,10,2,11,11,3,2,7,7
4922,CBCA201,77,80,82,74,77,75,78,76
4922,CBCA202,72,83,80,79,75,68,76,76
4922,CBCA203,75,69,77,68,79,70,73,76
4922,CBCA204,76,77,76,87,71,74,77,76
4923,CBCA201,74,89,71,83,75,81,79,79
4923,CBCA202,78,78,71,74,77,81,77,79
4923,CBCA203,80,89,88,77,85,82,84,79
4923,CBCA204,77,72,81,76,81,70,76,79
4924,CBCA201,98,100,93,82,92,89,92,91
4924,CBCA202,89,90,88,80,91,94,89,91
4924,CBCA203,83,88,93,100,100,87,92,91
4924,CBCA204,87,87,91,90,94,100,92,91
4925,CBCA201,84,86,82,84,90,88,86,85
4925,CBCA202,87,82,89,82,94,86,87,85
4925,CBCA203,79,80,75,94,95,87,85,85
4925,CBCA204,77,75,87,76,93,96,84,85
4926,CBCA201,74,77,70,79,85,72,76,79
4926,CBCA202,82,72,79,72,79,84,78,79
4926,CBCA203,73,76,84,80,85,77,79,79
4926,CBCA204,84,88,86,78,79,77,82,79
4927,CBCA201,86,94,90,98,88,95,92,90
4927,CBCA202,82,94,86,92,89,86,88,90
4927,CBCA203,91,86,83,90,90,100,90,90
4927,CBCA204,91,87,90,89,98,84,90,90
4928,CBCA201,81,90,81,83,78,75,81,81
4928,CBCA202,76,84,86,80,74,80,80,81
4928,CBCA203,88,76,78,87,72,81,80,81
4928,CBCA204,87,82,78,76,77,86,81,81
4929,CBCA201,64,62,65,68,65,68,65,67
4929,CBCA202,66,67,67,58,68,70,66,67
4929,CBCA203,76,67,71,69,64,65,69,67
4929,CBCA204,56,78,70,63,65,70,67,67
4930,CBCA201,89,88,78,89,83,80,85,83
4930,CBCA202,79,89,88,85,89,89,87,83
4930,CBCA203,80,83,85,71,72,80,79,83
4930,CBCA204,80,92,78,71,86,85,82,83
4931,CBCA201,47,58,56,57,52,60,55,55
4931,CBCA202,52,50,53,53,59,55,54,55
4931,CBCA203,49,61,62,57,48,56,56,55
4931,CBCA204,61,54,55,52,64,55,57,55
4932,CBCA201,80,87,82,82,84,87,84,84
4932,CBCA202,95,83,85,80,92,91,88,84
4932,CBCA203,75,77,79,84,87,84,81,84
4932,CBCA204,83,87,89,77,85,81,84,84
4933,CBCA201,52,55,57,43,56,55,53,51
4933,CBCA202,57,52,46,45,46,43,48,51
4933,CBCA203,49,52,49,53,52,51,51,51
4933,CBCA204,47,52,54,49,50,63,53,51
4934,CBCA201,97,95,97,99,94,83,94,95
4934,CBCA202,93,93,92,82,90,100,92,95
4934,CBCA203,100,93,96,97,95,99,97,95
4934,CBCA204,95,98,100,89,97,96,96,95
4935,CBCA201,74,81,78,81,93,90,83,83
4935,CBCA202,82,83,78,86,86,84,83,83
4935,CBCA203,76,91,79,83,79,85,82,83
4935,CBCA204,82,86,76,86,83,88,84,83
4936,CBCA201,60,53,63,63,68,60,61,57
4936,CBCA202,62,57,49,58,60,61,58,57
4936,CBCA203,65,49,52,48,52,63,55,57
4936,CBCA204,54,64,52,47,58,55,55,57
4937,CBCA201,73,80,78,75,71,73,75,77
4937,CBCA202,79,78,83,81,81,75,80,77
4937,CBCA203,72,71,70,79,67,87,74,77
4937,CBCA204,83,69,78,73,80,83,78,77
4938,CBCA201,70,74,64,60,72,69,68,68
4938,CBCA202,66,74,65,69,63,76,69,68
4938,CBCA203,66,77,65,66,60,68,67,68
4938,CBCA204,77,65,62,75,60,57,66,68
4939,CBCA201,89,94,100,95,100,94,95,95
4939,CBCA202,93,94,92,100,93,90,94,95
4939,CBCA203,95,99,100,100,98,87,97,95
4939,CBCA204,100,99,89,98,85,91,94,95
4940,CBCA201,70,70,76,77,83,77,76,74
4940,CBCA202,81,78,80,81,79,78,80,74
4940,CBCA203,67,73,77,67,63,63,68,74
4940,CBCA204,76,71,77,69,69,75,73,74
4941,CBCA201,60,64,59,65,69,61,63,61
4941,CBCA202,49,60,63,66,60,66,61,61
4941,CBCA203,58,62,61,51,63,56,59,61
4941,CBCA204,64,57,58,68,59,58,61,61
4942,CBCA201,100,97,97,94,100,100,98,98
4942,CBCA202,100,100,100,100,100,99,100,98
4942,CBCA203,100,96,100,94,100,97,98,98
4942,CBCA204,92,100,96,91,94,98,95,98
4943,CBCA201,68,64,77,66,63,53,65,66
4943,CBCA202,64,62,70,74,63,63,66,66
4943,CBCA203,59,65,71,72,73,75,69,66
4943,CBCA204,64,57,60,74,59,58,62,66
4944,CBCA201,60,69,70,73,62,69,67,69
4944,CBCA202,66,73,60,71,70,64,67,69
4944,CBCA203,70,72,68,78,69,70,71,69
4944,CBCA204,70,77,70,68,67,76,71,69
4945,CBCA201,39,36,31,32,30,38,34,34
4945,CBCA202,28,36,26,31,31,42,32,34
4945,CBCA203,42,31,44,27,31,37,35,34
4945,CBCA204,38,39,32,37,34,30,35,34
4946,CBCA201,76,66,69,81,66,71,72,72
4946,CBCA202,73,65,69,76,68,65,69,72
4946,CBCA203,64,73,67,73,66,78,70,72
4946,CBCA204,72,84,74,76,70,79,76,72
4947,CBCA201,66,67,67,65,81,63,68,72
4947,CBCA202,82,74,75,73,74,77,76,72
4947,CBCA203,74,73,67,74,80,68,73,72
4947,CBCA204,73,67,70,65,77,69,70,72
4948,CBCA201,78,89,78,71,81,80,80,78
4948,CBCA202,76,86,78,72,82,86,80,78
4948,CBCA203,73,77,79,77,82,76,77,78
4948,CBCA204,79,75,69,80,85,71,77,78
4949,CBCA201,52,54,38,50,45,49,48,46
4949,CBCA202,46,53,42,37,36,53,45,46
4949,CBCA203,38,48,46,42,48,50,45,46
4949,CBCA204,47,46,51,43,56,42,48,46
4950,CBCA201,8,16,5,12,1,6,8,10
4950,CBCA202,17,9,12,2,13,11,11,10
4950,CBCA203,11,10,12,11,14,9,11,10
4950,CBCA204,16,13,12,18,10,3,12,10
4951,CBCA201,96,95,93,89,98,99,95,96
4951,CBCA202,94,100,99,100,97,100,98,96
4951,CBCA203,98,95,90,100,99,97,97,96
4951,CBCA204,98,90,84,96,99,89,93,96
4952,CBCA201,10,17,21,16,10,12,14,14
4952,CBCA202,8,22,21,17,14,16,16,14
4952,CBCA203,15,21,14,14,14,0,13,14
4952,CBCA204,3,12,11,14,14,13,11,14
4953,CBCA201,37,41,45,37,40,48,41,39
4953,CBCA202,35,36,28,36,40,34,35,39
4953,CBCA203,40,37,37,46,38,42,40,39
4953,CBCA204,42,33,42,41,39,39,39,39
4954,CBCA201,78,82,78,71,72,80,77,77
4954,CBCA202,73,72,78,77,82,80,77,77
4954,CBCA203,71,77,75,82,69,73,75,77
4954,CBCA204,76,77,82,75,76,80,78,77
4955,CBCA201,47,57,51,49,51,52,51,49
4955,CBCA202,42,46,47,50,43,48,46,49
4955,CBCA203,59,53,55,44,52,52,53,49
4955,CBCA204,42,46,49,53,39,59,48,49
4956,CBCA201,82,83,86,92,89,86,86,84
4956,CBCA202,83,95,75,87,83,79,84,84
4956,CBCA203,81,82,82,79,87,96,85,84
4956,CBCA204,80,78,87,95,76,83,83,84
4957,CBCA201,82,81,70,72,76,77,76,75
4957,CBCA202,72,73,75,81,78,69,75,75
4957,CBCA203,67,73,78,71,81,76,74,75
4957,CBCA204,80,68,71,81,77,71,75,75
4958,CBCA201,58,50,61,64,51,54,56,56
4958,CBCA202,56,57,60,59,46,57,56,56
4958,CBCA203,59,51,58,58,54,60,57,56
4958,CBCA204,44,61,50,65,51,53,54,56
4959,CBCA201,4,15,10,14,8,10,10,11
4959,CBCA202,4,5,14,13,8,8,9,11
4959,CBCA203,7,16,13,9,15,16,13,11
4959,CBCA204,17,18,14,8,8,18,14,11
4960,CBCA201,70,79,79,72,73,73,74,71
4960,CBCA202,65,62,76,66,72,68,68,71
4960,CBCA203,73,79,66,74,74,75,74,71
4960,CBCA204,64,78,71,73,72,61,70,71
4961,CBCA201,57,51,56,46,40,44,49,49
4961,CBCA202,55,46,53,46,47,48,49,49
4961,CBCA203,59,45,42,41,48,51,48,49
4961,CBCA204,46,54,50,52,51,45,50,49
4962,CBCA201,47,57,55,50,53,49,52,54
4962,CBCA202,61,54,54,58,53,49,55,54
4962,CBCA203,56,54,54,58,50,48,53,54
4962,CBCA204,57,57,57,48,50,60,55,54
4963,CBCA201,71,65,70,75,77,70,71,71
4963,CBCA202,76,74,67,75,65,65,70,71
4963,CBCA203,78,71,78,72,73,72,74,71
4963,CBCA204,61,62,69,67,74,75,68,71
4964,CBCA201,69,75,81,71,78,81,76,73
4964,CBCA202,75,82,65,71,66,74,72,73
4964,CBCA203,68,83,74,62,78,66,72,73
4964,CBCA204,66,74,75,73,77,70,73,73
4965,CBCA201,83,73,76,71,85,83,79,78
4965,CBCA202,73,70,79,73,79,84,76,78
4965,CBCA203,71,77,87,74,81,73,77,78
4965,CBCA204,85,83,78,81,83,80,82,78
4966,CBCA201,89,80,78,84,83,87,84,82
4966,CBCA202,74,89,85,81,79,74,80,82
4966,CBCA203,82,89,91,74,73,91,83,82
4966,CBCA204,79,75,79,89,87,81,82,82
4967,CBCA201,89,92,85,86,96,87,89,89
4967,CBCA202,94,96,93,82,85,92,90,89
4967,CBCA203,89,91,81,93,94,92,90,89
4967,CBCA204,88,88,82,90,90,83,87,89
4968,CBCA201,92,100,87,95,91,86,92,93
4968,CBCA202,96,95,86,88,100,93,93,93
4968,CBCA203,100,85,85,95,99,87,92,93
4968,CBCA204,99,93,90,94,98,100,96,93
4969,CBCA201,39,50,41,49,52,49,47,47
4969,CBCA202,44,40,42,44,50,49,45,47
4969,CBCA203,46,51,51,53,49,49,50,47
4969,CBCA204,51,45,44,54,45,48,48,47
4970,CBCA201,80,72,75,66,71,63,71,71
4970,CBCA202,64,79,77,73,72,73,73,71
4970,CBCA203,63,70,80,75,69,64,70,71
4970,CBCA204,74,65,65,70,69,69,69,71
4971,CBCA201,68,62,60,66,60,63,63,63
4971,CBCA202,68,66,66,62,53,59,62,63
4971,CBCA203,65,70,71,64,71,55,66,63
4971,CBCA204,68,67,53,60,54,63,61,63
4972,CBCA201,73,71,69,70,77,73,72,75
4972,CBCA202,66,81,79,68,75,70,73,75
4972,CBCA203,80,70,82,77,79,79,78,75
4972,CBCA204,76,84,69,78,81,69,76,75
4973,CBCA201,97,86,89,89,97,96,92,91
4973,CBCA202,90,87,84,88,97,82,88,91
4973,CBCA203,99,99,84,95,84,86,91,91
4973,CBCA204,94,96,93,86,93,98,93,91
4974,CBCA201,97,97,96,100,87,97,96,94
4974,CBCA202,96,91,92,94,98,84,93,94
4974,CBCA203,86,95,89,92,100,93,93,94
4974,CBCA204,96,92,100,95,97,85,94,94
4975,CBCA201,75,78,90,80,75,78,79,83
4975,CBCA202,90,92,78,88,78,81,85,83
4975,CBCA203,86,83,92,77,83,88,85,83
4975,CBCA204,85,74,90,83,85,74,82,83
4976,CBCA201,90,77,91,80,84,79,84,82
4976,CBCA202,76,87,88,83,84,86,84,82
4976,CBCA203,81,81,73,73,90,83,80,82
4976,CBCA204,88,75,91,75,78,83,82,82
4977,CBCA201,42,33,32,33,42,33,36,34
4977,CBCA202,29,26,35,34,27,36,31,34
4977,CBCA203,30,37,30,27,41,31,33,34
4977,CBCA204,35,32,32,40,28,42,35,34
4978,CBCA201,88,96,85,96,81,88,89,88
4978,CBCA202,84,95,86,91,92,83,89,88
4978,CBCA203,85,91,92,92,86,84,88,88
4978,CBCA204,83,88,97,84,89,83,87,88
4979,CBCA201,57,71,70,60,68,60,64,66
4979,CBCA202,69,57,71,62,62,63,64,66
4979,CBCA203,63,70,75,68,71,71,70,66
4979,CBCA204,65,66,66,67,66,69,67,66
4980,CBCA201,73,80,80,84,79,77,79,78
4980,CBCA202,74,80,75,79,77,81,78,78
4980,CBCA203,80,78,76,80,80,77,79,78
4980,CBCA204,69,76,82,72,79,79,76,78
4981,CBCA201,80,74,67,75,78,62,73,73
4981,CBCA202,75,67,69,76,73,72,72,73
4981,CBCA203,76,74,75,74,69,71,73,73
4981,CBCA204,75,71,75,81,75,67,74,73
4982,CBCA201,31,23,38,36,36,31,33,32
4982,CBCA202,30,29,28,34,33,41,33,32
4982,CBCA203,38,35,30,30,32,43,35,32
4982,CBCA204,32,31,30,27,26,32,30,32
4983,CBCA201,84,77,93,92,88,90,87,88
4983,CBCA202,88,83,96,90,85,90,89,88
4983,CBCA203,96,91,80,83,92,82,87,88
4983,CBCA204,80,95,90,84,94,93,89,88
4984,CBCA201,34,42,34,42,34,32,36,36
4984,CBCA202,40,37,33,38,31,38,36,36
4984,CBCA203,32,36,47,33,35,43,38,36
4984,CBCA204,41,44,33,32,33,30,36,36
4985,CBCA201,81,81,83,81,83,86,83,81
4985,CBCA202,78,88,78,80,79,81,81,81
4985,CBCA203,73,78,81,80,68,84,77,81
4985,CBCA204,82,81,81,83,84,80,82,81
4986,CBCA201,50,46,47,56,44,42,48,48
4986,CBCA202,45,41,49,55,43,45,46,48
4986,CBCA203,45,47,45,45,48,58,48,48
4986,CBCA204,46,53,60,47,41,59,51,48
4987,CBCA201,75,78,85,78,79,92,81,81
4987,CBCA202,83,78,81,75,80,74,79,81
4987,CBCA203,72,74,84,73,88,86,80,81
4987,CBCA204,81,85,82,77,88,87,83,81
4988,CBCA201,51,54,50,46,53,44,50,51
4988,CBCA202,45,54,53,49,53,52,51,51
4988,CBCA203,43,58,48,55,50,58,52,51
4988,CBCA204,51,42,51,49,53,55,50,51
4989,CBCA201,65,64,66,69,64,54,64,62
4989,CBCA202,62,66,57,66,57,64,62,62
4989,CBCA203,61,72,55,59,65,70,64,62
4989,CBCA204,50,56,58,63,54,66,58,62
4990,CBCA201,67,64,76,72,72,78,72,71
4990,CBCA202,77,66,64,66,71,72,69,71
4990,CBCA203,75,69,77,67,70,73,72,71
4990,CBCA204,65,74,69,79,72,68,71,71
4991,CBCA201,54,59,48,59,56,55,55,54
4991,CBCA202,57,52,54,60,52,44,53,54
4991,CBCA203,46,58,48,52,55,59,53,54
4991,CBCA204,54,53,54,46,52,62,54,54
4992,CBCA201,69,67,74,73,67,64,69,72
4992,CBCA202,78,70,75,74,81,69,75,72
4992,CBCA203,72,69,76,72,75,75,73,72
4992,CBCA204,72,69,67,80,66,77,72,72
4993,CBCA201,66,67,57,63,54,53,60,60
4993,CBCA202,55,66,57,71,59,60,61,60
4993,CBCA203,59,61,55,57,63,69,61,60
4993,CBCA204,58,64,53,64,54,66,60,60
4994,CBCA201,81,83,82,87,79,74,81,80
4994,CBCA202,76,81,74,83,83,89,81,80
4994,CBCA203,73,72,83,83,71,76,76,80
4994,CBCA204,81,84,83,75,74,84,80,80
4995,CBCA201,51,47,49,45,41,41,46,48
4995,CBCA202,48,49,54,54,49,39,49,48
4995,CBCA203,43,54,53,55,48,54,51,48
4995,CBCA204,47,43,40,41,49,59,47,48
4996,CBCA201,94,94,100,91,98,91,95,94
4996,CBCA202,94,100,90,98,100,92,96,94
4996,CBCA203,91,90,88,100,91,99,93,94
4996,CBCA204,84,98,88,94,98,97,93,94
4997,CBCA201,71,75,78,72,74,79,75,76
4997,CBCA202,74,84,72,77,80,79,78,76
4997,CBCA203,72,71,70,84,73,76,74,76
4997,CBCA204,69,88,72,74,78,79,77,76
4998,CBCA201,55,60,50,59,51,60,56,56
4998,CBCA202,48,48,64,57,62,51,55,56
4998,CBCA203,61,56,60,61,52,62,59,56
4998,CBCA204,49,54,60,50,56,51,53,56
4999,CBCA201,91,92,92,99,93,88,93,96
4999,CBCA202,96,94,100,90,100,100,97,96
4999,CBCA203,94,98,93,100,100,97,97,96
4999,CBCA204,99,98,90,100,100,96,97,96
5000,CBCA201,70,63,66,64,57,69,65,66
5000,CBCA202,67,74,73,57,65,68,67,66
5000,CBCA203,69,64,64,62,61,67,65,66
5000,CBCA204,58,65,69,70,72,78,69,66
